application_id,job_id,candidate_id,created_at,rule_score,rule_fit,llm_score,llm_model_version,recruiter_decision,decision_at
A000001,J0043,C00255,2026-04-04 01:51,0.561,medium,66,scorer-v2,hired,2026-04-25 10:46
A000002,J0006,C00054,2026-06-21 18:29,0.66,medium,74,scorer-v2,hired,2026-07-16 08:19
A000003,J0039,C00983,2026-01-23 06:06,0.577,medium,43,scorer-v1,interviewed,2026-02-02 09:03
A000004,J0054,C00975,2025-11-14 09:51,0.58,medium,42,scorer-v1,hired,2025-12-11 05:24
A000005,J0052,C00747,2025-10-23 04:11,0.681,medium,64,scorer-v1,hired,2025-11-20 20:58
A000006,J0016,C01113,2026-07-04 06:07,0.751,medium,86,scorer-v2,hired,2026-08-01 01:35
A000007,J0039,C01275,2025-12-25 08:52,0.755,medium,69,scorer-v1,,
A000008,J0025,C00221,2026-03-20 19:08,0.674,medium,86,scorer-v2,rejected,2026-04-04 21:47
A000009,J0066,C01108,2026-05-19 13:43,0.768,medium,79,scorer-v2,hired,2026-06-14 00:44
A000010,J0068,C01447,2025-10-26 13:21,0.624,medium,47,scorer-v1,hired,2025-11-17 23:26
A000011,J0002,C00293,2026-05-28 10:57,0.644,medium,76,scorer-v2,hired,2026-06-08 00:16
A000012,J0073,C01301,2025-12-19 02:56,0.656,medium,64,scorer-v1,rejected,2026-01-09 00:41
A000013,J0036,C00750,2026-04-09 20:57,0.155,low,67,scorer-v2,interviewed,2026-05-07 00:10
A000014,J0069,C00204,2026-01-09 16:42,0.759,medium,67,scorer-v1,hired,2026-01-25 20:16
A000015,J0044,C01216,2025-10-09 03:00,0.285,low,25,scorer-v1,interviewed,2025-10-27 11:25
A000016,J0037,C00792,2026-05-09 14:02,0.364,low,42,scorer-v2,rejected,2026-05-22 09:06
A000017,J0014,C01452,2025-10-30 10:37,0.364,low,10,scorer-v1,rejected,2025-11-29 04:54
A000018,J0056,C01035,2025-12-13 01:21,0.465,low,50,scorer-v1,rejected,2026-01-09 11:43
A000019,J0010,C00102,2026-04-08 00:26,0.583,medium,75,scorer-v2,hired,2026-04-26 02:18
A000020,J0018,C01418,2025-11-15 17:39,0.165,low,78,scorer-v1,hired,2025-12-10 08:30
A000021,J0076,C00271,2026-05-23 06:03,0.509,medium,67,scorer-v2,rejected,2026-05-31 03:41
A000022,J0077,C01239,2025-12-24 12:56,0.128,low,45,scorer-v1,rejected,2026-01-05 14:34
A000023,J0039,C00409,2026-04-02 11:30,0.519,medium,63,scorer-v2,interviewed,2026-04-20 21:02
A000024,J0060,C00035,2026-03-15 11:53,0.117,low,60,scorer-v2,rejected,2026-04-07 00:11
A000025,J0049,C00507,2026-06-16 04:54,0.644,medium,59,scorer-v2,hired,2026-07-04 11:55
A000026,J0063,C00465,2026-02-09 21:35,0.157,low,50,scorer-v1,rejected,2026-02-16 10:39
A000027,J0046,C00803,2025-09-11 10:01,0.76,medium,71,scorer-v1,hired,2025-10-01 08:36
A000028,J0067,C00975,2026-03-25 12:09,0.463,low,74,scorer-v2,rejected,2026-04-18 17:09
A000029,J0066,C01015,2026-04-04 13:09,0.55,medium,44,scorer-v2,hired,2026-04-13 11:59
A000030,J0068,C00202,2026-06-14 23:26,0.468,low,51,scorer-v2,rejected,2026-07-09 14:20
A000031,J0030,C00031,2025-10-13 05:42,0.117,low,60,scorer-v1,hired,2025-11-02 14:58
A000032,J0023,C00412,2026-03-30 16:22,0.667,medium,82,scorer-v2,interviewed,2026-04-08 00:29
A000033,J0052,C00217,2025-09-15 04:24,0.571,medium,68,scorer-v1,interviewed,2025-09-29 15:52
A000034,J0075,C01252,2026-02-28 22:19,0.162,low,60,scorer-v1,rejected,2026-03-30 10:57
A000035,J0042,C00040,2026-01-16 07:53,0.41,low,43,scorer-v1,hired,2026-02-09 22:42
A000036,J0009,C01079,2025-12-06 21:05,0.407,low,54,scorer-v1,rejected,2025-12-23 13:09
A000037,J0018,C00747,2026-05-23 21:48,0.04,low,66,scorer-v2,rejected,2026-06-23 14:33
A000038,J0073,C00407,2025-10-14 05:39,0.452,low,58,scorer-v1,hired,2025-11-03 06:05
A000039,J0073,C00515,2026-01-30 07:55,0.592,medium,68,scorer-v1,hired,2026-02-19 03:34
A000040,J0018,C01025,2026-03-31 08:02,0.171,low,61,scorer-v2,rejected,2026-04-11 19:54
A000041,J0042,C00346,2026-05-13 06:53,0.427,low,68,scorer-v2,hired,2026-05-19 21:31
A000042,J0003,C00989,2026-05-26 10:13,0.209,low,65,scorer-v2,hired,2026-06-25 06:18
A000043,J0050,C01489,2026-05-23 06:01,0.726,medium,89,scorer-v2,interviewed,2026-06-20 14:50
A000044,J0020,C00673,2026-04-16 11:21,0.512,medium,65,scorer-v2,interviewed,2026-04-24 07:57
A000045,J0061,C01458,2026-02-07 13:45,0.526,medium,47,scorer-v1,rejected,2026-02-11 14:23
A000046,J0052,C00283,2025-11-03 00:28,0.538,medium,72,scorer-v1,rejected,2025-11-25 11:09
A000047,J0007,C00148,2026-07-01 11:37,0.532,medium,79,scorer-v2,hired,2026-07-06 22:09
A000048,J0070,C01347,2026-06-20 03:37,0.727,medium,100,scorer-v2,interviewed,2026-07-10 16:53
A000049,J0032,C01308,2026-04-08 14:52,0.299,low,8,scorer-v2,rejected,2026-05-03 20:22
A000050,J0038,C00974,2026-04-21 03:03,0.702,medium,67,scorer-v2,,
A000051,J0025,C00628,2025-10-15 23:34,0.644,medium,65,scorer-v1,hired,2025-11-02 23:22
A000052,J0060,C00365,2026-04-06 10:43,0.188,low,45,scorer-v2,interviewed,2026-04-25 13:27
A000053,J0070,C01337,2026-04-17 07:39,1.0,good,97,scorer-v2,rejected,2026-05-06 17:10
A000054,J0018,C00100,2026-01-10 05:58,0.175,low,61,scorer-v1,rejected,2026-01-22 12:18
A000055,J0061,C00617,2026-04-01 14:19,0.596,medium,75,scorer-v2,,
A000056,J0078,C00625,2026-06-19 05:10,0.814,good,82,scorer-v2,hired,2026-07-01 07:53
A000057,J0056,C01395,2026-06-17 12:02,0.61,medium,60,scorer-v2,hired,2026-07-07 11:11
A000058,J0049,C01000,2026-07-18 01:38,0.715,medium,61,scorer-v2,interviewed,2026-07-21 12:30
A000059,J0064,C00675,2025-09-22 10:18,0.799,medium,82,scorer-v1,hired,2025-10-07 22:57
A000060,J0078,C01112,2026-06-04 15:59,0.704,medium,93,scorer-v2,hired,2026-06-30 01:21
A000061,J0074,C00675,2026-01-26 05:48,0.944,good,99,scorer-v1,hired,2026-02-07 16:24
A000062,J0035,C01167,2025-09-17 01:12,0.934,good,100,scorer-v1,hired,2025-10-06 11:28
A000063,J0025,C01229,2026-06-25 03:57,0.517,medium,49,scorer-v2,hired,2026-07-13 13:46
A000064,J0019,C00060,2026-01-01 18:28,0.646,medium,66,scorer-v1,interviewed,2026-01-28 21:25
A000065,J0046,C00421,2025-10-06 12:58,0.707,medium,82,scorer-v1,hired,2025-10-12 09:30
A000066,J0029,C00769,2026-01-15 17:15,0.907,good,67,scorer-v1,hired,2026-02-11 12:51
A000067,J0017,C01457,2025-12-01 16:12,0.48,low,62,scorer-v1,hired,2025-12-08 15:25
A000068,J0032,C00536,2026-03-16 04:23,0.859,good,68,scorer-v2,hired,2026-03-21 15:51
A000069,J0029,C01177,2025-09-07 10:14,0.378,low,58,scorer-v1,interviewed,2025-09-29 22:51
A000070,J0042,C01453,2026-04-12 07:28,0.373,low,80,scorer-v2,rejected,2026-04-30 02:23
A000071,J0052,C00212,2025-12-10 01:35,0.725,medium,72,scorer-v1,rejected,2026-01-02 13:23
A000072,J0019,C01037,2025-12-18 00:53,0.351,low,56,scorer-v1,rejected,2025-12-30 04:58
A000073,J0012,C00260,2025-09-18 12:26,0.139,low,62,scorer-v1,rejected,2025-10-02 20:28
A000074,J0034,C00559,2025-12-21 02:27,0.542,medium,50,scorer-v1,rejected,2026-01-09 10:23
A000075,J0051,C00779,2025-10-13 04:10,0.259,low,73,scorer-v1,interviewed,2025-10-25 02:39
A000076,J0004,C00181,2026-07-12 05:13,0.86,good,86,scorer-v2,hired,2026-07-15 16:21
A000077,J0050,C00883,2026-02-14 21:42,0.358,low,39,scorer-v1,rejected,2026-03-01 17:11
A000078,J0047,C00067,2026-01-31 05:41,0.139,low,59,scorer-v1,rejected,2026-02-15 09:16
A000079,J0032,C00107,2025-10-15 06:30,0.663,medium,83,scorer-v1,hired,2025-10-19 00:57
A000080,J0033,C00207,2025-10-16 23:30,0.528,medium,53,scorer-v1,interviewed,2025-11-07 02:19
A000081,J0057,C00532,2026-01-09 08:50,0.075,low,48,scorer-v1,rejected,2026-01-25 23:34
A000082,J0015,C00095,2025-11-19 07:12,0.679,medium,78,scorer-v1,hired,2025-12-19 08:39
A000083,J0021,C01220,2026-05-31 21:49,0.54,medium,34,scorer-v2,,
A000084,J0045,C00277,2026-03-25 15:47,0.069,low,78,scorer-v2,rejected,2026-04-05 00:51
A000085,J0015,C00544,2026-03-19 18:54,0.633,medium,57,scorer-v2,interviewed,2026-04-08 05:32
A000086,J0063,C01247,2026-05-05 17:42,0.236,low,70,scorer-v2,hired,2026-05-22 02:27
A000087,J0025,C00680,2026-01-15 03:24,0.326,low,45,scorer-v1,rejected,2026-02-11 23:16
A000088,J0043,C00989,2026-05-08 11:29,0.522,medium,66,scorer-v2,hired,2026-05-21 02:30
A000089,J0061,C00857,2026-07-02 18:58,0.396,low,64,scorer-v2,rejected,2026-07-22 09:10
A000090,J0017,C01122,2026-06-12 04:53,0.425,low,60,scorer-v2,rejected,2026-06-17 13:42
A000091,J0032,C01444,2026-02-05 11:20,0.493,low,52,scorer-v1,hired,2026-02-19 07:51
A000092,J0027,C01227,2026-04-20 12:14,0.357,low,33,scorer-v2,interviewed,2026-05-19 13:37
A000093,J0054,C01163,2026-03-17 07:48,0.7,medium,77,scorer-v2,hired,2026-03-25 09:17
A000094,J0039,C00556,2026-04-05 16:50,0.794,medium,87,scorer-v2,interviewed,2026-04-11 18:49
A000095,J0013,C00570,2025-09-05 22:30,0.065,low,49,scorer-v1,rejected,2025-09-29 08:30
A000096,J0033,C00504,2025-11-25 10:03,0.599,medium,66,scorer-v1,rejected,2025-12-23 23:12
A000097,J0036,C00493,2026-05-03 11:43,0.157,low,88,scorer-v2,hired,2026-06-01 16:42
A000098,J0043,C00815,2026-02-17 23:46,0.784,medium,61,scorer-v1,interviewed,2026-03-12 01:39
A000099,J0041,C00407,2026-04-21 07:26,0.672,medium,72,scorer-v2,rejected,2026-05-02 14:58
A000100,J0024,C00876,2025-11-05 05:25,0.412,low,37,scorer-v1,rejected,2025-11-12 14:35
A000101,J0042,C00758,2026-02-12 14:56,0.377,low,46,scorer-v1,interviewed,2026-03-11 20:44
A000102,J0030,C00623,2026-04-15 21:09,0.157,low,59,scorer-v2,rejected,2026-04-29 17:02
A000103,J0010,C00213,2026-05-08 02:01,0.775,medium,90,scorer-v2,,
A000104,J0028,C00805,2026-02-12 21:17,0.582,medium,38,scorer-v1,rejected,2026-02-26 09:06
A000105,J0039,C01313,2025-11-25 22:57,0.514,medium,61,scorer-v1,rejected,2025-12-03 05:43
A000106,J0026,C01295,2025-09-03 02:57,0.181,low,63,scorer-v1,rejected,2025-10-01 02:10
A000107,J0029,C01190,2026-02-03 01:42,0.543,medium,69,scorer-v1,rejected,2026-02-20 23:37
A000108,J0063,C01298,2026-04-09 11:48,0.094,low,53,scorer-v2,rejected,2026-04-12 12:46
A000109,J0067,C01346,2025-10-26 00:29,0.825,good,93,scorer-v1,hired,2025-11-25 09:31
A000110,J0049,C01464,2026-06-02 00:23,0.542,medium,68,scorer-v2,,
A000111,J0008,C00481,2025-12-04 10:04,0.148,low,45,scorer-v1,hired,2026-01-02 22:55
A000112,J0017,C01443,2026-01-22 07:43,0.752,medium,51,scorer-v1,hired,2026-02-15 10:35
A000113,J0015,C00019,2025-12-01 09:22,0.488,low,63,scorer-v1,rejected,2025-12-26 02:36
A000114,J0048,C00666,2026-02-05 23:04,0.217,low,16,scorer-v1,,
A000115,J0074,C00505,2025-12-22 20:30,0.797,medium,77,scorer-v1,hired,2025-12-31 07:32
A000116,J0040,C00733,2025-12-21 23:04,0.859,good,64,scorer-v1,interviewed,2025-12-26 22:33
A000117,J0059,C01272,2026-07-21 13:11,0.392,low,72,scorer-v2,rejected,2026-08-01 11:22
A000118,J0058,C00447,2025-12-27 15:01,1.0,good,97,scorer-v1,interviewed,2026-01-14 03:45
A000119,J0029,C01293,2026-05-06 14:34,0.365,low,72,scorer-v2,interviewed,2026-05-17 14:10
A000120,J0020,C01122,2026-01-04 02:50,0.452,low,66,scorer-v1,rejected,2026-01-23 22:16
A000121,J0022,C00919,2025-12-03 15:50,0.605,medium,56,scorer-v1,interviewed,2025-12-13 02:15
A000122,J0046,C00126,2025-11-23 10:14,0.842,good,69,scorer-v1,,
A000123,J0049,C01199,2026-06-01 10:09,0.586,medium,89,scorer-v2,hired,2026-06-08 04:06
A000124,J0007,C01194,2026-07-23 17:28,0.441,low,66,scorer-v2,rejected,2026-08-19 03:22
A000125,J0035,C00212,2026-06-07 09:28,0.527,medium,64,scorer-v2,rejected,2026-06-21 02:09
A000126,J0003,C00868,2026-04-11 09:48,0.161,low,64,scorer-v2,rejected,2026-04-14 23:51
A000127,J0071,C00897,2025-10-28 06:50,0.439,low,57,scorer-v1,rejected,2025-11-24 09:06
A000128,J0024,C00537,2025-12-08 10:36,0.362,low,43,scorer-v1,rejected,2026-01-01 06:47
A000129,J0011,C01268,2025-12-12 19:50,0.823,good,84,scorer-v1,interviewed,2025-12-26 21:20
A000130,J0019,C00165,2026-04-27 02:35,0.567,medium,67,scorer-v2,rejected,2026-05-18 17:35
A000131,J0074,C01094,2025-09-02 08:14,0.598,medium,52,scorer-v1,hired,2025-09-13 21:02
A000132,J0034,C00867,2026-04-15 07:36,0.205,low,39,scorer-v2,rejected,2026-04-25 20:50
A000133,J0050,C00578,2026-05-16 00:11,0.541,medium,64,scorer-v2,rejected,2026-06-03 06:01
A000134,J0054,C01048,2026-07-21 11:48,0.539,medium,91,scorer-v2,rejected,2026-08-01 16:33
A000135,J0002,C00621,2025-10-31 07:05,0.425,low,44,scorer-v1,rejected,2025-11-07 07:30
A000136,J0034,C00768,2025-10-20 13:40,0.632,medium,88,scorer-v1,interviewed,2025-11-10 15:07
A000137,J0074,C00020,2025-11-09 17:14,0.677,medium,92,scorer-v1,interviewed,2025-11-19 20:43
A000138,J0035,C00372,2026-03-08 02:58,0.299,low,55,scorer-v2,rejected,2026-03-17 08:15
A000139,J0068,C00282,2026-02-14 02:46,0.671,medium,62,scorer-v1,rejected,2026-02-23 12:00
A000140,J0014,C01389,2025-11-30 13:04,0.328,low,49,scorer-v1,rejected,2025-12-29 21:06
A000141,J0064,C00431,2026-05-01 09:28,0.76,medium,100,scorer-v2,interviewed,2026-05-07 11:28
A000142,J0054,C01234,2025-10-16 05:23,1.0,good,88,scorer-v1,hired,2025-10-23 03:25
A000143,J0041,C00443,2026-03-01 02:40,0.481,low,58,scorer-v2,rejected,2026-03-06 04:08
A000144,J0029,C00296,2026-04-16 01:04,0.533,medium,83,scorer-v2,rejected,2026-05-10 10:05
A000145,J0054,C00494,2026-03-25 13:37,0.572,medium,69,scorer-v2,interviewed,2026-04-23 07:52
A000146,J0069,C00045,2026-05-11 00:05,0.488,low,66,scorer-v2,interviewed,2026-05-24 17:45
A000147,J0037,C00066,2026-01-26 04:22,0.552,medium,46,scorer-v1,,
A000148,J0027,C01193,2026-03-27 05:45,0.671,medium,78,scorer-v2,interviewed,2026-04-21 16:33
A000149,J0031,C01375,2026-04-14 21:05,1.0,good,100,scorer-v2,interviewed,2026-05-10 08:49
A000150,J0011,C01234,2025-10-01 21:57,0.187,low,30,scorer-v1,rejected,2025-10-14 04:30
A000151,J0060,C00715,2026-06-22 22:49,0.107,low,55,scorer-v2,hired,2026-07-22 01:21
A000152,J0079,C00819,2025-11-20 01:14,0.518,medium,47,scorer-v1,hired,2025-11-29 17:17
A000153,J0047,C00796,2025-10-28 12:52,0.102,low,55,scorer-v1,interviewed,2025-11-14 09:13
A000154,J0032,C00009,2026-07-04 05:24,0.746,medium,97,scorer-v2,hired,2026-07-26 18:54
A000155,J0079,C00462,2026-07-07 16:05,0.541,medium,63,scorer-v2,interviewed,2026-07-24 02:46
A000156,J0023,C01023,2026-02-10 20:34,0.693,medium,65,scorer-v1,interviewed,2026-02-14 09:09
A000157,J0060,C00817,2025-10-05 13:48,0.139,low,62,scorer-v1,rejected,2025-10-11 13:10
A000158,J0059,C01036,2025-09-27 15:25,0.349,low,62,scorer-v1,hired,2025-10-06 09:04
A000159,J0078,C01082,2026-03-11 17:30,0.633,medium,76,scorer-v2,interviewed,2026-03-28 04:17
A000160,J0018,C01065,2025-09-28 12:38,0.115,low,57,scorer-v1,rejected,2025-10-27 19:48
A000161,J0066,C00585,2026-05-07 06:47,0.684,medium,84,scorer-v2,hired,2026-05-20 00:08
A000162,J0022,C00524,2026-07-10 18:22,0.566,medium,68,scorer-v2,rejected,2026-07-27 14:20
A000163,J0072,C00529,2026-02-18 22:34,0.828,good,82,scorer-v1,hired,2026-03-12 07:56
A000164,J0075,C00231,2025-10-18 10:03,0.155,low,61,scorer-v1,interviewed,2025-11-03 21:45
A000165,J0018,C00859,2025-12-10 02:11,0.267,low,72,scorer-v1,interviewed,2025-12-27 20:05
A000166,J0080,C01442,2026-03-16 09:41,0.113,low,54,scorer-v2,hired,2026-04-08 04:55
A000167,J0041,C00081,2026-04-09 20:22,0.655,medium,78,scorer-v2,rejected,2026-04-15 01:03
A000168,J0002,C01056,2026-07-26 06:42,0.231,low,29,scorer-v2,rejected,2026-08-18 11:43
A000169,J0052,C00686,2026-02-12 18:03,0.593,medium,64,scorer-v1,hired,2026-02-23 17:27
A000170,J0024,C00848,2026-07-16 14:30,0.811,good,95,scorer-v2,rejected,2026-08-09 21:06
A000171,J0052,C00517,2026-03-19 05:38,0.45,low,80,scorer-v2,rejected,2026-03-30 13:44
A000172,J0057,C00171,2026-01-18 10:30,0.145,low,66,scorer-v1,hired,2026-02-17 21:07
A000173,J0042,C00147,2025-09-25 17:45,0.726,medium,81,scorer-v1,rejected,2025-10-13 23:18
A000174,J0045,C00390,2026-02-16 02:09,0.097,low,42,scorer-v1,rejected,2026-03-08 14:21
A000175,J0070,C00194,2025-10-20 10:16,0.337,low,72,scorer-v1,rejected,2025-11-16 13:08
A000176,J0032,C00531,2026-05-17 22:06,0.506,medium,44,scorer-v2,rejected,2026-05-31 03:20
A000177,J0036,C00182,2026-03-17 04:47,0.089,low,80,scorer-v2,interviewed,2026-04-03 04:42
A000178,J0076,C00263,2025-10-13 21:17,0.676,medium,44,scorer-v1,rejected,2025-10-30 22:31
A000179,J0065,C00086,2026-06-19 11:51,0.217,low,57,scorer-v2,rejected,2026-06-23 18:15
A000180,J0043,C01263,2025-11-10 13:49,0.936,good,82,scorer-v1,,
A000181,J0049,C01346,2026-07-23 20:53,0.578,medium,77,scorer-v2,hired,2026-08-16 04:27
A000182,J0051,C00784,2026-05-25 08:16,0.119,low,58,scorer-v2,rejected,2026-06-04 11:21
A000183,J0072,C00909,2026-01-21 14:36,0.458,low,59,scorer-v1,rejected,2026-02-15 01:48
A000184,J0049,C00594,2026-06-20 15:35,0.591,medium,86,scorer-v2,rejected,2026-07-05 19:16
A000185,J0038,C01109,2025-11-25 12:42,0.715,medium,59,scorer-v1,rejected,2025-12-15 18:07
A000186,J0026,C00694,2026-07-03 12:13,0.073,low,43,scorer-v2,interviewed,2026-07-24 15:43
A000187,J0055,C01150,2025-10-13 03:29,0.725,medium,68,scorer-v1,hired,2025-10-28 15:24
A000188,J0052,C01087,2025-12-11 21:27,0.639,medium,70,scorer-v1,rejected,2025-12-17 03:23
A000189,J0039,C00308,2026-07-07 03:11,0.466,low,58,scorer-v2,rejected,2026-08-04 09:12
A000190,J0049,C01439,2026-03-08 23:41,0.52,medium,64,scorer-v2,hired,2026-04-01 23:49
A000191,J0016,C00339,2026-06-27 20:55,0.901,good,81,scorer-v2,interviewed,2026-07-15 10:53
A000192,J0078,C00216,2025-12-17 19:50,0.395,low,59,scorer-v1,interviewed,2025-12-26 15:12
A000193,J0068,C00220,2026-07-17 05:35,0.669,medium,53,scorer-v2,,
A000194,J0043,C01419,2026-06-28 08:06,0.377,low,64,scorer-v2,rejected,2026-07-16 03:17
A000195,J0049,C00278,2026-01-23 15:45,0.58,medium,56,scorer-v1,hired,2026-02-11 10:59
A000196,J0023,C01000,2025-10-12 13:28,0.493,low,76,scorer-v1,interviewed,2025-10-19 06:49
A000197,J0048,C01279,2025-11-26 07:07,0.669,medium,86,scorer-v1,hired,2025-12-12 05:38
A000198,J0021,C00139,2026-04-29 23:46,0.481,low,64,scorer-v2,rejected,2026-05-20 17:56
A000199,J0036,C00697,2025-09-30 08:22,0.178,low,79,scorer-v1,rejected,2025-10-24 11:41
A000200,J0078,C01386,2025-09-18 01:10,0.655,medium,70,scorer-v1,rejected,2025-10-12 08:53
A000201,J0078,C00873,2026-01-14 16:18,0.744,medium,63,scorer-v1,interviewed,2026-01-20 00:00
A000202,J0042,C01485,2026-06-23 10:03,0.725,medium,72,scorer-v2,,
A000203,J0020,C00097,2025-11-12 04:53,0.573,medium,55,scorer-v1,hired,2025-11-21 06:16
A000204,J0010,C00617,2026-01-01 07:54,0.739,medium,84,scorer-v1,hired,2026-01-24 03:38
A000205,J0035,C01118,2025-11-18 09:22,0.7,medium,68,scorer-v1,,
A000206,J0058,C01168,2026-03-24 12:15,0.379,low,47,scorer-v2,rejected,2026-04-12 17:29
A000207,J0027,C00856,2025-11-08 14:48,0.627,medium,56,scorer-v1,rejected,2025-11-17 04:15
A000208,J0025,C00671,2025-12-27 21:08,0.925,good,83,scorer-v1,hired,2026-01-11 08:28
A000209,J0023,C00361,2025-09-30 01:33,0.377,low,25,scorer-v1,rejected,2025-10-07 15:55
A000210,J0006,C00573,2025-10-23 01:32,0.584,medium,59,scorer-v1,rejected,2025-11-09 07:27
A000211,J0006,C00645,2026-01-22 00:32,0.341,low,46,scorer-v1,rejected,2026-02-17 06:37
A000212,J0011,C00522,2026-05-05 23:46,0.637,medium,65,scorer-v2,hired,2026-05-10 20:46
A000213,J0040,C00093,2025-10-24 21:18,0.737,medium,80,scorer-v1,hired,2025-11-17 10:42
A000214,J0008,C00592,2026-05-06 04:40,0.13,low,63,scorer-v2,interviewed,2026-06-02 18:40
A000215,J0001,C00443,2026-06-11 09:49,0.75,medium,76,scorer-v2,rejected,2026-06-29 20:28
A000216,J0070,C01462,2025-10-08 02:48,0.517,medium,42,scorer-v1,rejected,2025-10-18 04:56
A000217,J0046,C00119,2025-12-06 13:07,0.464,low,34,scorer-v1,rejected,2025-12-28 14:40
A000218,J0040,C00416,2026-02-10 04:53,0.516,medium,45,scorer-v1,rejected,2026-02-18 14:09
A000219,J0019,C00241,2025-12-27 22:38,0.729,medium,71,scorer-v1,,
A000220,J0059,C00341,2026-05-12 17:42,0.557,medium,70,scorer-v2,hired,2026-05-28 22:14
A000221,J0061,C00449,2026-06-24 03:15,0.584,medium,69,scorer-v2,interviewed,2026-07-07 19:30
A000222,J0036,C01349,2026-03-16 20:59,0.135,low,76,scorer-v2,hired,2026-03-25 08:51
A000223,J0068,C00714,2025-09-11 17:11,0.759,medium,78,scorer-v1,hired,2025-10-06 14:04
A000224,J0023,C00810,2026-02-19 11:37,0.75,medium,55,scorer-v1,interviewed,2026-03-09 05:32
A000225,J0029,C01219,2025-12-01 05:48,0.274,low,51,scorer-v1,rejected,2025-12-30 05:05
A000226,J0050,C01480,2026-06-27 11:19,0.424,low,47,scorer-v2,rejected,2026-07-27 19:13
A000227,J0002,C01148,2026-07-26 22:37,0.425,low,76,scorer-v2,,
A000228,J0009,C00260,2026-06-10 16:57,0.524,medium,76,scorer-v2,rejected,2026-06-17 17:54
A000229,J0023,C01312,2026-03-11 03:37,0.578,medium,57,scorer-v2,rejected,2026-03-22 20:16
A000230,J0068,C01307,2025-09-09 12:16,0.622,medium,88,scorer-v1,rejected,2025-09-14 12:55
A000231,J0020,C01456,2025-11-02 09:18,0.51,medium,46,scorer-v1,,
A000232,J0036,C00250,2026-06-21 08:52,0.071,low,68,scorer-v2,,
A000233,J0055,C00176,2026-01-10 15:58,0.489,low,57,scorer-v1,,
A000234,J0054,C00577,2026-07-26 23:17,0.608,medium,66,scorer-v2,rejected,2026-07-31 13:27
A000235,J0051,C00877,2026-02-23 01:38,0.166,low,88,scorer-v1,hired,2026-03-02 13:22
A000236,J0039,C00422,2026-05-03 21:27,0.3,low,22,scorer-v2,,
A000237,J0008,C00881,2026-03-06 06:49,0.207,low,85,scorer-v2,hired,2026-04-04 21:53
A000238,J0010,C00176,2026-05-07 12:35,0.467,low,67,scorer-v2,rejected,2026-05-21 06:10
A000239,J0042,C00583,2026-06-10 23:48,0.543,medium,59,scorer-v2,rejected,2026-07-06 17:59
A000240,J0003,C00277,2026-06-29 19:49,0.141,low,74,scorer-v2,hired,2026-07-19 16:26
A000241,J0014,C00818,2025-12-15 02:22,0.741,medium,68,scorer-v1,interviewed,2025-12-22 15:51
A000242,J0063,C00293,2025-09-06 17:00,0.169,low,63,scorer-v1,interviewed,2025-09-13 17:58
A000243,J0055,C01091,2026-04-21 03:40,0.397,low,22,scorer-v2,rejected,2026-05-19 08:16
A000244,J0004,C01438,2025-10-06 22:09,0.869,good,76,scorer-v1,interviewed,2025-10-19 04:29
A000245,J0078,C00070,2026-04-14 06:40,0.983,good,85,scorer-v2,hired,2026-04-26 05:12
A000246,J0025,C00635,2025-12-06 23:04,0.434,low,42,scorer-v1,rejected,2026-01-04 09:37
A000247,J0014,C00701,2026-02-02 14:05,0.512,medium,64,scorer-v1,hired,2026-02-15 06:51
A000248,J0064,C00666,2026-07-02 21:15,0.667,medium,64,scorer-v2,hired,2026-07-30 01:18
A000249,J0039,C01462,2025-12-11 18:41,0.928,good,92,scorer-v1,hired,2025-12-27 04:08
A000250,J0053,C01057,2026-07-23 22:21,0.422,low,73,scorer-v2,interviewed,2026-08-13 06:24
A000251,J0077,C01199,2026-07-18 08:14,0.17,low,68,scorer-v2,rejected,2026-07-21 23:45
A000252,J0067,C00141,2025-10-01 07:46,0.628,medium,52,scorer-v1,interviewed,2025-10-09 00:08
A000253,J0065,C01202,2025-11-02 15:56,0.512,medium,40,scorer-v1,rejected,2025-11-26 01:48
A000254,J0052,C00630,2026-02-24 12:29,0.639,medium,73,scorer-v1,hired,2026-03-22 11:18
A000255,J0031,C01214,2025-10-01 13:15,0.763,medium,64,scorer-v1,,
A000256,J0064,C00571,2025-09-14 01:57,0.234,low,34,scorer-v1,rejected,2025-09-22 12:19
A000257,J0067,C00239,2026-06-17 04:38,0.759,medium,100,scorer-v2,hired,2026-07-11 07:14
A000258,J0053,C00734,2026-04-04 18:01,0.502,medium,71,scorer-v2,hired,2026-04-21 01:50
A000259,J0040,C00267,2026-02-01 21:12,0.876,good,63,scorer-v1,hired,2026-02-08 13:16
A000260,J0067,C00637,2025-09-28 13:31,0.674,medium,48,scorer-v1,interviewed,2025-10-06 19:59
A000261,J0077,C01391,2026-07-02 22:38,0.196,low,45,scorer-v2,,
A000262,J0025,C01033,2025-10-06 11:43,0.766,medium,91,scorer-v1,rejected,2025-10-09 12:19
A000263,J0003,C01173,2026-06-30 22:30,0.161,low,57,scorer-v2,rejected,2026-07-16 11:16
A000264,J0047,C00956,2026-05-19 15:33,0.104,low,52,scorer-v2,rejected,2026-06-18 20:54
A000265,J0029,C01361,2026-07-15 22:55,0.51,medium,64,scorer-v2,rejected,2026-07-22 23:02
A000266,J0032,C00279,2026-03-19 07:57,0.825,good,80,scorer-v2,interviewed,2026-04-15 13:22
A000267,J0019,C00173,2025-11-14 03:47,0.57,medium,56,scorer-v1,interviewed,2025-12-10 15:08
A000268,J0043,C01401,2026-06-16 11:01,0.626,medium,82,scorer-v2,rejected,2026-07-04 08:58
A000269,J0047,C00714,2026-05-14 18:45,0.14,low,69,scorer-v2,rejected,2026-06-03 04:05
A000270,J0027,C00472,2026-03-17 13:23,0.276,low,36,scorer-v2,rejected,2026-04-06 17:57
A000271,J0022,C00486,2025-12-03 04:58,0.301,low,41,scorer-v1,rejected,2025-12-12 00:04
A000272,J0033,C00570,2026-03-27 22:23,0.317,low,51,scorer-v2,rejected,2026-03-31 20:11
A000273,J0034,C00711,2026-03-16 00:39,0.582,medium,64,scorer-v2,rejected,2026-04-10 06:56
A000274,J0069,C01485,2026-04-14 01:12,0.318,low,51,scorer-v2,rejected,2026-04-19 09:08
A000275,J0019,C01163,2026-07-20 03:21,0.606,medium,70,scorer-v2,rejected,2026-07-28 18:32
A000276,J0073,C00478,2025-12-07 05:49,0.581,medium,65,scorer-v1,interviewed,2025-12-31 00:45
A000277,J0039,C00987,2026-02-22 18:38,0.593,medium,97,scorer-v1,rejected,2026-03-24 09:42
A000278,J0057,C00376,2025-11-01 11:56,0.083,low,20,scorer-v1,rejected,2025-11-11 17:25
A000279,J0038,C00461,2026-06-11 20:27,0.462,low,61,scorer-v2,hired,2026-06-17 15:44
A000280,J0027,C00646,2026-05-20 16:59,0.482,low,52,scorer-v2,rejected,2026-05-24 19:05
A000281,J0024,C00716,2025-09-23 13:20,0.7,medium,69,scorer-v1,hired,2025-10-01 03:29
A000282,J0035,C01019,2025-10-27 15:42,0.813,good,93,scorer-v1,interviewed,2025-11-25 08:49
A000283,J0068,C00748,2025-12-27 15:25,0.732,medium,66,scorer-v1,interviewed,2026-01-17 17:56
A000284,J0076,C01214,2025-11-04 23:52,0.521,medium,48,scorer-v1,,
A000285,J0025,C01401,2025-10-08 10:00,0.243,low,51,scorer-v1,rejected,2025-10-26 13:09
A000286,J0012,C01142,2026-06-08 05:57,0.101,low,63,scorer-v2,rejected,2026-07-08 04:09
A000287,J0057,C00672,2026-07-06 06:01,0.213,low,83,scorer-v2,hired,2026-07-31 19:37
A000288,J0079,C00864,2026-02-09 12:30,0.524,medium,56,scorer-v1,rejected,2026-02-14 08:45
A000289,J0043,C01499,2025-09-23 13:14,0.817,good,75,scorer-v1,hired,2025-10-07 10:09
A000290,J0014,C01195,2026-01-12 00:52,0.606,medium,77,scorer-v1,interviewed,2026-01-23 12:08
A000291,J0057,C00592,2025-09-10 23:44,0.148,low,82,scorer-v1,hired,2025-10-10 01:20
A000292,J0060,C00425,2025-11-29 21:42,0.2,low,97,scorer-v1,interviewed,2025-12-26 17:36
A000293,J0040,C00542,2026-02-26 03:40,0.448,low,55,scorer-v1,hired,2026-03-23 09:36
A000294,J0076,C00176,2025-12-08 13:12,0.366,low,62,scorer-v1,rejected,2025-12-13 06:35
A000295,J0024,C00384,2025-12-22 12:08,0.396,low,52,scorer-v1,rejected,2026-01-03 23:55
A000296,J0077,C00519,2026-03-29 00:48,0.137,low,74,scorer-v2,hired,2026-04-04 22:37
A000297,J0044,C01439,2026-03-29 10:25,0.588,medium,51,scorer-v2,rejected,2026-04-11 10:39
A000298,J0078,C01242,2026-02-28 06:58,0.64,medium,66,scorer-v1,hired,2026-03-07 14:39
A000299,J0059,C00062,2025-10-18 11:46,0.573,medium,64,scorer-v1,interviewed,2025-10-24 19:19
A000300,J0074,C01006,2025-10-04 18:27,0.936,good,85,scorer-v1,interviewed,2025-10-17 22:34
A000301,J0077,C00174,2026-06-17 17:50,0.155,low,73,scorer-v2,hired,2026-07-07 00:14
A000302,J0037,C01090,2026-07-27 13:26,0.691,medium,61,scorer-v2,interviewed,2026-08-03 21:02
A000303,J0067,C01042,2025-12-16 14:56,0.616,medium,71,scorer-v1,rejected,2025-12-31 02:10
A000304,J0059,C01285,2025-12-23 13:49,0.555,medium,64,scorer-v1,hired,2025-12-27 20:58
A000305,J0069,C01370,2025-12-04 01:07,0.669,medium,61,scorer-v1,interviewed,2025-12-16 10:06
A000306,J0060,C00859,2026-07-22 07:35,0.25,low,100,scorer-v2,hired,2026-07-30 18:38
A000307,J0014,C01034,2026-05-31 22:25,0.463,low,58,scorer-v2,rejected,2026-06-05 11:40
A000308,J0026,C01341,2026-05-17 12:51,0.051,low,23,scorer-v2,rejected,2026-06-05 19:59
A000309,J0071,C00679,2025-11-28 19:09,0.848,good,98,scorer-v1,hired,2025-12-20 03:22
A000310,J0032,C00676,2025-11-10 12:51,0.6,medium,42,scorer-v1,rejected,2025-11-14 23:45
A000311,J0064,C00099,2026-07-14 23:06,0.589,medium,52,scorer-v2,rejected,2026-07-23 04:19
A000312,J0028,C00945,2026-03-25 17:59,0.38,low,63,scorer-v2,rejected,2026-04-01 14:17
A000313,J0025,C00086,2026-05-10 01:21,0.513,medium,68,scorer-v2,interviewed,2026-06-08 11:34
A000314,J0010,C00982,2025-09-30 20:06,0.781,medium,99,scorer-v1,interviewed,2025-10-18 10:07
A000315,J0054,C01002,2026-02-15 07:21,0.515,medium,65,scorer-v1,rejected,2026-03-18 03:09
A000316,J0040,C01147,2026-04-13 13:15,0.621,medium,67,scorer-v2,rejected,2026-05-01 04:20
A000317,J0011,C00634,2026-02-01 20:29,0.691,medium,89,scorer-v1,interviewed,2026-02-19 04:10
A000318,J0015,C00456,2025-09-06 17:49,0.572,medium,92,scorer-v1,rejected,2025-10-01 09:30
A000319,J0044,C01279,2025-10-28 08:51,0.568,medium,73,scorer-v1,rejected,2025-11-09 07:54
A000320,J0066,C00206,2026-03-13 14:14,0.722,medium,70,scorer-v2,interviewed,2026-04-03 17:53
A000321,J0054,C00980,2026-04-08 00:10,0.226,low,27,scorer-v2,rejected,2026-04-28 05:59
A000322,J0018,C00482,2026-03-08 14:08,0.2,low,76,scorer-v2,interviewed,2026-03-14 01:33
A000323,J0015,C00927,2025-10-10 07:52,0.721,medium,42,scorer-v1,interviewed,2025-10-26 00:05
A000324,J0057,C00102,2026-07-23 09:57,0.211,low,76,scorer-v2,hired,2026-07-30 23:44
A000325,J0039,C00743,2025-12-11 23:21,0.533,medium,63,scorer-v1,interviewed,2026-01-04 11:51
A000326,J0024,C00852,2026-07-18 05:28,0.466,low,73,scorer-v2,rejected,2026-07-30 11:42
A000327,J0047,C00657,2026-03-09 00:54,0.136,low,72,scorer-v2,,
A000328,J0076,C00829,2026-05-17 04:45,0.985,good,97,scorer-v2,hired,2026-05-29 23:47
A000329,J0077,C00054,2026-07-21 23:29,0.117,low,51,scorer-v2,rejected,2026-08-19 03:32
A000330,J0079,C01194,2026-07-10 23:53,0.479,low,74,scorer-v2,rejected,2026-07-21 21:29
A000331,J0080,C00362,2026-01-27 03:23,0.099,low,55,scorer-v1,interviewed,2026-02-18 02:48
A000332,J0010,C00942,2026-01-02 09:20,0.247,low,34,scorer-v1,rejected,2026-01-12 17:27
A000333,J0001,C00642,2025-11-08 05:22,0.678,medium,74,scorer-v1,interviewed,2025-12-03 21:08
A000334,J0045,C01338,2026-03-07 10:17,0.11,low,48,scorer-v2,rejected,2026-03-20 09:18
A000335,J0016,C00470,2026-03-21 10:04,0.861,good,84,scorer-v2,hired,2026-04-01 01:49
A000336,J0047,C00473,2026-03-09 23:12,0.032,low,72,scorer-v2,rejected,2026-04-08 15:54
A000337,J0040,C01348,2026-07-10 11:47,0.594,medium,51,scorer-v2,hired,2026-08-06 04:41
A000338,J0030,C00282,2026-07-18 10:24,0.124,low,62,scorer-v2,rejected,2026-08-16 09:58
A000339,J0050,C00477,2026-04-09 16:02,0.905,good,100,scorer-v2,hired,2026-04-16 22:34
A000340,J0076,C00107,2026-01-24 03:06,0.403,low,53,scorer-v1,rejected,2026-02-02 10:50
A000341,J0018,C00251,2025-12-15 22:22,0.142,low,57,scorer-v1,,
A000342,J0056,C01485,2025-11-23 01:35,0.48,low,56,scorer-v1,rejected,2025-12-22 21:55
A000343,J0047,C00253,2025-09-07 21:03,0.215,low,69,scorer-v1,hired,2025-10-08 18:38
A000344,J0064,C00476,2025-11-16 12:50,1.0,good,84,scorer-v1,hired,2025-12-12 03:35
A000345,J0057,C01020,2025-12-14 20:19,0.088,low,65,scorer-v1,rejected,2025-12-28 19:59
A000346,J0070,C00220,2025-11-24 00:20,0.786,medium,82,scorer-v1,hired,2025-12-07 07:48
A000347,J0080,C01215,2026-04-18 05:30,0.107,low,38,scorer-v2,rejected,2026-05-15 17:13
A000348,J0014,C00775,2026-01-05 08:39,0.464,low,90,scorer-v1,hired,2026-01-21 19:44
A000349,J0059,C00569,2025-11-03 11:12,0.465,low,60,scorer-v1,rejected,2025-11-29 07:24
A000350,J0031,C00678,2026-06-23 18:05,0.558,medium,60,scorer-v2,rejected,2026-07-07 02:31
A000351,J0054,C00614,2025-10-21 06:36,0.618,medium,51,scorer-v1,rejected,2025-11-11 15:12
A000352,J0015,C00739,2026-07-07 04:56,0.609,medium,66,scorer-v2,interviewed,2026-08-05 00:28
A000353,J0051,C00529,2026-02-02 05:06,0.117,low,64,scorer-v1,hired,2026-03-02 16:19
A000354,J0001,C01175,2025-11-18 11:16,0.505,medium,58,scorer-v1,hired,2025-12-08 14:01
A000355,J0011,C00942,2026-03-21 18:06,0.559,medium,70,scorer-v2,hired,2026-03-25 08:45
A000356,J0001,C00668,2025-12-23 06:32,0.415,low,57,scorer-v1,rejected,2026-01-06 07:02
A000357,J0044,C01067,2026-03-21 17:03,0.766,medium,81,scorer-v2,hired,2026-03-30 03:09
A000358,J0056,C00465,2025-09-04 03:32,0.976,good,100,scorer-v1,hired,2025-09-26 03:27
A000359,J0002,C01208,2025-12-11 16:13,0.385,low,32,scorer-v1,rejected,2025-12-18 04:50
A000360,J0018,C00146,2025-10-27 21:57,0.114,low,62,scorer-v1,,
A000361,J0025,C00219,2026-06-04 16:39,0.579,medium,49,scorer-v2,,
A000362,J0041,C00500,2026-04-09 17:50,0.654,medium,73,scorer-v2,rejected,2026-05-08 05:09
A000363,J0038,C01458,2026-07-09 18:26,0.39,low,48,scorer-v2,rejected,2026-07-18 15:19
A000364,J0047,C00640,2026-01-01 05:46,0.154,low,53,scorer-v1,interviewed,2026-01-24 23:32
A000365,J0035,C01000,2026-01-08 10:37,0.545,medium,61,scorer-v1,rejected,2026-01-31 02:06
A000366,J0034,C01385,2025-09-17 18:45,0.953,good,100,scorer-v1,interviewed,2025-10-16 11:11
A000367,J0056,C00754,2025-12-23 08:39,0.571,medium,60,scorer-v1,rejected,2026-01-13 01:31
A000368,J0001,C00239,2025-12-30 22:18,0.582,medium,72,scorer-v1,interviewed,2026-01-10 16:11
A000369,J0059,C00965,2026-01-28 08:39,0.743,medium,69,scorer-v1,hired,2026-02-23 08:05
A000370,J0011,C00279,2026-06-23 14:02,0.487,low,72,scorer-v2,,
A000371,J0070,C01015,2025-10-02 21:12,0.601,medium,66,scorer-v1,interviewed,2025-10-27 06:38
A000372,J0051,C00074,2026-05-09 12:21,0.286,low,95,scorer-v2,hired,2026-05-31 00:26
A000373,J0052,C01053,2026-05-04 23:46,0.523,medium,78,scorer-v2,rejected,2026-05-14 14:58
A000374,J0049,C00064,2026-05-13 10:58,0.645,medium,73,scorer-v2,rejected,2026-06-01 17:32
A000375,J0067,C00450,2026-04-22 09:37,0.558,medium,47,scorer-v2,rejected,2026-05-18 22:06
A000376,J0041,C00089,2026-04-11 06:02,0.569,medium,71,scorer-v2,rejected,2026-05-11 03:05
A000377,J0045,C00489,2026-03-29 19:35,0.175,low,74,scorer-v2,interviewed,2026-04-03 15:17
A000378,J0017,C00112,2025-12-17 13:20,0.881,good,89,scorer-v1,hired,2025-12-31 21:47
A000379,J0007,C00489,2026-04-05 16:44,0.498,low,68,scorer-v2,rejected,2026-04-12 05:13
A000380,J0053,C00441,2026-04-08 22:44,0.644,medium,70,scorer-v2,rejected,2026-04-30 01:08
A000381,J0059,C00439,2026-06-24 15:59,0.426,low,60,scorer-v2,rejected,2026-06-29 13:19
A000382,J0042,C01337,2026-05-31 22:41,0.414,low,50,scorer-v2,rejected,2026-07-01 19:56
A000383,J0013,C00842,2026-06-30 15:57,0.174,low,74,scorer-v2,interviewed,2026-07-08 01:51
A000384,J0021,C01043,2026-03-21 04:48,0.615,medium,81,scorer-v2,hired,2026-04-03 17:35
A000385,J0073,C00118,2026-01-02 01:11,0.628,medium,65,scorer-v1,rejected,2026-01-10 10:25
A000386,J0002,C00929,2026-06-22 20:02,0.598,medium,71,scorer-v2,interviewed,2026-07-04 02:00
A000387,J0076,C00259,2026-04-13 06:42,0.543,medium,64,scorer-v2,rejected,2026-05-10 16:06
A000388,J0070,C00881,2026-03-25 09:35,0.533,medium,57,scorer-v2,interviewed,2026-03-31 21:12
A000389,J0022,C01116,2026-05-06 01:02,0.545,medium,83,scorer-v2,interviewed,2026-05-27 08:15
A000390,J0046,C00728,2025-10-23 11:04,0.44,low,43,scorer-v1,rejected,2025-11-19 04:04
A000391,J0022,C01081,2026-02-01 14:31,0.425,low,37,scorer-v1,rejected,2026-02-23 06:47
A000392,J0047,C00427,2026-04-03 08:27,0.173,low,75,scorer-v2,rejected,2026-04-17 05:03
A000393,J0041,C00813,2026-06-12 14:48,0.424,low,62,scorer-v2,hired,2026-07-03 09:19
A000394,J0073,C01482,2025-12-14 04:41,0.566,medium,67,scorer-v1,hired,2025-12-28 11:52
A000395,J0058,C00128,2025-11-12 21:17,0.494,low,68,scorer-v1,hired,2025-12-05 17:04
A000396,J0013,C01151,2025-10-08 16:11,0.126,low,44,scorer-v1,rejected,2025-10-12 17:35
A000397,J0028,C00430,2025-12-22 17:03,0.726,medium,64,scorer-v1,hired,2025-12-28 22:23
A000398,J0019,C01497,2025-12-29 09:09,0.805,good,73,scorer-v1,interviewed,2026-01-21 02:29
A000399,J0072,C01181,2025-12-16 01:44,0.476,low,64,scorer-v1,rejected,2026-01-04 18:03
A000400,J0023,C01433,2026-01-14 16:40,0.712,medium,61,scorer-v1,interviewed,2026-01-21 07:33
A000401,J0061,C01260,2026-03-17 01:38,0.589,medium,74,scorer-v2,hired,2026-04-10 23:59
A000402,J0008,C00196,2026-06-08 11:44,0.124,low,81,scorer-v2,,
A000403,J0047,C01085,2025-12-20 16:39,0.169,low,65,scorer-v1,rejected,2026-01-01 18:03
A000404,J0080,C01484,2026-03-21 18:40,0.099,low,41,scorer-v2,rejected,2026-04-21 08:18
A000405,J0013,C01231,2026-01-23 16:01,0.052,low,49,scorer-v1,rejected,2026-02-19 06:03
A000406,J0014,C00503,2026-01-22 11:56,0.394,low,68,scorer-v1,rejected,2026-01-26 11:00
A000407,J0030,C00995,2025-09-06 00:09,0.125,low,44,scorer-v1,hired,2025-10-06 13:26
A000408,J0077,C01184,2025-11-09 21:17,0.223,low,100,scorer-v1,interviewed,2025-12-02 01:18
A000409,J0019,C00667,2026-04-05 20:21,0.42,low,69,scorer-v2,rejected,2026-04-09 03:54
A000410,J0067,C01402,2026-05-13 19:52,0.72,medium,91,scorer-v2,hired,2026-05-28 03:02
A000411,J0069,C00097,2026-05-24 23:03,0.697,medium,69,scorer-v2,rejected,2026-05-29 05:55
A000412,J0012,C00760,2025-09-25 21:51,0.192,low,73,scorer-v1,rejected,2025-10-12 04:36
A000413,J0043,C01225,2025-09-17 19:53,0.41,low,53,scorer-v1,rejected,2025-10-12 14:43
A000414,J0040,C01353,2026-06-08 13:57,0.895,good,79,scorer-v2,hired,2026-06-23 04:03
A000415,J0045,C01117,2026-01-28 05:24,0.188,low,50,scorer-v1,rejected,2026-02-15 21:39
A000416,J0006,C00411,2026-07-23 06:06,0.289,low,42,scorer-v2,rejected,2026-08-05 17:47
A000417,J0072,C01066,2025-10-07 10:35,0.777,medium,68,scorer-v1,rejected,2025-10-26 22:42
A000418,J0020,C01405,2026-07-20 08:01,0.556,medium,69,scorer-v2,rejected,2026-08-01 10:21
A000419,J0001,C01212,2025-12-17 23:31,0.408,low,52,scorer-v1,rejected,2025-12-28 14:04
A000420,J0032,C01143,2026-04-02 15:28,0.352,low,39,scorer-v2,rejected,2026-04-30 19:37
A000421,J0071,C00575,2026-07-26 22:53,0.721,medium,61,scorer-v2,interviewed,2026-08-16 01:57
A000422,J0017,C01129,2026-06-17 20:05,0.7,medium,66,scorer-v2,,
A000423,J0048,C01012,2026-02-24 10:39,0.612,medium,61,scorer-v1,interviewed,2026-03-16 14:45
A000424,J0011,C00980,2025-11-27 08:47,0.506,medium,60,scorer-v1,rejected,2025-12-10 19:50
A000425,J0050,C00702,2025-10-13 18:10,0.608,medium,75,scorer-v1,interviewed,2025-10-29 22:10
A000426,J0022,C01023,2026-03-01 00:05,0.591,medium,46,scorer-v2,interviewed,2026-03-23 20:15
A000427,J0011,C01204,2026-03-02 06:25,0.557,medium,47,scorer-v2,rejected,2026-03-20 15:19
A000428,J0053,C00251,2026-07-09 05:27,0.419,low,61,scorer-v2,rejected,2026-07-31 14:01
A000429,J0009,C01362,2026-01-23 18:01,0.431,low,50,scorer-v1,rejected,2026-01-29 10:51
A000430,J0002,C01251,2026-02-05 03:14,0.532,medium,35,scorer-v1,rejected,2026-02-26 14:32
A000431,J0054,C00732,2025-09-11 05:07,0.482,low,56,scorer-v1,,
A000432,J0006,C01500,2025-11-28 11:51,0.51,medium,48,scorer-v1,hired,2025-12-05 15:46
A000433,J0028,C00316,2025-10-12 01:57,0.487,low,73,scorer-v1,interviewed,2025-10-19 12:22
A000434,J0074,C00488,2026-06-23 04:08,0.442,low,59,scorer-v2,rejected,2026-07-14 16:30
A000435,J0034,C00242,2025-11-19 05:12,0.868,good,91,scorer-v1,hired,2025-12-07 12:04
A000436,J0019,C00766,2026-06-02 01:07,0.691,medium,81,scorer-v2,interviewed,2026-06-24 08:34
A000437,J0018,C01082,2026-01-12 03:02,0.107,low,65,scorer-v1,interviewed,2026-02-06 16:13
A000438,J0039,C00960,2026-04-07 22:59,0.508,medium,47,scorer-v2,interviewed,2026-04-18 06:05
A000439,J0013,C01095,2026-04-23 11:07,0.123,low,44,scorer-v2,rejected,2026-05-06 16:15
A000440,J0048,C01102,2026-05-21 13:53,0.717,medium,96,scorer-v2,rejected,2026-06-11 15:25
A000441,J0013,C00193,2025-12-23 04:09,0.097,low,54,scorer-v1,hired,2026-01-08 18:45
A000442,J0035,C00469,2026-06-30 00:41,0.477,low,46,scorer-v2,hired,2026-07-24 15:40
A000443,J0007,C00420,2026-02-24 16:08,0.509,medium,98,scorer-v1,rejected,2026-03-05 23:43
A000444,J0066,C00463,2026-07-12 18:57,0.378,low,41,scorer-v2,rejected,2026-07-17 02:59
A000445,J0017,C00540,2026-01-17 04:22,0.811,good,78,scorer-v1,hired,2026-01-26 06:02
A000446,J0049,C01397,2025-10-27 14:13,0.226,low,46,scorer-v1,rejected,2025-11-20 12:16
A000447,J0036,C00969,2026-05-31 21:58,0.188,low,76,scorer-v2,hired,2026-06-30 14:35
A000448,J0061,C00396,2025-12-14 09:34,0.42,low,37,scorer-v1,rejected,2026-01-03 13:59
A000449,J0009,C00750,2026-05-16 05:49,0.158,low,54,scorer-v2,interviewed,2026-05-21 19:16
A000450,J0054,C00782,2026-04-30 11:56,0.469,low,67,scorer-v2,rejected,2026-05-28 18:06
A000451,J0052,C01293,2026-04-25 18:45,0.414,low,80,scorer-v2,rejected,2026-05-18 03:13
A000452,J0055,C00097,2025-11-30 06:01,0.423,low,47,scorer-v1,,
A000453,J0025,C01103,2026-03-29 23:19,0.684,medium,90,scorer-v2,interviewed,2026-04-04 17:32
A000454,J0052,C00508,2025-11-24 22:06,0.894,good,86,scorer-v1,interviewed,2025-12-22 17:53
A000455,J0064,C01385,2025-09-24 21:20,0.597,medium,65,scorer-v1,interviewed,2025-09-29 13:35
A000456,J0041,C00103,2025-11-09 19:46,0.534,medium,65,scorer-v1,interviewed,2025-12-03 22:20
A000457,J0062,C00949,2026-05-15 09:00,0.151,low,51,scorer-v2,rejected,2026-05-20 13:29
A000458,J0059,C01024,2026-05-19 16:44,0.924,good,84,scorer-v2,hired,2026-06-07 16:22
A000459,J0001,C00121,2026-05-16 01:12,0.287,low,58,scorer-v2,interviewed,2026-06-10 20:25
A000460,J0006,C00926,2026-06-28 07:43,0.572,medium,85,scorer-v2,hired,2026-07-27 07:58
A000461,J0080,C01304,2026-02-26 03:08,0.019,low,23,scorer-v1,rejected,2026-03-20 07:42
A000462,J0058,C00794,2025-09-16 18:49,0.672,medium,53,scorer-v1,,
A000463,J0039,C00023,2026-05-02 19:37,0.503,medium,55,scorer-v2,interviewed,2026-05-24 23:55
A000464,J0033,C00263,2025-10-02 02:38,0.384,low,27,scorer-v1,,
A000465,J0072,C00234,2025-10-17 18:36,0.554,medium,63,scorer-v1,interviewed,2025-11-08 13:25
A000466,J0057,C00009,2026-06-21 02:04,0.16,low,38,scorer-v2,rejected,2026-07-01 15:22
A000467,J0018,C01263,2026-06-18 01:06,0.189,low,70,scorer-v2,interviewed,2026-07-14 23:15
A000468,J0072,C01091,2025-10-30 02:06,0.562,medium,66,scorer-v1,,
A000469,J0054,C00656,2026-05-18 22:10,0.664,medium,67,scorer-v2,interviewed,2026-06-09 01:36
A000470,J0076,C01149,2026-07-14 23:39,0.441,low,75,scorer-v2,interviewed,2026-07-23 07:32
A000471,J0001,C00496,2026-04-09 05:23,0.292,low,65,scorer-v2,rejected,2026-04-28 15:32
A000472,J0010,C00549,2026-05-21 07:57,0.702,medium,87,scorer-v2,hired,2026-06-20 06:55
A000473,J0014,C01084,2025-12-15 01:30,0.412,low,31,scorer-v1,rejected,2026-01-11 10:11
A000474,J0004,C00112,2025-12-27 07:36,0.347,low,35,scorer-v1,rejected,2026-01-07 15:24
A000475,J0020,C00522,2025-10-17 04:18,0.503,medium,53,scorer-v1,interviewed,2025-10-22 03:42
A000476,J0028,C01020,2026-05-23 03:15,0.575,medium,81,scorer-v2,interviewed,2026-05-27 13:32
A000477,J0047,C01219,2025-10-13 20:05,0.157,low,66,scorer-v1,interviewed,2025-11-07 03:25
A000478,J0052,C00572,2026-01-18 03:22,0.345,low,56,scorer-v1,rejected,2026-02-11 12:57
A000479,J0061,C00591,2026-06-25 05:33,0.533,medium,62,scorer-v2,rejected,2026-07-08 02:54
A000480,J0048,C00780,2026-05-22 08:56,0.434,low,50,scorer-v2,,
A000481,J0033,C00223,2025-12-16 19:00,0.645,medium,63,scorer-v1,interviewed,2025-12-27 19:19
A000482,J0002,C01002,2025-09-06 09:53,1.0,good,96,scorer-v1,hired,2025-09-17 01:29
A000483,J0078,C00443,2026-01-29 20:21,0.691,medium,66,scorer-v1,hired,2026-02-14 20:08
A000484,J0035,C00381,2026-05-04 12:33,0.303,low,33,scorer-v2,rejected,2026-05-28 21:57
A000485,J0036,C00597,2026-05-16 07:42,0.184,low,70,scorer-v2,interviewed,2026-06-04 02:50
A000486,J0063,C00586,2025-10-06 06:47,0.163,low,32,scorer-v1,rejected,2025-10-11 08:52
A000487,J0016,C00823,2026-05-27 10:52,0.805,good,76,scorer-v2,,
A000488,J0069,C00866,2026-03-26 23:38,0.88,good,100,scorer-v2,interviewed,2026-04-19 02:33
A000489,J0018,C00726,2026-06-19 17:32,0.178,low,66,scorer-v2,hired,2026-07-10 01:28
A000490,J0036,C01301,2025-11-27 12:34,0.134,low,56,scorer-v1,rejected,2025-12-03 19:00
A000491,J0042,C00979,2025-12-08 11:32,0.538,medium,57,scorer-v1,rejected,2025-12-14 18:17
A000492,J0057,C00602,2026-07-24 04:11,0.075,low,63,scorer-v2,rejected,2026-08-10 10:31
A000493,J0020,C00961,2026-04-13 15:22,0.458,low,76,scorer-v2,,
A000494,J0005,C01017,2026-02-28 00:00,0.665,medium,67,scorer-v1,hired,2026-03-30 01:55
A000495,J0052,C00989,2026-04-27 01:53,0.298,low,64,scorer-v2,rejected,2026-05-06 16:48
A000496,J0034,C00535,2025-11-02 06:03,0.668,medium,62,scorer-v1,hired,2025-11-18 16:47
A000497,J0031,C01011,2026-03-29 07:53,0.692,medium,89,scorer-v2,rejected,2026-04-11 14:50
A000498,J0063,C01374,2026-01-17 05:25,0.165,low,46,scorer-v1,interviewed,2026-02-13 06:51
A000499,J0070,C01102,2025-11-28 18:16,0.613,medium,59,scorer-v1,rejected,2025-12-29 18:02
A000500,J0035,C00571,2026-07-18 19:52,0.575,medium,69,scorer-v2,rejected,2026-07-31 20:40
A000501,J0005,C00510,2026-01-02 17:47,0.563,medium,51,scorer-v1,interviewed,2026-01-26 03:29
A000502,J0003,C01394,2025-12-24 21:53,0.043,low,62,scorer-v1,rejected,2026-01-12 04:32
A000503,J0015,C00810,2026-04-29 22:11,0.408,low,47,scorer-v2,rejected,2026-05-05 05:44
A000504,J0046,C00069,2025-09-19 15:17,0.568,medium,70,scorer-v1,rejected,2025-09-30 08:58
A000505,J0071,C01208,2026-05-06 20:01,0.057,low,19,scorer-v2,rejected,2026-05-30 23:31
A000506,J0040,C01169,2025-09-03 08:16,0.379,low,30,scorer-v1,rejected,2025-09-24 01:44
A000507,J0031,C01213,2026-03-22 15:00,0.284,low,61,scorer-v2,rejected,2026-04-11 16:14
A000508,J0030,C01223,2025-09-10 08:04,0.117,low,63,scorer-v1,rejected,2025-10-08 02:05
A000509,J0010,C00984,2025-12-27 14:29,0.563,medium,46,scorer-v1,interviewed,2026-01-25 05:03
A000510,J0018,C00200,2025-10-28 07:24,0.099,low,64,scorer-v1,,
A000511,J0012,C00630,2025-11-13 11:11,0.159,low,61,scorer-v1,rejected,2025-12-04 11:55
A000512,J0019,C00686,2026-04-13 16:01,0.846,good,90,scorer-v2,interviewed,2026-04-30 05:39
A000513,J0015,C00369,2026-06-05 02:57,0.676,medium,76,scorer-v2,,
A000514,J0010,C01387,2025-11-10 08:20,0.568,medium,35,scorer-v1,rejected,2025-11-27 14:56
A000515,J0062,C01428,2026-01-23 02:21,0.196,low,48,scorer-v1,rejected,2026-02-19 22:43
A000516,J0014,C00474,2025-09-14 15:54,0.47,low,49,scorer-v1,hired,2025-10-08 17:28
A000517,J0023,C01152,2025-11-04 08:48,0.272,low,40,scorer-v1,,
A000518,J0014,C00112,2026-01-20 15:56,0.55,medium,65,scorer-v1,rejected,2026-02-07 23:59
A000519,J0021,C00332,2025-12-14 17:32,0.652,medium,87,scorer-v1,hired,2025-12-30 01:24
A000520,J0010,C00685,2026-01-08 02:23,0.781,medium,78,scorer-v1,hired,2026-01-30 23:54
A000521,J0001,C00077,2025-11-06 18:15,0.513,medium,70,scorer-v1,interviewed,2025-11-17 00:57
A000522,J0013,C00277,2025-09-18 00:23,0.147,low,48,scorer-v1,hired,2025-10-01 23:03
A000523,J0055,C01478,2026-02-03 08:57,0.261,low,26,scorer-v1,,
A000524,J0049,C01476,2026-02-03 03:18,0.523,medium,50,scorer-v1,rejected,2026-02-21 03:40
A000525,J0008,C00635,2026-01-20 00:52,0.149,low,60,scorer-v1,interviewed,2026-02-14 12:16
A000526,J0033,C00692,2026-02-27 02:36,0.374,low,22,scorer-v1,rejected,2026-03-05 23:22
A000527,J0006,C01456,2025-11-22 17:02,0.54,medium,42,scorer-v1,rejected,2025-12-05 08:01
A000528,J0021,C00048,2025-12-19 13:24,0.591,medium,97,scorer-v1,hired,2026-01-03 07:28
A000529,J0010,C00889,2026-03-16 18:07,0.425,low,58,scorer-v2,interviewed,2026-04-15 03:49
A000530,J0012,C01437,2025-11-05 21:16,0.252,low,75,scorer-v1,hired,2025-11-28 20:40
A000531,J0021,C00881,2025-12-02 05:49,0.828,good,69,scorer-v1,hired,2025-12-16 16:27
A000532,J0047,C00734,2026-05-09 20:49,0.127,low,76,scorer-v2,hired,2026-05-19 10:32
A000533,J0015,C01148,2025-12-07 04:38,0.897,good,89,scorer-v1,rejected,2025-12-26 20:07
A000534,J0021,C01125,2026-02-01 11:18,0.564,medium,70,scorer-v1,rejected,2026-02-09 21:29
A000535,J0045,C00415,2026-03-29 06:42,0.095,low,86,scorer-v2,hired,2026-04-14 11:21
A000536,J0003,C00340,2025-09-22 10:25,0.178,low,73,scorer-v1,hired,2025-10-11 11:04
A000537,J0004,C00867,2026-01-09 14:26,0.531,medium,55,scorer-v1,rejected,2026-01-17 20:12
A000538,J0040,C01399,2025-09-29 13:49,0.652,medium,59,scorer-v1,,
A000539,J0042,C00598,2026-07-08 15:46,0.495,low,75,scorer-v2,rejected,2026-08-07 04:23
A000540,J0064,C00518,2026-01-13 01:44,0.501,medium,80,scorer-v1,rejected,2026-02-01 03:17
A000541,J0068,C00430,2025-10-29 22:47,0.486,low,36,scorer-v1,rejected,2025-11-24 08:07
A000542,J0020,C00122,2026-01-22 08:03,0.86,good,86,scorer-v1,hired,2026-02-04 15:12
A000543,J0001,C00244,2025-10-31 07:03,0.475,low,61,scorer-v1,rejected,2025-11-16 02:03
A000544,J0064,C00491,2026-05-12 10:35,0.416,low,78,scorer-v2,rejected,2026-06-07 12:08
A000545,J0008,C00232,2025-09-21 19:30,0.088,low,71,scorer-v1,hired,2025-10-14 07:57
A000546,J0043,C00243,2025-10-15 08:14,0.26,low,64,scorer-v1,rejected,2025-10-24 15:15
A000547,J0003,C00597,2025-11-01 12:43,0.095,low,65,scorer-v1,interviewed,2025-11-20 09:31
A000548,J0048,C00406,2026-01-15 19:23,0.253,low,33,scorer-v1,rejected,2026-02-11 19:44
A000549,J0045,C01400,2025-09-19 18:53,0.202,low,61,scorer-v1,,
A000550,J0063,C00651,2026-06-12 04:12,0.133,low,66,scorer-v2,hired,2026-06-24 09:51
A000551,J0036,C00428,2025-10-30 05:02,0.178,low,61,scorer-v1,interviewed,2025-11-22 11:00
A000552,J0030,C00830,2025-12-22 20:37,0.132,low,51,scorer-v1,interviewed,2026-01-22 04:17
A000553,J0015,C00748,2025-12-31 12:28,0.623,medium,52,scorer-v1,rejected,2026-01-23 17:07
A000554,J0040,C00621,2026-02-08 17:05,0.606,medium,59,scorer-v1,hired,2026-02-23 06:50
A000555,J0010,C01135,2026-05-08 07:53,0.558,medium,87,scorer-v2,,
A000556,J0027,C00827,2026-07-23 00:22,0.556,medium,69,scorer-v2,rejected,2026-08-08 10:02
A000557,J0045,C00277,2026-01-16 07:44,0.133,low,38,scorer-v1,rejected,2026-02-02 02:24
A000558,J0060,C01141,2026-03-08 13:34,0.189,low,72,scorer-v2,rejected,2026-04-07 13:59
A000559,J0031,C00659,2025-10-27 11:54,0.886,good,95,scorer-v1,hired,2025-11-24 08:02
A000560,J0013,C00710,2025-09-04 00:06,0.194,low,62,scorer-v1,rejected,2025-09-14 14:20
A000561,J0050,C01499,2026-01-20 21:04,0.969,good,85,scorer-v1,rejected,2026-02-10 16:48
A000562,J0006,C00318,2026-04-18 18:52,0.26,low,60,scorer-v2,rejected,2026-05-19 05:11
A000563,J0045,C00721,2026-07-12 19:01,0.198,low,72,scorer-v2,interviewed,2026-07-31 07:36
A000564,J0013,C00090,2025-10-11 03:35,0.136,low,41,scorer-v1,interviewed,2025-10-31 08:02
A000565,J0075,C01441,2026-04-19 01:58,0.122,low,83,scorer-v2,interviewed,2026-04-28 22:29
A000566,J0065,C00036,2025-12-04 04:23,0.627,medium,63,scorer-v1,interviewed,2025-12-11 13:50
A000567,J0065,C00570,2026-01-15 13:41,0.393,low,20,scorer-v1,rejected,2026-02-12 18:00
A000568,J0066,C00608,2026-06-06 00:38,0.595,medium,73,scorer-v2,interviewed,2026-06-13 12:44
A000569,J0059,C00526,2026-07-21 06:34,0.753,medium,94,scorer-v2,interviewed,2026-08-19 14:36
A000570,J0068,C00169,2025-09-26 00:17,0.649,medium,74,scorer-v1,interviewed,2025-10-24 22:02
A000571,J0027,C00760,2025-09-03 12:24,0.474,low,58,scorer-v1,hired,2025-09-21 16:18
A000572,J0015,C00425,2026-02-07 18:06,0.541,medium,73,scorer-v1,hired,2026-03-05 16:25
A000573,J0016,C00284,2026-02-08 16:38,0.675,medium,66,scorer-v1,rejected,2026-03-06 18:57
A000574,J0034,C00371,2026-04-10 14:44,0.639,medium,100,scorer-v2,interviewed,2026-05-08 23:54
A000575,J0079,C01449,2025-11-07 06:17,0.496,low,52,scorer-v1,interviewed,2025-11-28 18:51
A000576,J0039,C01488,2025-12-31 22:39,0.572,medium,54,scorer-v1,rejected,2026-01-28 15:45
A000577,J0069,C00011,2026-04-25 09:32,0.557,medium,55,scorer-v2,rejected,2026-05-06 15:38
A000578,J0019,C00160,2026-06-28 23:36,0.495,low,67,scorer-v2,rejected,2026-07-07 08:35
A000579,J0006,C00954,2026-04-17 01:59,0.345,low,67,scorer-v2,rejected,2026-05-08 02:49
A000580,J0057,C00307,2025-09-26 07:01,0.106,low,58,scorer-v1,rejected,2025-10-13 10:03
A000581,J0008,C01426,2025-11-13 14:48,0.263,low,100,scorer-v1,hired,2025-12-01 10:23
A000582,J0014,C01388,2025-11-24 17:12,0.384,low,19,scorer-v1,rejected,2025-12-04 23:02
A000583,J0014,C01489,2026-05-01 13:55,0.877,good,87,scorer-v2,hired,2026-05-17 01:48
A000584,J0074,C01098,2025-09-07 07:49,0.354,low,23,scorer-v1,rejected,2025-09-20 12:29
A000585,J0073,C00917,2026-04-03 05:04,0.42,low,68,scorer-v2,rejected,2026-04-30 11:05
A000586,J0049,C00477,2026-06-01 08:59,0.619,medium,57,scorer-v2,hired,2026-06-28 05:37
A000587,J0048,C00647,2026-03-16 11:25,0.342,low,67,scorer-v2,rejected,2026-03-21 03:10
A000588,J0048,C00928,2025-10-07 15:18,0.555,medium,47,scorer-v1,hired,2025-10-14 06:09
A000589,J0044,C00871,2026-02-15 18:35,0.508,medium,41,scorer-v1,rejected,2026-02-24 18:09
A000590,J0001,C00558,2026-05-03 09:55,0.605,medium,76,scorer-v2,hired,2026-06-02 23:03
A000591,J0074,C01380,2026-06-20 18:58,0.819,good,93,scorer-v2,hired,2026-07-21 06:22
A000592,J0049,C00723,2026-06-29 18:22,0.412,low,81,scorer-v2,rejected,2026-07-13 05:52
A000593,J0069,C00098,2026-03-12 21:13,0.672,medium,87,scorer-v2,rejected,2026-03-29 21:41
A000594,J0003,C00657,2025-11-06 08:26,0.128,low,70,scorer-v1,rejected,2025-11-19 05:03
A000595,J0010,C01201,2025-12-12 23:29,0.98,good,100,scorer-v1,interviewed,2026-01-12 11:17
A000596,J0044,C01131,2026-06-25 18:57,0.432,low,66,scorer-v2,interviewed,2026-07-24 10:53
A000597,J0012,C01445,2026-04-23 18:44,0.064,low,70,scorer-v2,rejected,2026-05-06 20:31
A000598,J0052,C00001,2025-10-04 20:36,0.529,medium,66,scorer-v1,interviewed,2025-10-08 21:14
A000599,J0020,C00643,2025-11-12 04:15,0.968,good,100,scorer-v1,hired,2025-11-16 04:27
A000600,J0049,C00524,2026-01-08 18:25,0.533,medium,65,scorer-v1,hired,2026-02-01 10:47
A000601,J0073,C00511,2026-07-03 03:16,0.425,low,73,scorer-v2,interviewed,2026-07-06 05:26
A000602,J0011,C01039,2025-12-08 23:46,0.768,medium,75,scorer-v1,interviewed,2025-12-18 10:22
A000603,J0060,C01325,2026-07-18 04:39,0.13,low,59,scorer-v2,rejected,2026-08-09 06:07
A000604,J0017,C01239,2025-11-19 03:00,0.829,good,75,scorer-v1,hired,2025-12-08 04:56
A000605,J0055,C00792,2026-03-17 06:29,0.275,low,39,scorer-v2,rejected,2026-04-13 18:30
A000606,J0037,C00537,2025-09-28 14:43,0.338,low,56,scorer-v1,interviewed,2025-10-18 02:08
A000607,J0051,C00675,2026-06-29 14:25,0.147,low,67,scorer-v2,rejected,2026-07-15 17:16
A000608,J0012,C01254,2026-04-25 08:16,0.076,low,66,scorer-v2,rejected,2026-05-21 21:57
A000609,J0059,C01302,2026-03-22 09:42,0.926,good,82,scorer-v2,hired,2026-04-19 15:38
A000610,J0065,C00323,2026-07-19 17:02,0.323,low,66,scorer-v2,rejected,2026-08-11 00:33
A000611,J0042,C01084,2025-09-16 14:54,0.364,low,52,scorer-v1,rejected,2025-10-09 23:14
A000612,J0031,C01258,2026-05-24 10:16,0.646,medium,69,scorer-v2,,
A000613,J0036,C01310,2026-03-20 08:08,0.121,low,65,scorer-v2,rejected,2026-04-17 19:40
A000614,J0070,C01006,2025-09-21 04:22,0.909,good,62,scorer-v1,hired,2025-10-12 15:27
A000615,J0047,C01175,2026-02-17 05:04,0.066,low,46,scorer-v1,interviewed,2026-02-27 14:34
A000616,J0006,C00954,2026-05-23 18:21,0.37,low,70,scorer-v2,interviewed,2026-06-04 06:31
A000617,J0001,C00261,2026-02-08 08:05,0.729,medium,60,scorer-v1,interviewed,2026-03-01 02:24
A000618,J0009,C00755,2026-03-12 02:30,0.701,medium,80,scorer-v2,interviewed,2026-03-20 10:54
A000619,J0064,C00609,2026-06-18 08:05,0.582,medium,71,scorer-v2,hired,2026-07-15 17:36
A000620,J0013,C01068,2026-04-22 14:42,0.11,low,41,scorer-v2,,
A000621,J0079,C00300,2025-10-04 05:46,0.169,low,16,scorer-v1,rejected,2025-10-17 07:13
A000622,J0052,C00626,2025-09-13 19:57,0.689,medium,61,scorer-v1,interviewed,2025-10-07 22:50
A000623,J0018,C00143,2025-09-22 02:11,0.157,low,75,scorer-v1,interviewed,2025-10-17 02:16
A000624,J0064,C00549,2025-09-02 08:35,0.226,low,41,scorer-v1,rejected,2025-09-07 06:44
A000625,J0009,C00002,2026-01-29 20:02,0.658,medium,65,scorer-v1,rejected,2026-02-12 15:55
A000626,J0041,C01192,2025-11-13 00:21,0.582,medium,74,scorer-v1,rejected,2025-11-18 03:45
A000627,J0039,C00921,2026-05-07 12:05,0.618,medium,71,scorer-v2,hired,2026-05-10 16:20
A000628,J0033,C00705,2025-12-08 21:10,0.378,low,34,scorer-v1,rejected,2025-12-21 22:24
A000629,J0011,C00364,2026-07-01 17:55,0.544,medium,54,scorer-v2,hired,2026-08-01 11:03
A000630,J0053,C00106,2025-11-23 02:26,0.489,low,63,scorer-v1,interviewed,2025-12-18 14:16
A000631,J0024,C00039,2025-09-01 07:58,0.558,medium,61,scorer-v1,hired,2025-09-26 12:14
A000632,J0072,C00132,2026-05-13 21:09,0.565,medium,69,scorer-v2,interviewed,2026-06-06 07:10
A000633,J0022,C00119,2025-12-03 13:57,0.177,low,37,scorer-v1,interviewed,2025-12-21 10:08
A000634,J0037,C01379,2026-02-18 16:31,0.528,medium,53,scorer-v1,hired,2026-03-09 22:43
A000635,J0068,C00403,2025-12-11 13:27,0.821,good,96,scorer-v1,rejected,2025-12-21 23:27
A000636,J0057,C00264,2026-05-29 20:39,0.086,low,51,scorer-v2,rejected,2026-06-10 02:29
A000637,J0006,C01197,2025-10-27 03:40,0.559,medium,94,scorer-v1,hired,2025-11-25 20:04
A000638,J0046,C01230,2026-04-29 14:03,0.877,good,97,scorer-v2,hired,2026-05-23 21:39
A000639,J0073,C01232,2026-02-01 08:32,0.638,medium,62,scorer-v1,rejected,2026-02-12 13:14
A000640,J0044,C01325,2026-04-17 11:27,0.26,low,27,scorer-v2,rejected,2026-05-08 14:16
A000641,J0013,C01330,2026-02-19 14:47,0.153,low,50,scorer-v1,hired,2026-03-03 06:33
A000642,J0031,C00701,2026-05-25 06:37,0.525,medium,83,scorer-v2,interviewed,2026-06-07 06:09
A000643,J0017,C00126,2025-09-15 18:51,0.434,low,31,scorer-v1,rejected,2025-09-30 04:54
A000644,J0041,C01483,2026-02-23 18:30,0.634,medium,61,scorer-v1,interviewed,2026-03-12 05:11
A000645,J0027,C00716,2026-03-09 09:54,0.422,low,29,scorer-v2,rejected,2026-03-18 04:01
A000646,J0015,C00053,2025-10-16 05:51,0.343,low,36,scorer-v1,rejected,2025-11-12 08:17
A000647,J0077,C00191,2026-03-27 14:05,0.188,low,66,scorer-v2,rejected,2026-04-23 11:08
A000648,J0061,C00481,2026-04-03 00:14,0.343,low,53,scorer-v2,rejected,2026-04-14 04:55
A000649,J0027,C00976,2025-09-25 07:04,0.19,low,23,scorer-v1,rejected,2025-10-05 23:44
A000650,J0007,C00828,2025-12-17 03:21,0.781,medium,69,scorer-v1,hired,2026-01-13 04:36
A000651,J0060,C00384,2026-03-10 15:23,0.133,low,51,scorer-v2,rejected,2026-03-20 18:46
A000652,J0013,C01390,2026-06-07 15:21,0.182,low,84,scorer-v2,hired,2026-06-11 12:27
A000653,J0069,C00701,2026-07-19 19:39,0.921,good,67,scorer-v2,hired,2026-08-02 08:11
A000654,J0064,C00419,2025-09-11 07:28,0.765,medium,68,scorer-v1,hired,2025-09-30 13:56
A000655,J0033,C01464,2026-03-01 16:29,0.614,medium,65,scorer-v2,rejected,2026-03-05 20:05
A000656,J0042,C00226,2026-04-02 07:19,0.466,low,71,scorer-v2,hired,2026-04-26 13:04
A000657,J0060,C01474,2025-12-16 13:54,0.174,low,64,scorer-v1,rejected,2026-01-09 18:59
A000658,J0054,C00694,2026-05-06 08:08,0.57,medium,81,scorer-v2,rejected,2026-05-26 00:40
A000659,J0057,C00207,2026-04-04 04:18,0.062,low,63,scorer-v2,,
A000660,J0037,C01313,2025-12-14 00:13,0.621,medium,59,scorer-v1,hired,2025-12-23 14:41
A000661,J0080,C00658,2026-03-14 07:47,0.108,low,59,scorer-v2,hired,2026-03-21 07:46
A000662,J0045,C00382,2025-12-02 05:40,0.22,low,100,scorer-v1,hired,2025-12-18 14:28
A000663,J0012,C00625,2026-02-20 21:31,0.21,low,73,scorer-v1,hired,2026-03-07 17:58
A000664,J0076,C00265,2025-09-15 23:07,0.474,low,49,scorer-v1,hired,2025-09-21 21:41
A000665,J0074,C01166,2026-04-14 01:24,0.51,medium,56,scorer-v2,,
A000666,J0010,C01213,2025-11-05 13:20,0.378,low,45,scorer-v1,rejected,2025-11-14 01:24
A000667,J0033,C00020,2026-06-09 09:27,0.59,medium,41,scorer-v2,hired,2026-06-22 14:26
A000668,J0030,C00115,2026-05-15 12:48,0.139,low,62,scorer-v2,interviewed,2026-06-14 18:38
A000669,J0076,C01421,2026-07-19 21:57,0.723,medium,100,scorer-v2,interviewed,2026-08-16 07:58
A000670,J0017,C00774,2026-06-04 02:52,0.559,medium,50,scorer-v2,rejected,2026-06-30 21:46
A000671,J0057,C00416,2026-05-10 23:48,0.192,low,81,scorer-v2,interviewed,2026-06-08 08:26
A000672,J0027,C00420,2025-11-26 05:55,0.201,low,58,scorer-v1,,
A000673,J0042,C01018,2026-01-18 19:38,0.823,good,71,scorer-v1,rejected,2026-02-17 15:26
A000674,J0008,C00199,2026-06-28 22:42,0.12,low,92,scorer-v2,rejected,2026-07-18 19:40
A000675,J0012,C00508,2025-10-30 19:34,0.173,low,79,scorer-v1,interviewed,2025-11-05 06:20
A000676,J0017,C01039,2026-01-28 02:53,0.891,good,67,scorer-v1,interviewed,2026-02-26 12:27
A000677,J0005,C00962,2025-10-28 01:06,0.664,medium,63,scorer-v1,interviewed,2025-11-16 00:09
A000678,J0014,C01253,2026-04-15 22:07,0.454,low,78,scorer-v2,rejected,2026-04-27 17:55
A000679,J0029,C00739,2026-05-02 23:36,0.424,low,63,scorer-v2,rejected,2026-05-06 02:23
A000680,J0018,C00068,2025-09-17 00:05,0.148,low,64,scorer-v1,hired,2025-10-10 04:40
A000681,J0073,C01472,2025-12-11 02:50,0.7,medium,83,scorer-v1,hired,2025-12-16 18:24
A000682,J0069,C00604,2025-12-27 17:58,0.78,medium,49,scorer-v1,interviewed,2026-01-26 05:31
A000683,J0047,C00684,2025-12-24 15:41,0.127,low,60,scorer-v1,rejected,2025-12-30 13:21
A000684,J0027,C00307,2026-07-09 21:48,0.715,medium,68,scorer-v2,rejected,2026-08-02 04:41
A000685,J0045,C00074,2026-04-15 02:21,0.239,low,91,scorer-v2,interviewed,2026-05-13 21:19
A000686,J0016,C00253,2026-04-09 19:20,0.686,medium,76,scorer-v2,hired,2026-05-08 12:25
A000687,J0027,C01377,2026-01-10 16:28,0.719,medium,63,scorer-v1,rejected,2026-01-31 08:23
A000688,J0035,C01489,2026-07-22 17:10,0.23,low,35,scorer-v2,rejected,2026-08-09 02:07
A000689,J0031,C00282,2025-09-18 00:05,0.722,medium,49,scorer-v1,hired,2025-10-15 03:21
A000690,J0004,C00548,2025-10-19 05:16,0.545,medium,76,scorer-v1,rejected,2025-10-26 16:07
A000691,J0016,C01404,2026-03-02 13:28,0.439,low,81,scorer-v2,interviewed,2026-03-14 10:59
A000692,J0033,C00132,2026-06-09 15:13,0.636,medium,57,scorer-v2,interviewed,2026-07-10 08:19
A000693,J0026,C00190,2026-04-25 05:00,0.199,low,60,scorer-v2,rejected,2026-05-14 04:57
A000694,J0068,C00277,2026-04-02 11:27,0.864,good,100,scorer-v2,interviewed,2026-04-29 11:46
A000695,J0058,C01052,2025-11-10 23:55,0.652,medium,79,scorer-v1,rejected,2025-12-11 12:24
A000696,J0029,C00243,2025-09-26 09:15,0.734,medium,81,scorer-v1,hired,2025-10-06 16:59
A000697,J0074,C00613,2026-07-10 16:05,0.272,low,40,scorer-v2,rejected,2026-07-16 00:03
A000698,J0065,C00461,2026-06-25 15:16,0.578,medium,56,scorer-v2,interviewed,2026-06-30 20:11
A000699,J0050,C00605,2026-03-09 12:07,0.935,good,88,scorer-v2,interviewed,2026-03-30 16:30
A000700,J0020,C00644,2025-10-26 17:45,0.424,low,21,scorer-v1,rejected,2025-11-07 23:48
A000701,J0047,C01226,2026-05-21 01:31,0.095,low,73,scorer-v2,rejected,2026-06-02 15:33
A000702,J0025,C00191,2026-01-28 11:25,0.466,low,77,scorer-v1,interviewed,2026-02-14 05:54
A000703,J0073,C01445,2025-09-29 14:00,1.0,good,80,scorer-v1,hired,2025-10-06 08:31
A000704,J0015,C00262,2025-10-27 13:48,0.523,medium,80,scorer-v1,hired,2025-11-10 14:23
A000705,J0062,C00206,2026-02-16 15:45,0.12,low,48,scorer-v1,rejected,2026-03-04 06:56
A000706,J0023,C00538,2026-06-13 06:53,0.489,low,49,scorer-v2,rejected,2026-07-09 14:48
A000707,J0029,C00100,2026-05-31 23:33,0.867,good,88,scorer-v2,hired,2026-06-08 20:52
A000708,J0032,C00869,2025-11-18 09:19,0.581,medium,48,scorer-v1,,
A000709,J0012,C00234,2026-07-18 00:17,0.103,low,72,scorer-v2,hired,2026-08-10 08:22
A000710,J0013,C01483,2025-11-07 13:19,0.182,low,53,scorer-v1,rejected,2025-11-23 17:10
A000711,J0063,C00065,2026-05-07 06:09,0.148,low,49,scorer-v2,,
A000712,J0046,C01323,2025-12-25 08:46,0.486,low,71,scorer-v1,rejected,2026-01-22 17:50
A000713,J0049,C00249,2026-05-10 21:45,0.507,medium,76,scorer-v2,rejected,2026-05-28 00:39
A000714,J0046,C00689,2026-03-30 18:29,0.491,low,48,scorer-v2,rejected,2026-04-12 12:29
A000715,J0078,C01175,2026-01-26 08:46,0.495,low,59,scorer-v1,rejected,2026-02-16 01:59
A000716,J0046,C01398,2025-09-24 16:46,0.62,medium,100,scorer-v1,,
A000717,J0059,C01134,2026-03-04 20:15,0.47,low,78,scorer-v2,rejected,2026-03-18 13:59
A000718,J0040,C01377,2026-03-08 22:16,0.861,good,83,scorer-v2,interviewed,2026-03-16 08:16
A000719,J0029,C00285,2026-07-05 12:10,0.621,medium,74,scorer-v2,rejected,2026-08-04 08:26
A000720,J0065,C00920,2025-12-05 20:35,0.098,low,36,scorer-v1,rejected,2026-01-01 06:02
A000721,J0053,C01477,2025-12-22 00:42,0.909,good,80,scorer-v1,hired,2026-01-06 20:18
A000722,J0027,C01383,2026-07-21 16:03,0.406,low,80,scorer-v2,hired,2026-07-26 12:09
A000723,J0078,C01342,2025-11-14 11:54,0.495,low,54,scorer-v1,rejected,2025-11-17 12:59
A000724,J0056,C00191,2025-12-09 09:36,0.6,medium,55,scorer-v1,hired,2026-01-06 19:24
A000725,J0046,C01364,2026-02-07 03:38,0.956,good,95,scorer-v1,hired,2026-02-12 06:55
A000726,J0037,C00489,2025-12-04 07:22,0.855,good,86,scorer-v1,hired,2026-01-01 11:36
A000727,J0024,C00048,2026-03-14 03:06,0.316,low,71,scorer-v2,rejected,2026-03-23 20:26
A000728,J0001,C01119,2026-06-06 00:42,0.765,medium,83,scorer-v2,hired,2026-06-10 06:05
A000729,J0024,C01330,2025-10-01 01:04,0.864,good,84,scorer-v1,hired,2025-10-31 20:08
A000730,J0023,C00535,2025-11-08 11:07,0.796,medium,70,scorer-v1,hired,2025-11-17 19:10
A000731,J0038,C01476,2026-04-28 08:49,0.619,medium,67,scorer-v2,hired,2026-05-06 18:02
A000732,J0024,C01033,2025-12-17 03:24,0.279,low,35,scorer-v1,rejected,2026-01-02 08:28
A000733,J0033,C00915,2026-07-21 00:04,0.404,low,36,scorer-v2,rejected,2026-07-31 22:24
A000734,J0048,C00956,2025-10-21 11:33,0.878,good,68,scorer-v1,rejected,2025-10-29 00:44
A000735,J0061,C00258,2026-06-29 09:28,0.616,medium,68,scorer-v2,hired,2026-07-26 00:52
A000736,J0064,C00893,2025-09-17 21:46,0.529,medium,51,scorer-v1,rejected,2025-10-07 16:01
A000737,J0045,C00247,2025-10-14 15:05,0.187,low,43,scorer-v1,interviewed,2025-10-17 23:54
A000738,J0041,C00873,2025-11-08 02:07,0.422,low,61,scorer-v1,rejected,2025-11-18 12:46
A000739,J0014,C00046,2025-11-14 23:24,0.406,low,40,scorer-v1,rejected,2025-12-02 15:29
A000740,J0049,C01380,2026-06-09 17:05,0.465,low,55,scorer-v2,hired,2026-07-10 16:53
A000741,J0073,C00528,2026-06-02 17:46,0.478,low,60,scorer-v2,rejected,2026-06-17 07:33
A000742,J0067,C00901,2026-04-04 12:23,0.51,medium,59,scorer-v2,,
A000743,J0052,C01142,2026-07-24 18:12,0.648,medium,75,scorer-v2,hired,2026-08-13 03:15
A000744,J0039,C01295,2025-12-18 22:42,0.766,medium,100,scorer-v1,hired,2026-01-03 19:08
A000745,J0075,C01289,2026-05-10 04:37,0.198,low,71,scorer-v2,interviewed,2026-06-02 23:02
A000746,J0001,C00714,2025-11-14 07:30,0.502,medium,66,scorer-v1,hired,2025-12-09 16:43
A000747,J0003,C01472,2025-10-09 23:32,0.168,low,77,scorer-v1,hired,2025-11-07 13:59
A000748,J0004,C01340,2026-03-13 14:32,0.771,medium,94,scorer-v2,hired,2026-03-22 17:38
A000749,J0076,C01267,2025-11-25 03:07,0.515,medium,54,scorer-v1,rejected,2025-12-05 01:52
A000750,J0055,C00269,2026-01-24 23:55,0.545,medium,54,scorer-v1,rejected,2026-02-02 13:03
A000751,J0055,C00623,2026-01-04 12:47,0.659,medium,77,scorer-v1,rejected,2026-01-24 23:37
A000752,J0016,C00626,2026-04-15 19:39,0.974,good,88,scorer-v2,hired,2026-05-09 14:49
A000753,J0043,C00243,2026-04-14 13:57,0.253,low,66,scorer-v2,rejected,2026-04-24 05:49
A000754,J0048,C00822,2025-12-17 12:58,0.392,low,14,scorer-v1,rejected,2026-01-05 20:30
A000755,J0059,C01200,2026-04-06 10:22,0.515,medium,72,scorer-v2,interviewed,2026-05-06 06:37
A000756,J0026,C00629,2026-01-12 01:47,0.11,low,39,scorer-v1,rejected,2026-01-28 01:37
A000757,J0015,C00872,2025-10-15 13:13,0.634,medium,54,scorer-v1,rejected,2025-11-12 03:21
A000758,J0054,C01375,2025-11-21 06:41,0.895,good,83,scorer-v1,hired,2025-11-24 10:52
A000759,J0043,C00002,2025-09-26 11:51,0.269,low,46,scorer-v1,interviewed,2025-10-26 15:41
A000760,J0072,C00198,2026-01-27 22:13,0.572,medium,75,scorer-v1,interviewed,2026-02-16 20:07
A000761,J0056,C00591,2026-03-03 02:18,0.628,medium,60,scorer-v2,hired,2026-03-18 14:42
A000762,J0074,C01150,2025-10-01 15:39,0.642,medium,88,scorer-v1,hired,2025-10-19 07:27
A000763,J0042,C00963,2025-12-16 14:07,0.221,low,41,scorer-v1,rejected,2025-12-23 07:02
A000764,J0021,C00398,2026-04-03 06:25,0.589,medium,62,scorer-v2,rejected,2026-04-13 01:38
A000765,J0016,C00625,2025-10-02 18:17,0.628,medium,50,scorer-v1,rejected,2025-10-14 18:30
A000766,J0047,C00120,2025-11-12 15:17,0.086,low,69,scorer-v1,rejected,2025-11-30 16:42
A000767,J0024,C01253,2026-03-20 02:36,0.397,low,53,scorer-v2,rejected,2026-03-24 07:28
A000768,J0062,C00569,2026-06-30 18:29,0.204,low,67,scorer-v2,hired,2026-07-07 19:00
A000769,J0057,C00838,2025-12-14 08:22,0.056,low,40,scorer-v1,rejected,2026-01-14 01:09
A000770,J0069,C01184,2026-05-08 09:02,0.427,low,58,scorer-v2,rejected,2026-05-17 17:19
A000771,J0077,C00911,2026-01-21 11:30,0.218,low,71,scorer-v1,interviewed,2026-02-07 04:06
A000772,J0027,C01261,2026-04-09 14:14,0.483,low,47,scorer-v2,rejected,2026-05-10 07:15
A000773,J0017,C00736,2026-02-16 04:15,0.593,medium,69,scorer-v1,hired,2026-02-27 22:39
A000774,J0064,C00651,2026-07-16 18:03,0.882,good,82,scorer-v2,hired,2026-07-21 16:06
A000775,J0014,C01187,2026-05-14 20:36,0.148,low,57,scorer-v2,rejected,2026-06-04 19:40
A000776,J0042,C00920,2026-05-30 10:27,0.401,low,67,scorer-v2,rejected,2026-06-29 06:15
A000777,J0001,C00081,2026-01-07 12:20,0.366,low,51,scorer-v1,rejected,2026-01-23 14:05
A000778,J0018,C00662,2025-11-10 12:06,0.186,low,85,scorer-v1,hired,2025-11-18 08:37
A000779,J0076,C00779,2025-10-25 01:34,0.526,medium,52,scorer-v1,rejected,2025-10-29 22:50
A000780,J0036,C01137,2025-10-16 17:49,0.201,low,61,scorer-v1,,
A000781,J0052,C01289,2025-11-23 12:18,0.676,medium,73,scorer-v1,interviewed,2025-12-03 23:11
A000782,J0038,C00335,2026-02-17 13:10,1.0,good,100,scorer-v1,,
A000783,J0076,C00457,2025-12-10 11:26,0.251,low,16,scorer-v1,interviewed,2025-12-18 11:39
A000784,J0058,C01061,2025-10-07 18:21,0.496,low,49,scorer-v1,rejected,2025-10-17 11:35
A000785,J0007,C01405,2026-01-26 20:38,0.629,medium,56,scorer-v1,hired,2026-02-26 01:11
A000786,J0065,C00380,2025-12-03 17:44,0.278,low,32,scorer-v1,rejected,2025-12-21 12:08
A000787,J0037,C01072,2025-12-14 02:21,0.639,medium,67,scorer-v1,hired,2026-01-02 13:40
A000788,J0072,C00002,2026-05-16 17:15,0.445,low,63,scorer-v2,rejected,2026-05-30 09:30
A000789,J0008,C01131,2026-01-19 22:49,0.192,low,70,scorer-v1,,
A000790,J0033,C00380,2026-03-03 09:54,0.103,low,26,scorer-v2,rejected,2026-03-13 05:20
A000791,J0015,C00073,2026-03-22 02:34,0.671,medium,60,scorer-v2,interviewed,2026-04-21 18:15
A000792,J0020,C00922,2026-05-14 03:00,0.935,good,97,scorer-v2,hired,2026-06-08 09:50
A000793,J0022,C00544,2026-02-26 02:44,1.0,good,100,scorer-v1,hired,2026-03-29 01:33
A000794,J0078,C00554,2026-07-17 14:24,0.517,medium,57,scorer-v2,rejected,2026-08-02 10:51
A000795,J0025,C00311,2026-02-19 22:26,0.813,good,76,scorer-v1,interviewed,2026-03-20 18:45
A000796,J0066,C00717,2025-12-20 12:53,0.477,low,28,scorer-v1,,
A000797,J0018,C01175,2025-11-14 02:26,0.135,low,71,scorer-v1,interviewed,2025-12-02 04:46
A000798,J0049,C01026,2026-03-02 09:49,0.439,low,34,scorer-v2,rejected,2026-03-29 17:51
A000799,J0071,C01029,2026-02-15 21:17,0.7,medium,80,scorer-v1,interviewed,2026-03-03 09:43
A000800,J0071,C01444,2026-03-14 15:09,0.349,low,32,scorer-v2,rejected,2026-04-08 17:52
A000801,J0007,C00364,2025-11-22 02:29,0.485,low,41,scorer-v1,rejected,2025-12-09 04:59
A000802,J0071,C00046,2026-05-28 00:20,0.39,low,39,scorer-v2,hired,2026-06-12 05:46
A000803,J0063,C01117,2026-05-11 08:31,0.092,low,49,scorer-v2,rejected,2026-05-18 04:44
A000804,J0056,C00107,2026-01-23 08:25,0.616,medium,55,scorer-v1,rejected,2026-02-14 02:51
A000805,J0054,C00996,2025-11-06 00:00,0.711,medium,83,scorer-v1,interviewed,2025-11-22 01:33
A000806,J0070,C00543,2026-01-21 05:25,0.602,medium,69,scorer-v1,interviewed,2026-02-13 22:45
A000807,J0075,C01316,2026-06-04 12:33,0.191,low,70,scorer-v2,interviewed,2026-06-29 23:09
A000808,J0003,C00917,2026-02-01 08:47,0.194,low,61,scorer-v1,hired,2026-03-03 08:08
A000809,J0023,C00279,2026-01-09 08:59,0.769,medium,68,scorer-v1,interviewed,2026-01-27 05:11
A000810,J0018,C00526,2026-06-29 10:42,0.236,low,93,scorer-v2,hired,2026-07-16 09:23
A000811,J0017,C01363,2026-07-20 07:09,0.41,low,41,scorer-v2,interviewed,2026-08-17 10:56
A000812,J0068,C00033,2026-04-11 17:56,0.438,low,33,scorer-v2,rejected,2026-04-29 15:25
A000813,J0047,C00079,2026-05-05 14:23,0.119,low,66,scorer-v2,rejected,2026-05-18 08:07
A000814,J0055,C00372,2025-12-26 15:54,0.383,low,38,scorer-v1,,
A000815,J0046,C01327,2026-06-28 10:57,0.596,medium,51,scorer-v2,rejected,2026-07-10 16:40
A000816,J0075,C01091,2026-06-23 22:19,0.203,low,68,scorer-v2,hired,2026-06-30 23:51
A000817,J0068,C00214,2026-06-04 20:16,0.424,low,50,scorer-v2,rejected,2026-06-24 04:14
A000818,J0070,C01068,2026-03-06 04:26,0.568,medium,69,scorer-v2,rejected,2026-03-17 19:06
A000819,J0039,C00773,2026-03-28 14:49,0.556,medium,51,scorer-v2,hired,2026-04-22 20:23
A000820,J0037,C00114,2026-05-20 07:13,0.508,medium,57,scorer-v2,rejected,2026-06-02 11:41
A000821,J0032,C00005,2026-01-18 18:38,0.513,medium,32,scorer-v1,rejected,2026-02-04 07:48
A000822,J0006,C00914,2026-04-05 16:57,0.588,medium,60,scorer-v2,,
A000823,J0065,C00711,2025-12-06 02:06,0.846,good,49,scorer-v1,,
A000824,J0011,C01489,2025-09-08 09:31,0.465,low,34,scorer-v1,hired,2025-09-29 00:53
A000825,J0006,C01207,2025-12-21 21:36,0.442,low,62,scorer-v1,rejected,2026-01-17 17:42
A000826,J0046,C00614,2026-04-10 21:11,0.621,medium,93,scorer-v2,hired,2026-04-30 12:25
A000827,J0062,C01109,2026-01-04 16:37,0.155,low,78,scorer-v1,interviewed,2026-01-08 20:07
A000828,J0080,C01083,2025-12-09 04:41,0.156,low,30,scorer-v1,interviewed,2025-12-21 19:02
A000829,J0072,C00383,2026-02-19 15:34,0.527,medium,63,scorer-v1,rejected,2026-03-22 04:50
A000830,J0036,C00630,2025-10-09 10:20,0.119,low,52,scorer-v1,,
A000831,J0070,C01300,2025-09-01 13:50,0.201,low,19,scorer-v1,rejected,2025-10-01 12:30
A000832,J0044,C00833,2025-10-27 14:55,0.457,low,62,scorer-v1,interviewed,2025-11-05 19:43
A000833,J0073,C01334,2025-12-07 20:59,0.62,medium,64,scorer-v1,,
A000834,J0036,C00523,2026-03-12 22:52,0.057,low,60,scorer-v2,interviewed,2026-04-11 17:59
A000835,J0016,C01232,2025-12-24 12:33,0.57,medium,63,scorer-v1,rejected,2026-01-24 07:12
A000836,J0009,C00884,2025-10-17 01:48,0.967,good,73,scorer-v1,hired,2025-11-16 00:09
A000837,J0067,C01028,2026-03-08 14:20,0.525,medium,80,scorer-v2,rejected,2026-03-14 05:55
A000838,J0050,C00309,2026-01-21 15:12,0.633,medium,55,scorer-v1,hired,2026-02-08 02:53
A000839,J0076,C00826,2025-10-26 09:40,0.49,low,71,scorer-v1,rejected,2025-11-13 09:21
A000840,J0041,C00682,2026-02-10 12:31,0.517,medium,66,scorer-v1,rejected,2026-02-14 01:19
A000841,J0029,C01448,2025-12-03 00:51,0.552,medium,63,scorer-v1,interviewed,2025-12-25 17:40
A000842,J0070,C00994,2025-10-13 13:06,0.446,low,48,scorer-v1,interviewed,2025-10-28 02:26
A000843,J0036,C00038,2025-09-24 11:05,0.092,low,56,scorer-v1,hired,2025-10-07 12:42
A000844,J0066,C00175,2026-03-25 21:56,0.687,medium,67,scorer-v2,interviewed,2026-04-20 02:04
A000845,J0011,C00481,2025-09-22 01:43,0.458,low,44,scorer-v1,rejected,2025-10-21 06:04
A000846,J0059,C00873,2026-06-04 22:14,0.563,medium,78,scorer-v2,rejected,2026-06-10 14:46
A000847,J0029,C01362,2026-05-21 10:05,0.702,medium,73,scorer-v2,hired,2026-05-24 20:22
A000848,J0014,C01136,2026-06-24 03:35,0.482,low,52,scorer-v2,rejected,2026-07-22 01:28
A000849,J0044,C00269,2026-07-18 17:02,0.283,low,47,scorer-v2,rejected,2026-08-07 12:25
A000850,J0035,C01308,2026-03-12 10:44,0.568,medium,49,scorer-v2,interviewed,2026-03-22 04:44
A000851,J0022,C00544,2026-03-24 04:20,0.6,medium,59,scorer-v2,interviewed,2026-04-04 00:57
A000852,J0078,C01420,2025-09-06 04:34,0.765,medium,73,scorer-v1,rejected,2025-09-13 08:07
A000853,J0009,C00002,2025-09-19 17:52,0.603,medium,79,scorer-v1,rejected,2025-10-09 05:20
A000854,J0047,C01482,2025-12-31 21:50,0.167,low,57,scorer-v1,,
A000855,J0001,C00121,2025-10-04 03:36,0.381,low,49,scorer-v1,rejected,2025-10-09 05:24
A000856,J0011,C01004,2026-07-02 16:57,0.689,medium,87,scorer-v2,interviewed,2026-08-01 14:00
A000857,J0042,C00857,2026-01-07 17:03,0.344,low,16,scorer-v1,rejected,2026-01-15 16:44
A000858,J0023,C00006,2026-03-30 15:44,0.815,good,100,scorer-v2,hired,2026-04-16 19:37
A000859,J0067,C00242,2026-04-21 09:40,0.463,low,81,scorer-v2,interviewed,2026-05-13 07:04
A000860,J0003,C00630,2025-12-09 18:49,0.145,low,62,scorer-v1,hired,2025-12-27 10:08
A000861,J0080,C01336,2025-11-09 21:53,0.195,low,49,scorer-v1,interviewed,2025-12-04 03:14
A000862,J0022,C00536,2026-01-08 22:03,0.488,low,43,scorer-v1,hired,2026-01-14 11:17
A000863,J0056,C00603,2026-03-17 16:48,0.923,good,100,scorer-v2,hired,2026-03-23 13:12
A000864,J0042,C01424,2025-12-06 04:30,0.484,low,60,scorer-v1,interviewed,2025-12-16 14:21
A000865,J0007,C01018,2026-05-20 21:05,0.479,low,48,scorer-v2,rejected,2026-05-26 05:00
A000866,J0028,C00430,2025-12-11 18:52,0.404,low,59,scorer-v1,hired,2025-12-28 07:56
A000867,J0001,C00894,2026-01-26 16:19,0.842,good,76,scorer-v1,interviewed,2026-02-06 15:30
A000868,J0054,C00223,2026-01-22 07:48,0.599,medium,56,scorer-v1,hired,2026-02-21 02:56
A000869,J0024,C01454,2026-03-13 15:29,0.421,low,39,scorer-v2,rejected,2026-03-27 16:52
A000870,J0076,C00986,2025-12-04 21:37,0.732,medium,82,scorer-v1,rejected,2025-12-13 06:57
A000871,J0004,C00350,2026-06-09 03:14,0.846,good,100,scorer-v2,hired,2026-06-26 02:44
A000872,J0031,C00933,2025-10-05 05:11,0.544,medium,52,scorer-v1,interviewed,2025-10-17 07:37
A000873,J0018,C01249,2025-11-10 21:09,0.271,low,81,scorer-v1,hired,2025-11-14 03:20
A000874,J0032,C01123,2025-11-19 07:03,0.695,medium,57,scorer-v1,rejected,2025-12-16 23:49
A000875,J0020,C01439,2025-09-28 23:45,0.663,medium,76,scorer-v1,rejected,2025-10-10 07:15
A000876,J0045,C00770,2025-11-25 15:27,0.17,low,76,scorer-v1,interviewed,2025-12-13 03:12
A000877,J0027,C00857,2025-11-09 12:35,0.232,low,33,scorer-v1,rejected,2025-12-05 06:53
A000878,J0039,C01432,2026-03-05 11:50,0.622,medium,84,scorer-v2,hired,2026-03-10 15:43
A000879,J0013,C00309,2026-04-05 04:05,0.176,low,80,scorer-v2,hired,2026-04-19 00:34
A000880,J0014,C01066,2026-04-04 20:07,0.775,medium,75,scorer-v2,interviewed,2026-04-17 03:15
A000881,J0036,C00511,2026-04-11 13:24,0.056,low,65,scorer-v2,,
A000882,J0074,C01181,2026-07-24 06:20,0.526,medium,68,scorer-v2,rejected,2026-07-29 21:11
A000883,J0077,C01014,2026-05-24 12:20,0.058,low,85,scorer-v2,hired,2026-06-19 22:25
A000884,J0052,C00038,2025-09-05 08:23,0.302,low,58,scorer-v1,rejected,2025-10-03 17:47
A000885,J0049,C01383,2025-10-11 04:13,0.313,low,39,scorer-v1,rejected,2025-11-09 13:26
A000886,J0050,C00612,2025-10-13 06:08,0.654,medium,50,scorer-v1,hired,2025-11-07 14:56
A000887,J0049,C00307,2026-05-01 05:45,0.582,medium,56,scorer-v2,interviewed,2026-05-21 00:52
A000888,J0078,C01225,2025-11-05 02:30,0.53,medium,62,scorer-v1,hired,2025-11-23 15:12
A000889,J0033,C00007,2025-12-19 13:44,0.314,low,35,scorer-v1,rejected,2026-01-16 02:34
A000890,J0027,C00021,2025-10-30 13:16,0.4,low,56,scorer-v1,rejected,2025-11-10 07:48
A000891,J0062,C00232,2026-05-03 16:17,0.102,low,64,scorer-v2,hired,2026-06-01 03:28
A000892,J0071,C00792,2025-10-27 10:29,0.437,low,41,scorer-v1,,
A000893,J0073,C00896,2025-09-16 15:43,0.861,good,67,scorer-v1,interviewed,2025-10-08 00:37
A000894,J0016,C00367,2026-04-12 23:44,0.644,medium,66,scorer-v2,,
A000895,J0043,C00399,2026-07-18 04:52,0.573,medium,61,scorer-v2,hired,2026-08-03 05:46
A000896,J0078,C01473,2026-02-16 02:28,0.354,low,56,scorer-v1,rejected,2026-03-10 08:08
A000897,J0009,C01169,2026-06-11 01:15,0.347,low,70,scorer-v2,rejected,2026-06-29 18:55
A000898,J0079,C01205,2026-02-15 08:27,0.565,medium,56,scorer-v1,,
A000899,J0048,C00839,2026-01-27 07:28,0.409,low,34,scorer-v1,rejected,2026-02-01 10:55
A000900,J0019,C00815,2025-11-15 11:46,0.891,good,73,scorer-v1,interviewed,2025-11-20 07:31
A000901,J0029,C01342,2025-10-14 14:25,0.623,medium,69,scorer-v1,,
A000902,J0054,C00305,2025-12-24 14:35,0.326,low,36,scorer-v1,interviewed,2026-01-06 23:37
A000903,J0040,C00858,2026-01-04 14:41,0.685,medium,86,scorer-v1,interviewed,2026-01-27 03:01
A000904,J0071,C00420,2025-11-08 22:53,0.509,medium,64,scorer-v1,interviewed,2025-12-02 01:31
A000905,J0021,C00587,2026-03-04 05:39,0.676,medium,69,scorer-v2,hired,2026-03-27 03:45
A000906,J0060,C01211,2026-04-17 16:14,0.106,low,67,scorer-v2,rejected,2026-05-07 14:15
A000907,J0013,C01026,2026-05-19 11:25,0.093,low,36,scorer-v2,hired,2026-06-09 21:48
A000908,J0010,C01321,2025-11-26 16:39,0.331,low,35,scorer-v1,interviewed,2025-12-10 21:50
A000909,J0019,C00252,2026-03-16 16:05,0.806,good,89,scorer-v2,hired,2026-04-16 10:07
A000910,J0002,C01056,2026-05-10 07:28,0.183,low,41,scorer-v2,rejected,2026-06-03 09:03
A000911,J0052,C00303,2026-06-02 12:34,0.495,low,78,scorer-v2,hired,2026-06-10 20:55
A000912,J0080,C01333,2026-06-21 19:34,0.099,low,55,scorer-v2,rejected,2026-07-08 20:37
A000913,J0039,C01051,2026-04-03 05:22,0.437,low,65,scorer-v2,hired,2026-04-28 12:52
A000914,J0020,C00404,2026-03-26 17:31,0.982,good,100,scorer-v2,hired,2026-04-14 22:47
A000915,J0069,C01050,2025-11-10 14:04,0.51,medium,81,scorer-v1,,
A000916,J0042,C00358,2026-05-01 01:55,0.48,low,56,scorer-v2,rejected,2026-05-28 04:54
A000917,J0013,C01122,2026-01-06 12:21,0.096,low,53,scorer-v1,hired,2026-01-15 19:06
A000918,J0042,C01008,2026-04-26 07:35,0.82,good,100,scorer-v2,interviewed,2026-05-26 08:11
A000919,J0002,C00351,2026-04-17 16:49,0.929,good,100,scorer-v2,hired,2026-05-02 10:22
A000920,J0035,C00056,2026-05-29 14:15,0.851,good,87,scorer-v2,interviewed,2026-06-08 05:28
A000921,J0038,C01245,2026-04-15 15:16,0.695,medium,95,scorer-v2,interviewed,2026-05-02 15:52
A000922,J0013,C01321,2026-02-13 00:07,0.07,low,19,scorer-v1,rejected,2026-02-25 11:39
A000923,J0001,C00761,2026-05-03 15:43,0.415,low,85,scorer-v2,interviewed,2026-05-12 08:11
A000924,J0051,C00351,2026-07-08 09:32,0.177,low,98,scorer-v2,hired,2026-07-11 22:31
A000925,J0003,C01289,2025-10-01 18:45,0.144,low,57,scorer-v1,interviewed,2025-10-05 18:11
A000926,J0053,C00750,2026-02-01 20:46,0.632,medium,66,scorer-v1,hired,2026-02-14 03:53
A000927,J0042,C00635,2026-03-02 03:35,0.521,medium,45,scorer-v2,rejected,2026-03-24 02:04
A000928,J0009,C01110,2026-06-17 10:39,0.747,medium,64,scorer-v2,rejected,2026-07-11 07:10
A000929,J0007,C01461,2026-02-10 05:22,0.661,medium,65,scorer-v1,hired,2026-02-19 01:25
A000930,J0015,C00104,2026-06-06 01:27,0.489,low,77,scorer-v2,rejected,2026-06-10 10:23
A000931,J0059,C00752,2025-12-28 19:04,0.632,medium,63,scorer-v1,hired,2026-01-15 23:17
A000932,J0030,C00863,2026-01-02 04:18,0.098,low,60,scorer-v1,interviewed,2026-01-31 07:37
A000933,J0025,C00290,2026-04-11 04:26,0.187,low,37,scorer-v2,rejected,2026-05-11 08:02
A000934,J0064,C00940,2025-09-08 05:54,0.76,medium,83,scorer-v1,interviewed,2025-10-01 22:28
A000935,J0068,C01481,2026-02-27 20:49,0.531,medium,61,scorer-v1,rejected,2026-03-26 06:01
A000936,J0049,C00410,2026-06-02 03:18,0.344,low,40,scorer-v2,rejected,2026-06-08 04:13
A000937,J0028,C00983,2026-04-02 11:58,0.386,low,68,scorer-v2,interviewed,2026-04-22 06:11
A000938,J0007,C01201,2026-02-15 02:37,0.393,low,53,scorer-v1,rejected,2026-03-16 08:35
A000939,J0065,C00978,2025-09-11 13:19,0.457,low,28,scorer-v1,rejected,2025-10-09 00:07
A000940,J0042,C00446,2025-09-13 17:50,0.674,medium,63,scorer-v1,interviewed,2025-10-14 06:46
A000941,J0025,C00938,2026-05-20 20:02,0.702,medium,93,scorer-v2,interviewed,2026-06-17 18:04
A000942,J0071,C01150,2026-01-12 04:51,0.779,medium,88,scorer-v1,,
A000943,J0015,C00512,2025-11-24 18:11,0.331,low,63,scorer-v1,rejected,2025-12-21 10:21
A000944,J0007,C00983,2026-03-30 14:26,0.83,good,100,scorer-v2,interviewed,2026-04-06 07:04
A000945,J0014,C00919,2026-02-05 13:36,0.442,low,69,scorer-v1,,
A000946,J0016,C01192,2026-01-29 19:29,0.62,medium,81,scorer-v1,rejected,2026-02-28 15:34
A000947,J0059,C00565,2025-09-28 23:22,0.638,medium,69,scorer-v1,,
A000948,J0004,C01068,2025-12-23 03:32,0.867,good,90,scorer-v1,hired,2026-01-12 12:10
A000949,J0061,C01485,2026-05-13 04:46,0.532,medium,79,scorer-v2,rejected,2026-06-01 16:54
A000950,J0021,C00745,2026-04-27 17:02,0.365,low,53,scorer-v2,rejected,2026-05-06 16:02
A000951,J0025,C00279,2025-12-11 06:14,0.951,good,98,scorer-v1,interviewed,2025-12-15 18:50
A000952,J0059,C00582,2026-01-02 11:39,0.477,low,66,scorer-v1,interviewed,2026-01-11 04:34
A000953,J0062,C01103,2026-03-26 10:54,0.091,low,93,scorer-v2,rejected,2026-04-03 12:57
A000954,J0074,C00732,2026-04-29 06:56,0.445,low,83,scorer-v2,interviewed,2026-05-11 15:39
A000955,J0023,C00084,2025-09-27 16:32,0.372,low,16,scorer-v1,rejected,2025-10-03 00:05
A000956,J0054,C00480,2025-10-03 02:52,0.643,medium,55,scorer-v1,rejected,2025-10-19 18:47
A000957,J0046,C00059,2026-06-09 23:30,0.449,low,60,scorer-v2,hired,2026-06-29 07:02
A000958,J0021,C01275,2025-12-19 21:40,0.512,medium,48,scorer-v1,rejected,2025-12-29 04:59
A000959,J0066,C00309,2026-01-02 11:39,0.438,low,52,scorer-v1,rejected,2026-01-23 20:00
A000960,J0030,C00700,2025-09-30 23:49,0.219,low,69,scorer-v1,rejected,2025-10-07 16:41
A000961,J0020,C01267,2025-11-26 15:47,0.736,medium,60,scorer-v1,rejected,2025-12-16 06:44
A000962,J0072,C01278,2025-11-05 16:22,0.834,good,71,scorer-v1,interviewed,2025-11-16 09:47
A000963,J0023,C00355,2025-11-02 14:40,0.408,low,39,scorer-v1,rejected,2025-11-13 07:30
A000964,J0006,C00410,2026-05-23 14:19,0.597,medium,62,scorer-v2,hired,2026-06-15 19:30
A000965,J0020,C00709,2026-07-24 07:51,0.659,medium,100,scorer-v2,,
A000966,J0049,C00916,2025-11-25 03:59,0.737,medium,59,scorer-v1,,
A000967,J0047,C00185,2026-04-16 16:49,0.21,low,68,scorer-v2,hired,2026-05-17 08:31
A000968,J0070,C00318,2025-10-30 14:03,0.496,low,63,scorer-v1,rejected,2025-11-04 07:45
A000969,J0035,C01374,2025-09-15 21:15,0.906,good,88,scorer-v1,hired,2025-09-23 23:48
A000970,J0040,C01460,2026-06-22 03:10,0.44,low,59,scorer-v2,rejected,2026-07-11 15:45
A000971,J0002,C00401,2025-11-30 12:21,0.527,medium,45,scorer-v1,rejected,2025-12-30 18:39
A000972,J0061,C00521,2026-06-17 23:59,0.517,medium,69,scorer-v2,hired,2026-07-13 16:14
A000973,J0071,C01358,2026-05-27 18:36,0.506,medium,53,scorer-v2,rejected,2026-06-12 03:43
A000974,J0066,C00869,2026-02-12 02:31,0.536,medium,49,scorer-v1,rejected,2026-02-17 16:54
A000975,J0020,C00563,2026-01-03 23:21,0.438,low,50,scorer-v1,interviewed,2026-01-11 17:58
A000976,J0027,C00149,2025-09-02 13:57,0.741,medium,82,scorer-v1,hired,2025-09-06 00:18
A000977,J0022,C01485,2026-04-05 05:44,0.863,good,100,scorer-v2,hired,2026-05-05 06:58
A000978,J0014,C00614,2026-01-30 22:27,0.623,medium,71,scorer-v1,hired,2026-02-19 01:15
A000979,J0058,C00954,2026-01-12 08:34,0.706,medium,76,scorer-v1,,
A000980,J0051,C00264,2025-10-17 19:29,0.097,low,40,scorer-v1,rejected,2025-11-11 13:08
A000981,J0009,C00693,2025-12-08 13:53,0.928,good,73,scorer-v1,hired,2025-12-27 18:16
A000982,J0076,C00421,2026-01-18 01:09,0.614,medium,62,scorer-v1,hired,2026-01-30 03:24
A000983,J0030,C00763,2026-02-23 00:31,0.079,low,64,scorer-v1,rejected,2026-03-12 03:16
A000984,J0031,C01153,2026-03-18 20:59,0.588,medium,78,scorer-v2,hired,2026-04-09 23:18
A000985,J0029,C01404,2026-03-16 12:03,0.65,medium,78,scorer-v2,hired,2026-04-02 22:23
A000986,J0024,C00254,2025-12-31 06:43,0.579,medium,57,scorer-v1,hired,2026-01-20 19:56
A000987,J0020,C01314,2025-12-05 21:37,0.55,medium,68,scorer-v1,interviewed,2025-12-15 08:04
A000988,J0026,C01352,2026-04-14 05:25,0.107,low,52,scorer-v2,rejected,2026-04-24 01:35
A000989,J0021,C00840,2026-06-26 03:52,0.629,medium,83,scorer-v2,rejected,2026-07-22 22:21
A000990,J0053,C01082,2026-02-21 18:58,0.49,low,62,scorer-v1,rejected,2026-03-02 09:52
A000991,J0051,C01241,2026-05-03 00:46,0.172,low,73,scorer-v2,hired,2026-05-26 19:06
A000992,J0065,C01444,2026-06-14 14:27,0.41,low,47,scorer-v2,hired,2026-06-18 07:17
A000993,J0006,C00596,2025-11-13 06:06,0.543,medium,67,scorer-v1,interviewed,2025-11-30 05:40
A000994,J0057,C01329,2026-04-24 01:20,0.072,low,39,scorer-v2,rejected,2026-05-09 05:19
A000995,J0028,C00204,2026-07-06 14:09,0.415,low,66,scorer-v2,hired,2026-07-26 07:54
A000996,J0009,C00950,2026-02-08 07:15,0.583,medium,60,scorer-v1,rejected,2026-02-13 22:48
A000997,J0044,C00789,2026-04-07 04:02,0.78,medium,81,scorer-v2,hired,2026-04-13 21:32
A000998,J0018,C01054,2025-10-29 23:56,0.099,low,62,scorer-v1,interviewed,2025-11-13 21:04
A000999,J0035,C01023,2025-09-25 12:45,0.669,medium,79,scorer-v1,rejected,2025-10-18 10:21
A001000,J0003,C00173,2025-09-25 07:00,0.186,low,63,scorer-v1,hired,2025-09-29 22:10
A001001,J0022,C01330,2026-01-01 10:46,0.633,medium,55,scorer-v1,interviewed,2026-01-30 12:19
A001002,J0063,C01282,2026-05-29 07:14,0.126,low,40,scorer-v2,hired,2026-06-28 08:39
A001003,J0013,C01330,2026-06-21 07:25,0.145,low,51,scorer-v2,interviewed,2026-07-10 07:06
A001004,J0062,C00653,2026-05-18 13:14,0.208,low,69,scorer-v2,rejected,2026-05-25 21:52
A001005,J0034,C00094,2025-11-03 08:33,0.602,medium,65,scorer-v1,rejected,2025-11-06 14:37
A001006,J0016,C01318,2025-12-13 00:12,0.6,medium,66,scorer-v1,hired,2026-01-02 15:02
A001007,J0005,C00662,2026-06-21 14:49,0.495,low,83,scorer-v2,,
A001008,J0029,C00961,2026-06-14 03:26,0.785,medium,79,scorer-v2,interviewed,2026-07-08 06:58
A001009,J0018,C00912,2025-12-15 04:31,0.159,low,58,scorer-v1,rejected,2026-01-08 08:07
A001010,J0004,C00690,2026-07-22 14:17,0.503,medium,92,scorer-v2,rejected,2026-08-15 12:34
A001011,J0007,C00709,2026-07-14 03:33,0.376,low,58,scorer-v2,interviewed,2026-07-24 20:48
A001012,J0064,C00707,2025-12-29 15:48,0.341,low,45,scorer-v1,interviewed,2026-01-26 20:15
A001013,J0024,C00247,2025-12-02 04:31,0.271,low,11,scorer-v1,rejected,2025-12-28 12:48
A001014,J0048,C00585,2026-04-08 01:57,0.582,medium,70,scorer-v2,rejected,2026-04-26 22:16
A001015,J0006,C01135,2026-02-28 11:32,0.555,medium,82,scorer-v1,hired,2026-03-29 01:29
A001016,J0005,C00317,2026-02-23 18:06,0.618,medium,80,scorer-v1,rejected,2026-03-18 07:38
A001017,J0077,C00556,2026-06-21 05:04,0.229,low,79,scorer-v2,hired,2026-07-05 10:32
A001018,J0059,C01311,2026-01-14 13:49,0.517,medium,61,scorer-v1,interviewed,2026-02-06 08:06
A001019,J0060,C00649,2026-06-14 09:30,0.013,low,40,scorer-v2,rejected,2026-06-24 09:47
A001020,J0013,C01296,2025-09-06 04:23,0.057,low,55,scorer-v1,rejected,2025-10-06 23:24
A001021,J0045,C00016,2026-06-28 21:37,0.175,low,100,scorer-v2,hired,2026-07-11 23:14
A001022,J0054,C00976,2026-03-11 11:55,0.902,good,100,scorer-v2,hired,2026-03-30 05:06
A001023,J0040,C00042,2026-02-18 16:22,0.223,low,59,scorer-v1,rejected,2026-03-15 12:31
A001024,J0035,C01372,2026-05-25 22:24,0.489,low,69,scorer-v2,rejected,2026-06-18 23:56
A001025,J0027,C00608,2026-04-05 17:20,0.446,low,53,scorer-v2,rejected,2026-04-30 02:12
A001026,J0038,C00632,2026-03-19 04:37,0.87,good,91,scorer-v2,hired,2026-04-14 21:03
A001027,J0005,C00622,2026-06-14 16:27,0.643,medium,65,scorer-v2,rejected,2026-07-02 10:35
A001028,J0007,C00634,2026-02-17 23:38,0.575,medium,68,scorer-v1,interviewed,2026-03-08 15:55
A001029,J0037,C01022,2025-11-07 11:04,0.273,low,19,scorer-v1,rejected,2025-11-19 04:07
A001030,J0058,C01183,2026-02-14 10:10,0.46,low,51,scorer-v1,rejected,2026-03-07 14:16
A001031,J0056,C00561,2026-03-17 21:36,0.447,low,53,scorer-v2,rejected,2026-04-07 20:35
A001032,J0064,C01283,2025-10-22 23:26,0.827,good,94,scorer-v1,hired,2025-11-08 23:05
A001033,J0057,C00947,2025-09-06 06:07,0.084,low,20,scorer-v1,hired,2025-09-14 10:26
A001034,J0028,C00004,2025-11-02 12:17,0.554,medium,58,scorer-v1,interviewed,2025-11-30 01:50
A001035,J0076,C00423,2026-02-11 00:04,0.696,medium,71,scorer-v1,,
A001036,J0045,C01014,2025-11-19 05:05,0.097,low,69,scorer-v1,rejected,2025-11-30 23:06
A001037,J0026,C01185,2025-11-28 10:30,0.135,low,62,scorer-v1,rejected,2025-12-02 08:33
A001038,J0049,C00584,2026-04-24 23:37,0.554,medium,52,scorer-v2,interviewed,2026-05-09 15:55
A001039,J0007,C00920,2026-03-11 07:49,0.583,medium,63,scorer-v2,rejected,2026-03-20 14:46
A001040,J0027,C00504,2026-03-26 06:50,0.499,low,48,scorer-v2,interviewed,2026-04-01 19:17
A001041,J0040,C00880,2026-03-19 11:04,0.523,medium,73,scorer-v2,interviewed,2026-04-12 18:42
A001042,J0014,C00716,2026-04-29 06:56,0.243,low,53,scorer-v2,rejected,2026-05-13 21:08
A001043,J0004,C00188,2025-11-25 08:28,0.679,medium,56,scorer-v1,hired,2025-12-26 07:20
A001044,J0016,C00150,2025-11-10 09:01,0.737,medium,74,scorer-v1,rejected,2025-11-18 14:40
A001045,J0078,C00633,2026-04-12 11:58,0.4,low,74,scorer-v2,rejected,2026-04-22 16:13
A001046,J0002,C00152,2025-11-03 18:39,0.606,medium,62,scorer-v1,,
A001047,J0048,C00695,2025-11-22 19:12,0.594,medium,79,scorer-v1,rejected,2025-12-06 20:56
A001048,J0038,C01345,2025-11-25 06:42,0.77,medium,96,scorer-v1,hired,2025-12-09 07:22
A001049,J0018,C00468,2026-05-29 17:12,0.21,low,74,scorer-v2,rejected,2026-06-07 23:47
A001050,J0025,C00316,2025-12-14 23:14,0.404,low,57,scorer-v1,rejected,2026-01-04 07:55
A001051,J0031,C01456,2026-03-22 15:48,0.596,medium,73,scorer-v2,interviewed,2026-04-10 13:03
A001052,J0078,C00236,2026-04-29 17:05,0.362,low,72,scorer-v2,hired,2026-05-22 19:05
A001053,J0008,C00915,2025-10-16 11:18,0.275,low,91,scorer-v1,,
A001054,J0016,C01302,2026-05-13 23:54,0.799,medium,78,scorer-v2,hired,2026-05-26 12:39
A001055,J0025,C00832,2026-04-30 07:51,0.444,low,61,scorer-v2,rejected,2026-05-15 21:27
A001056,J0072,C01250,2025-09-07 00:49,0.78,medium,71,scorer-v1,,
A001057,J0028,C01265,2026-03-29 14:34,0.424,low,46,scorer-v2,rejected,2026-04-03 10:42
A001058,J0031,C00389,2026-06-21 11:15,0.629,medium,70,scorer-v2,rejected,2026-07-03 02:18
A001059,J0039,C00373,2025-10-10 01:58,0.61,medium,43,scorer-v1,hired,2025-10-22 07:58
A001060,J0061,C00329,2026-01-15 02:30,0.364,low,47,scorer-v1,rejected,2026-01-30 03:42
A001061,J0007,C01454,2026-01-15 01:16,0.471,low,55,scorer-v1,rejected,2026-01-22 22:41
A001062,J0007,C01193,2026-04-20 08:53,1.0,good,78,scorer-v2,hired,2026-04-27 05:06
A001063,J0069,C01243,2026-06-01 22:46,0.524,medium,83,scorer-v2,rejected,2026-06-08 02:13
A001064,J0003,C01190,2026-05-06 05:32,0.091,low,76,scorer-v2,hired,2026-06-03 18:15
A001065,J0067,C01228,2026-02-15 12:11,0.346,low,45,scorer-v1,rejected,2026-02-24 14:49
A001066,J0003,C01324,2026-03-01 21:07,0.219,low,88,scorer-v2,hired,2026-03-06 12:44
A001067,J0023,C00828,2026-07-16 09:06,0.756,medium,82,scorer-v2,interviewed,2026-07-31 17:36
A001068,J0056,C01084,2026-02-25 00:43,0.328,low,51,scorer-v1,rejected,2026-03-25 17:44
A001069,J0059,C01185,2025-10-01 01:39,0.655,medium,67,scorer-v1,,
A001070,J0041,C01190,2025-10-13 03:56,0.55,medium,63,scorer-v1,rejected,2025-11-01 11:16
A001071,J0009,C01200,2025-10-14 05:44,0.288,low,57,scorer-v1,rejected,2025-11-06 18:53
A001072,J0059,C00726,2026-04-27 22:38,0.753,medium,64,scorer-v2,rejected,2026-05-14 16:12
A001073,J0031,C00094,2026-07-03 03:17,0.733,medium,82,scorer-v2,interviewed,2026-07-17 05:51
A001074,J0062,C00401,2025-12-01 03:55,0.117,low,31,scorer-v1,rejected,2025-12-24 02:30
A001075,J0007,C01354,2025-11-13 03:28,0.386,low,46,scorer-v1,hired,2025-11-30 19:28
A001076,J0062,C01290,2025-09-21 20:57,0.098,low,49,scorer-v1,hired,2025-10-07 16:09
A001077,J0010,C00055,2026-07-07 23:44,0.797,medium,82,scorer-v2,hired,2026-08-05 14:54
A001078,J0077,C01247,2026-07-10 22:30,0.206,low,62,scorer-v2,hired,2026-07-22 20:48
A001079,J0065,C01043,2025-10-28 04:35,0.314,low,43,scorer-v1,rejected,2025-11-15 15:07
A001080,J0071,C00308,2025-09-17 06:53,0.567,medium,53,scorer-v1,rejected,2025-09-25 17:40
A001081,J0073,C00407,2025-10-08 06:27,0.406,low,63,scorer-v1,hired,2025-10-25 08:04
A001082,J0043,C00691,2025-11-08 00:53,0.721,medium,70,scorer-v1,rejected,2025-11-18 14:56
A001083,J0010,C00063,2025-09-19 07:54,0.749,medium,75,scorer-v1,interviewed,2025-10-16 04:59
A001084,J0052,C01349,2026-04-30 07:48,1.0,good,89,scorer-v2,hired,2026-05-09 10:54
A001085,J0015,C00163,2025-12-15 08:59,0.337,low,21,scorer-v1,rejected,2026-01-01 05:49
A001086,J0049,C01158,2025-09-02 21:35,0.562,medium,45,scorer-v1,interviewed,2025-09-23 16:46
A001087,J0051,C00395,2026-04-11 03:04,0.216,low,72,scorer-v2,rejected,2026-05-01 20:48
A001088,J0034,C00480,2026-05-31 20:20,0.893,good,90,scorer-v2,interviewed,2026-06-30 04:40
A001089,J0069,C01151,2025-11-17 20:52,0.703,medium,77,scorer-v1,interviewed,2025-11-28 13:01
A001090,J0043,C00695,2025-11-27 08:31,0.781,medium,82,scorer-v1,interviewed,2025-12-07 03:43
A001091,J0035,C00589,2025-12-13 02:10,0.683,medium,77,scorer-v1,interviewed,2026-01-12 03:50
A001092,J0033,C00451,2026-06-07 01:52,0.746,medium,59,scorer-v2,hired,2026-06-25 22:56
A001093,J0041,C01200,2026-06-30 15:10,0.437,low,65,scorer-v2,rejected,2026-07-27 17:03
A001094,J0063,C01252,2025-10-08 21:04,0.227,low,74,scorer-v1,interviewed,2025-11-06 10:53
A001095,J0055,C00709,2025-11-08 15:58,0.297,low,36,scorer-v1,rejected,2025-12-08 14:58
A001096,J0059,C00083,2026-04-18 09:21,0.682,medium,73,scorer-v2,hired,2026-05-02 01:00
A001097,J0018,C00360,2026-02-17 02:42,0.121,low,64,scorer-v1,rejected,2026-03-07 07:15
A001098,J0022,C00835,2025-09-29 17:50,0.562,medium,78,scorer-v1,interviewed,2025-10-15 19:44
A001099,J0004,C01101,2026-07-26 21:09,0.501,medium,63,scorer-v2,interviewed,2026-07-30 09:42
A001100,J0004,C01428,2025-11-05 12:37,0.723,medium,59,scorer-v1,hired,2025-11-24 09:07
A001101,J0074,C01369,2026-03-13 21:04,0.264,low,27,scorer-v2,rejected,2026-04-07 22:13
A001102,J0054,C01486,2025-10-21 23:17,0.281,low,50,scorer-v1,rejected,2025-11-05 20:04
A001103,J0007,C00387,2025-11-11 03:16,0.503,medium,52,scorer-v1,rejected,2025-11-23 05:35
A001104,J0072,C00198,2026-05-12 02:40,0.265,low,70,scorer-v2,rejected,2026-05-24 06:52
A001105,J0069,C00584,2025-10-01 11:04,0.446,low,36,scorer-v1,rejected,2025-10-30 00:35
A001106,J0011,C00649,2026-01-23 21:24,0.172,low,25,scorer-v1,,
A001107,J0042,C01256,2025-11-07 10:08,0.191,low,20,scorer-v1,interviewed,2025-11-16 09:12
A001108,J0019,C01128,2026-06-21 02:48,0.909,good,91,scorer-v2,interviewed,2026-06-27 08:18
A001109,J0017,C00577,2026-07-23 15:34,0.504,medium,47,scorer-v2,hired,2026-08-16 18:57
A001110,J0080,C00193,2025-11-25 05:26,0.127,low,86,scorer-v1,rejected,2025-12-07 21:24
A001111,J0072,C00014,2025-10-30 19:40,0.659,medium,65,scorer-v1,rejected,2025-11-29 15:12
A001112,J0004,C01470,2025-09-02 04:58,0.527,medium,67,scorer-v1,interviewed,2025-10-01 12:04
A001113,J0015,C00721,2026-03-22 21:42,0.371,low,47,scorer-v2,,
A001114,J0016,C00815,2026-06-07 02:10,0.755,medium,77,scorer-v2,interviewed,2026-07-07 18:52
A001115,J0003,C00244,2026-03-24 07:55,0.155,low,72,scorer-v2,hired,2026-04-02 02:11
A001116,J0006,C01450,2026-07-27 04:53,0.767,medium,82,scorer-v2,,
A001117,J0080,C00466,2025-12-03 21:07,0.209,low,79,scorer-v1,hired,2025-12-20 18:42
A001118,J0010,C00585,2026-07-19 06:08,0.636,medium,59,scorer-v2,hired,2026-07-27 14:57
A001119,J0041,C00160,2026-07-13 09:17,0.517,medium,66,scorer-v2,rejected,2026-07-18 14:59
A001120,J0005,C01121,2025-11-26 14:40,0.609,medium,63,scorer-v1,rejected,2025-12-23 13:17
A001121,J0029,C00823,2025-09-17 17:58,0.486,low,68,scorer-v1,interviewed,2025-09-22 23:23
A001122,J0035,C00982,2025-10-22 02:24,0.254,low,35,scorer-v1,rejected,2025-11-06 11:15
A001123,J0020,C00607,2026-05-20 05:38,0.655,medium,68,scorer-v2,rejected,2026-06-09 01:03
A001124,J0014,C00111,2026-07-15 23:32,0.67,medium,60,scorer-v2,rejected,2026-07-31 04:42
A001125,J0077,C00033,2025-12-14 14:28,0.131,low,72,scorer-v1,interviewed,2026-01-14 10:44
A001126,J0044,C00867,2025-11-18 02:24,0.356,low,38,scorer-v1,rejected,2025-12-10 17:35
A001127,J0021,C01002,2025-12-29 13:53,0.977,good,94,scorer-v1,hired,2026-01-25 20:21
A001128,J0073,C00010,2026-02-24 12:25,0.844,good,83,scorer-v1,hired,2026-03-13 12:28
A001129,J0061,C00287,2026-02-09 05:54,0.677,medium,45,scorer-v1,rejected,2026-02-13 21:32
A001130,J0008,C00904,2026-07-16 19:38,0.248,low,100,scorer-v2,interviewed,2026-07-30 17:50
A001131,J0012,C00633,2026-02-25 21:30,0.135,low,73,scorer-v1,,
A001132,J0072,C00906,2026-06-30 02:17,0.519,medium,71,scorer-v2,rejected,2026-07-03 06:41
A001133,J0041,C01190,2026-05-25 19:05,0.557,medium,100,scorer-v2,hired,2026-06-24 21:58
A001134,J0016,C00341,2025-11-30 19:26,0.581,medium,67,scorer-v1,rejected,2025-12-15 09:53
A001135,J0073,C01091,2025-10-10 15:27,0.425,low,55,scorer-v1,rejected,2025-10-26 08:34
A001136,J0071,C00045,2025-11-01 20:26,0.689,medium,50,scorer-v1,rejected,2025-12-01 08:25
A001137,J0029,C00588,2026-04-17 02:27,0.36,low,66,scorer-v2,interviewed,2026-05-15 03:37
A001138,J0017,C00614,2026-05-26 17:17,0.882,good,100,scorer-v2,hired,2026-06-16 19:10
A001139,J0044,C00334,2026-07-05 08:48,0.309,low,59,scorer-v2,,
A001140,J0006,C01066,2025-12-30 23:13,0.382,low,27,scorer-v1,rejected,2026-01-16 03:44
A001141,J0022,C00707,2026-03-28 16:16,0.503,medium,61,scorer-v2,rejected,2026-04-23 09:37
A001142,J0073,C00793,2026-05-26 18:48,0.599,medium,74,scorer-v2,hired,2026-06-01 20:39
A001143,J0039,C00457,2025-09-25 11:24,0.211,low,17,scorer-v1,rejected,2025-10-24 22:30
A001144,J0028,C01480,2025-11-05 07:07,0.622,medium,62,scorer-v1,rejected,2025-11-22 00:31
A001145,J0066,C00092,2026-05-17 22:21,0.399,low,55,scorer-v2,rejected,2026-06-12 14:46
A001146,J0034,C01157,2025-11-18 09:46,0.049,low,28,scorer-v1,interviewed,2025-12-10 03:50
A001147,J0027,C00878,2026-01-23 05:56,0.36,low,47,scorer-v1,rejected,2026-01-30 15:14
A001148,J0020,C00503,2025-10-28 12:56,0.534,medium,66,scorer-v1,hired,2025-11-19 19:43
A001149,J0058,C00520,2026-02-18 20:05,0.656,medium,84,scorer-v1,hired,2026-03-17 17:37
A001150,J0014,C00507,2025-10-27 16:28,0.459,low,37,scorer-v1,,
A001151,J0078,C01411,2026-02-27 13:49,0.489,low,67,scorer-v1,,
A001152,J0041,C00695,2025-10-29 00:44,0.493,low,71,scorer-v1,rejected,2025-11-20 22:11
A001153,J0009,C00738,2025-12-14 11:14,0.221,low,50,scorer-v1,rejected,2025-12-17 16:08
A001154,J0076,C00939,2026-01-31 06:02,0.67,medium,53,scorer-v1,,
A001155,J0017,C01260,2026-02-19 00:32,0.369,low,34,scorer-v1,rejected,2026-03-09 01:02
A001156,J0046,C00426,2025-09-03 23:06,0.524,medium,59,scorer-v1,rejected,2025-09-07 22:43
A001157,J0043,C00510,2026-05-26 10:46,0.274,low,57,scorer-v2,,
A001158,J0019,C01117,2026-03-26 15:07,0.561,medium,74,scorer-v2,rejected,2026-04-06 05:32
A001159,J0008,C01345,2026-06-16 04:10,0.148,low,51,scorer-v2,hired,2026-07-12 08:04
A001160,J0026,C00278,2025-11-03 13:30,0.195,low,60,scorer-v1,rejected,2025-11-06 15:49
A001161,J0001,C01087,2025-09-07 07:41,0.534,medium,56,scorer-v1,rejected,2025-09-24 08:49
A001162,J0066,C01306,2026-02-17 18:37,0.684,medium,72,scorer-v1,rejected,2026-02-26 13:41
A001163,J0006,C00611,2026-03-02 05:44,0.452,low,59,scorer-v2,,
A001164,J0025,C00320,2025-11-13 09:26,0.372,low,20,scorer-v1,rejected,2025-12-06 06:10
A001165,J0008,C00652,2026-03-06 16:14,0.172,low,64,scorer-v2,rejected,2026-03-20 03:25
A001166,J0033,C00817,2025-12-07 06:23,0.086,low,32,scorer-v1,rejected,2026-01-02 18:49
A001167,J0068,C01223,2026-07-15 06:48,0.351,low,53,scorer-v2,rejected,2026-08-08 15:46
A001168,J0051,C00753,2026-04-16 00:17,0.147,low,56,scorer-v2,rejected,2026-04-20 00:46
A001169,J0005,C00807,2025-10-03 21:17,0.692,medium,67,scorer-v1,hired,2025-10-24 17:14
A001170,J0030,C01409,2025-09-12 15:41,0.174,low,49,scorer-v1,rejected,2025-10-07 04:09
A001171,J0047,C00677,2026-07-04 12:51,0.107,low,52,scorer-v2,rejected,2026-07-17 01:02
A001172,J0030,C01234,2025-12-16 08:31,0.068,low,62,scorer-v1,hired,2025-12-22 17:24
A001173,J0041,C00750,2026-06-07 04:43,0.35,low,70,scorer-v2,rejected,2026-06-22 17:27
A001174,J0004,C00698,2026-07-01 23:46,0.443,low,58,scorer-v2,rejected,2026-07-08 07:03
A001175,J0022,C00309,2025-10-26 21:37,0.681,medium,73,scorer-v1,rejected,2025-11-14 14:16
A001176,J0046,C00176,2026-07-25 08:28,0.37,low,79,scorer-v2,rejected,2026-08-21 05:45
A001177,J0011,C00358,2026-05-17 01:29,0.648,medium,68,scorer-v2,interviewed,2026-06-08 20:46
A001178,J0035,C01282,2025-10-13 05:22,0.836,good,60,scorer-v1,interviewed,2025-10-24 20:05
A001179,J0070,C00192,2025-10-29 18:50,0.842,good,85,scorer-v1,interviewed,2025-11-04 16:31
A001180,J0004,C01332,2026-06-13 02:29,0.653,medium,100,scorer-v2,rejected,2026-06-25 08:46
A001181,J0006,C00196,2026-03-06 11:53,1.0,good,98,scorer-v2,interviewed,2026-03-22 10:58
A001182,J0038,C00700,2026-03-28 17:19,0.627,medium,89,scorer-v2,interviewed,2026-04-01 13:27
A001183,J0061,C00225,2025-10-23 09:02,0.525,medium,43,scorer-v1,interviewed,2025-11-11 23:12
A001184,J0028,C01007,2026-05-08 19:54,0.555,medium,65,scorer-v2,interviewed,2026-06-02 18:51
A001185,J0001,C00051,2026-05-25 19:47,0.791,medium,80,scorer-v2,interviewed,2026-06-03 19:34
A001186,J0032,C01204,2026-03-21 08:26,0.331,low,24,scorer-v2,rejected,2026-04-15 16:30
A001187,J0046,C00812,2025-10-20 01:10,0.442,low,45,scorer-v1,rejected,2025-10-30 15:12
A001188,J0060,C00054,2025-10-23 02:11,0.131,low,50,scorer-v1,,
A001189,J0042,C00269,2025-10-20 09:38,0.634,medium,44,scorer-v1,interviewed,2025-10-31 00:00
A001190,J0072,C00313,2026-06-28 03:56,0.506,medium,79,scorer-v2,rejected,2026-07-22 04:06
A001191,J0051,C01332,2026-01-03 11:21,0.119,low,59,scorer-v1,rejected,2026-01-24 22:31
A001192,J0055,C00985,2026-05-24 21:37,0.723,medium,61,scorer-v2,rejected,2026-06-20 07:09
A001193,J0013,C01159,2026-03-24 17:35,0.19,low,100,scorer-v2,hired,2026-04-18 04:45
A001194,J0048,C00981,2025-10-06 14:46,0.372,low,66,scorer-v1,interviewed,2025-10-13 02:32
A001195,J0016,C00366,2025-11-19 06:04,0.293,low,51,scorer-v1,rejected,2025-12-13 13:15
A001196,J0057,C00295,2025-11-04 15:31,0.184,low,38,scorer-v1,rejected,2025-12-05 02:09
A001197,J0044,C01202,2025-12-17 07:35,0.532,medium,52,scorer-v1,hired,2025-12-28 09:16
A001198,J0065,C01078,2026-04-14 23:00,0.483,low,66,scorer-v2,hired,2026-04-22 19:00
A001199,J0080,C00699,2025-12-13 23:53,0.093,low,28,scorer-v1,,
A001200,J0077,C00838,2026-06-25 21:24,0.043,low,53,scorer-v2,rejected,2026-07-16 12:03
A001201,J0046,C01436,2026-06-19 09:46,0.386,low,41,scorer-v2,rejected,2026-06-29 14:53
A001202,J0017,C00257,2025-12-28 06:09,0.416,low,32,scorer-v1,rejected,2026-01-08 10:01
A001203,J0027,C00392,2026-01-16 13:46,0.663,medium,62,scorer-v1,hired,2026-01-22 08:30
A001204,J0005,C00391,2025-10-30 09:17,0.692,medium,59,scorer-v1,rejected,2025-11-19 23:23
A001205,J0070,C01162,2025-09-07 16:10,0.462,low,60,scorer-v1,interviewed,2025-09-21 07:24
A001206,J0047,C00898,2026-04-04 00:30,0.142,low,64,scorer-v2,,
A001207,J0073,C01074,2026-07-14 19:04,0.729,medium,75,scorer-v2,hired,2026-08-05 16:18
A001208,J0076,C01245,2026-04-23 02:22,0.685,medium,86,scorer-v2,,
A001209,J0047,C00815,2026-01-03 23:24,0.017,low,47,scorer-v1,hired,2026-01-25 11:23
A001210,J0021,C00839,2025-12-27 21:13,0.415,low,41,scorer-v1,rejected,2026-01-13 03:37
A001211,J0035,C01421,2025-09-09 03:11,0.603,medium,86,scorer-v1,interviewed,2025-10-08 04:47
A001212,J0008,C00566,2026-06-22 03:10,0.148,low,75,scorer-v2,rejected,2026-06-30 22:38
A001213,J0007,C00655,2026-02-23 18:25,0.559,medium,60,scorer-v1,rejected,2026-03-09 09:26
A001214,J0024,C00204,2025-10-11 21:32,0.192,low,30,scorer-v1,rejected,2025-10-30 11:01
A001215,J0032,C00409,2026-02-08 21:12,0.793,medium,66,scorer-v1,hired,2026-02-27 01:27
A001216,J0014,C00744,2026-05-30 15:29,0.563,medium,57,scorer-v2,interviewed,2026-06-25 01:15
A001217,J0029,C00226,2026-03-19 02:43,0.839,good,81,scorer-v2,interviewed,2026-03-24 10:09
A001218,J0018,C00038,2026-04-08 12:55,0.147,low,77,scorer-v2,rejected,2026-04-13 04:43
A001219,J0041,C00008,2026-05-26 01:04,0.915,good,98,scorer-v2,interviewed,2026-06-12 15:51
A001220,J0011,C00652,2026-03-28 11:57,0.454,low,64,scorer-v2,rejected,2026-04-19 16:34
A001221,J0061,C00754,2026-02-25 07:35,0.67,medium,75,scorer-v1,interviewed,2026-03-06 23:47
A001222,J0065,C00273,2026-03-08 06:35,0.678,medium,86,scorer-v2,rejected,2026-03-31 15:09
A001223,J0071,C00056,2026-04-21 08:00,0.549,medium,50,scorer-v2,interviewed,2026-05-01 04:14
A001224,J0073,C00340,2025-10-17 10:37,0.491,low,63,scorer-v1,hired,2025-10-27 03:07
A001225,J0043,C00750,2025-09-15 03:30,0.523,medium,60,scorer-v1,hired,2025-10-03 16:24
A001226,J0041,C01128,2026-03-19 19:11,0.288,low,73,scorer-v2,rejected,2026-03-28 02:11
A001227,J0061,C01209,2025-11-18 10:22,0.752,medium,70,scorer-v1,interviewed,2025-11-21 19:25
A001228,J0033,C00931,2025-12-05 04:08,0.593,medium,64,scorer-v1,hired,2025-12-24 03:00
A001229,J0039,C00514,2026-03-18 04:43,0.495,low,69,scorer-v2,rejected,2026-03-25 08:46
A001230,J0051,C00785,2026-04-30 19:28,0.118,low,78,scorer-v2,rejected,2026-05-08 01:54
A001231,J0009,C01305,2025-09-02 16:11,0.311,low,58,scorer-v1,rejected,2025-09-24 20:46
A001232,J0057,C01474,2026-03-29 00:54,0.11,low,71,scorer-v2,rejected,2026-04-02 03:40
A001233,J0006,C00111,2026-07-15 13:11,1.0,good,95,scorer-v2,hired,2026-08-15 05:56
A001234,J0074,C01392,2025-11-21 06:43,0.494,low,47,scorer-v1,,
A001235,J0071,C00083,2026-02-10 18:51,0.613,medium,72,scorer-v1,rejected,2026-03-07 06:40
A001236,J0010,C01223,2026-02-18 22:12,0.641,medium,73,scorer-v1,hired,2026-03-09 04:47
A001237,J0047,C00765,2025-11-18 22:05,0.165,low,62,scorer-v1,interviewed,2025-11-30 18:29
A001238,J0020,C00414,2025-10-29 02:16,0.553,medium,59,scorer-v1,interviewed,2025-11-07 22:35
A001239,J0029,C00143,2025-10-24 08:23,0.61,medium,60,scorer-v1,rejected,2025-11-02 16:07
A001240,J0037,C00973,2025-10-06 17:07,0.552,medium,65,scorer-v1,rejected,2025-10-24 22:56
A001241,J0056,C00838,2025-09-29 17:53,0.517,medium,76,scorer-v1,,
A001242,J0070,C00990,2026-07-21 18:43,0.371,low,55,scorer-v2,interviewed,2026-07-31 03:19
A001243,J0054,C00268,2025-10-01 20:36,0.599,medium,65,scorer-v1,hired,2025-10-20 00:33
A001244,J0003,C01133,2026-07-22 09:31,0.172,low,71,scorer-v2,hired,2026-08-11 19:25
A001245,J0057,C00175,2025-09-13 23:06,0.043,low,42,scorer-v1,interviewed,2025-10-12 13:58
A001246,J0037,C00840,2026-07-16 23:45,0.557,medium,61,scorer-v2,interviewed,2026-07-25 17:40
A001247,J0057,C00071,2025-10-25 11:59,0.155,low,66,scorer-v1,interviewed,2025-11-05 19:20
A001248,J0073,C01177,2026-04-03 12:58,0.64,medium,78,scorer-v2,rejected,2026-04-20 00:47
A001249,J0064,C00880,2025-11-19 16:12,0.581,medium,50,scorer-v1,,
A001250,J0066,C01016,2026-05-04 14:52,1.0,good,91,scorer-v2,,
A001251,J0063,C01244,2026-03-10 17:49,0.157,low,81,scorer-v2,interviewed,2026-03-19 17:40
A001252,J0059,C01451,2026-06-24 11:36,0.425,low,70,scorer-v2,rejected,2026-07-16 04:09
A001253,J0062,C00799,2025-11-06 11:13,0.115,low,64,scorer-v1,rejected,2025-11-27 10:38
A001254,J0019,C00063,2026-05-14 03:51,0.56,medium,61,scorer-v2,rejected,2026-05-28 01:27
A001255,J0080,C00105,2026-04-16 03:31,0.152,low,74,scorer-v2,interviewed,2026-05-08 23:32
A001256,J0054,C01435,2025-09-09 20:17,0.407,low,41,scorer-v1,rejected,2025-09-28 10:28
A001257,J0026,C00334,2026-06-29 13:39,0.069,low,45,scorer-v2,rejected,2026-07-17 16:29
A001258,J0063,C00492,2025-10-20 21:24,0.14,low,74,scorer-v1,hired,2025-11-01 00:00
A001259,J0021,C00679,2026-07-16 01:46,0.503,medium,73,scorer-v2,rejected,2026-08-01 05:38
A001260,J0019,C00910,2026-02-09 12:28,0.57,medium,66,scorer-v1,,
A001261,J0046,C00872,2025-09-19 03:28,0.539,medium,69,scorer-v1,hired,2025-10-11 17:20
A001262,J0031,C00235,2025-11-16 16:29,0.61,medium,63,scorer-v1,rejected,2025-12-03 06:46
A001263,J0037,C00655,2025-09-22 15:32,0.512,medium,47,scorer-v1,interviewed,2025-10-03 09:34
A001264,J0074,C00394,2025-10-11 22:46,0.168,low,39,scorer-v1,rejected,2025-11-05 10:00
A001265,J0067,C01243,2026-06-13 00:52,0.942,good,100,scorer-v2,hired,2026-06-21 23:45
A001266,J0068,C00835,2026-02-22 09:22,0.441,low,65,scorer-v1,rejected,2026-03-08 03:20
A001267,J0057,C00286,2025-12-03 08:35,0.123,low,67,scorer-v1,rejected,2025-12-24 22:16
A001268,J0002,C00199,2025-11-19 03:48,0.429,low,50,scorer-v1,rejected,2025-11-27 03:09
A001269,J0003,C00948,2026-03-07 10:38,0.122,low,74,scorer-v2,rejected,2026-03-22 11:06
A001270,J0033,C00273,2026-04-20 16:51,0.471,low,72,scorer-v2,hired,2026-04-24 03:50
A001271,J0064,C00811,2026-05-19 22:14,0.639,medium,77,scorer-v2,hired,2026-05-26 06:16
A001272,J0032,C00849,2025-09-22 17:04,0.731,medium,44,scorer-v1,interviewed,2025-10-15 02:23
A001273,J0002,C00618,2025-11-23 23:05,0.442,low,56,scorer-v1,rejected,2025-12-07 19:29
A001274,J0008,C01066,2026-04-07 15:20,0.125,low,67,scorer-v2,rejected,2026-04-14 00:58
A001275,J0049,C00655,2026-07-15 16:27,0.59,medium,67,scorer-v2,interviewed,2026-08-15 15:50
A001276,J0078,C00163,2026-03-28 00:13,0.48,low,70,scorer-v2,rejected,2026-04-06 00:40
A001277,J0080,C00001,2025-11-02 15:27,0.229,low,81,scorer-v1,hired,2025-11-19 15:14
A001278,J0026,C00332,2026-01-01 17:42,0.122,low,71,scorer-v1,hired,2026-01-24 18:56
A001279,J0012,C00792,2026-05-23 08:27,0.153,low,68,scorer-v2,interviewed,2026-06-16 14:33
A001280,J0012,C01163,2026-06-06 00:03,0.14,low,69,scorer-v2,interviewed,2026-06-20 16:28
A001281,J0029,C00083,2026-01-18 23:02,0.895,good,79,scorer-v1,interviewed,2026-01-28 14:09
A001282,J0003,C00622,2026-03-13 10:51,0.062,low,64,scorer-v2,interviewed,2026-03-16 23:13
A001283,J0023,C00175,2025-10-22 01:46,0.364,low,26,scorer-v1,rejected,2025-11-10 08:09
A001284,J0043,C01408,2026-04-10 16:22,0.802,good,85,scorer-v2,hired,2026-04-19 17:41
A001285,J0057,C00258,2025-09-25 02:06,0.151,low,78,scorer-v1,rejected,2025-10-26 00:28
A001286,J0016,C00167,2025-11-30 21:42,0.973,good,81,scorer-v1,hired,2025-12-15 04:00
A001287,J0080,C00494,2026-03-31 03:39,0.09,low,54,scorer-v2,rejected,2026-04-26 21:15
A001288,J0024,C01034,2025-10-25 21:00,0.31,low,45,scorer-v1,rejected,2025-11-07 02:21
A001289,J0030,C00789,2026-07-21 12:44,0.143,low,70,scorer-v2,hired,2026-08-08 20:54
A001290,J0020,C01369,2025-12-06 13:25,0.646,medium,45,scorer-v1,hired,2025-12-31 01:25
A001291,J0043,C00935,2026-01-12 13:21,0.713,medium,63,scorer-v1,rejected,2026-01-31 10:00
A001292,J0055,C00357,2025-10-28 22:31,0.227,low,23,scorer-v1,rejected,2025-11-08 22:11
A001293,J0014,C00945,2025-12-05 22:50,0.326,low,39,scorer-v1,rejected,2025-12-12 23:02
A001294,J0007,C00158,2025-09-11 07:44,0.622,medium,55,scorer-v1,hired,2025-10-10 02:39
A001295,J0035,C00139,2026-05-04 15:16,0.655,medium,60,scorer-v2,rejected,2026-06-02 22:27
A001296,J0075,C00533,2026-05-20 04:35,0.184,low,69,scorer-v2,rejected,2026-06-03 13:41
A001297,J0033,C00569,2026-06-13 13:18,0.359,low,68,scorer-v2,rejected,2026-06-23 22:00
A001298,J0038,C00193,2025-11-22 04:43,0.379,low,28,scorer-v1,rejected,2025-12-22 17:46
A001299,J0059,C01215,2026-07-24 06:44,0.621,medium,67,scorer-v2,rejected,2026-08-24 00:56
A001300,J0040,C00781,2026-01-21 09:56,0.614,medium,73,scorer-v1,rejected,2026-01-28 23:44
A001301,J0036,C00961,2026-02-18 21:41,0.149,low,68,scorer-v1,hired,2026-03-15 13:42
A001302,J0015,C01432,2026-07-08 19:49,0.497,low,64,scorer-v2,interviewed,2026-08-03 21:52
A001303,J0019,C00719,2026-02-01 21:09,0.863,good,80,scorer-v1,,
A001304,J0061,C00845,2026-05-23 08:35,0.642,medium,69,scorer-v2,hired,2026-06-20 14:28
A001305,J0009,C00582,2026-01-12 16:19,0.545,medium,65,scorer-v1,rejected,2026-01-17 21:16
A001306,J0041,C00089,2026-05-13 23:12,0.948,good,70,scorer-v2,interviewed,2026-05-20 07:56
A001307,J0001,C00680,2026-04-06 03:27,0.325,low,65,scorer-v2,rejected,2026-05-01 15:50
A001308,J0058,C00413,2025-11-17 15:24,0.691,medium,68,scorer-v1,rejected,2025-11-30 21:29
A001309,J0025,C00883,2026-04-01 12:10,0.689,medium,92,scorer-v2,interviewed,2026-04-05 16:02
A001310,J0059,C00197,2026-07-06 17:58,0.825,good,76,scorer-v2,hired,2026-07-11 18:45
A001311,J0075,C01021,2025-10-18 12:10,0.183,low,66,scorer-v1,interviewed,2025-11-16 19:16
A001312,J0033,C01462,2026-07-18 00:55,0.408,low,64,scorer-v2,rejected,2026-08-14 23:30
A001313,J0076,C01121,2026-01-20 08:06,0.477,low,44,scorer-v1,rejected,2026-02-01 07:58
A001314,J0078,C00445,2025-12-26 10:57,0.53,medium,64,scorer-v1,rejected,2025-12-29 11:48
A001315,J0003,C00032,2025-11-11 23:02,0.076,low,48,scorer-v1,rejected,2025-12-12 09:55
A001316,J0001,C01339,2026-07-27 12:45,0.797,medium,81,scorer-v2,rejected,2026-08-12 18:09
A001317,J0075,C00340,2025-11-13 22:55,0.139,low,59,scorer-v1,,
A001318,J0066,C00629,2025-10-12 10:14,0.749,medium,68,scorer-v1,hired,2025-10-28 18:14
A001319,J0041,C00428,2025-10-24 04:23,0.553,medium,58,scorer-v1,rejected,2025-11-09 08:21
A001320,J0015,C00323,2026-05-24 23:58,0.624,medium,85,scorer-v2,interviewed,2026-06-21 06:10
A001321,J0069,C01358,2026-01-17 06:03,0.531,medium,43,scorer-v1,rejected,2026-02-16 10:33
A001322,J0068,C00820,2025-09-13 22:47,0.578,medium,58,scorer-v1,hired,2025-10-10 16:08
A001323,J0079,C01332,2025-10-02 03:01,0.522,medium,67,scorer-v1,rejected,2025-10-13 21:15
A001324,J0005,C01355,2026-04-30 13:06,0.18,low,59,scorer-v2,rejected,2026-05-15 01:48
A001325,J0020,C01132,2026-07-19 23:27,1.0,good,100,scorer-v2,interviewed,2026-07-23 20:13
A001326,J0051,C01124,2025-10-20 05:40,0.07,low,32,scorer-v1,rejected,2025-11-04 09:38
A001327,J0055,C01028,2026-02-20 04:35,0.306,low,47,scorer-v1,rejected,2026-02-26 03:23
A001328,J0019,C00304,2025-12-12 17:51,0.633,medium,67,scorer-v1,hired,2025-12-26 10:55
A001329,J0015,C01279,2026-01-14 14:30,0.675,medium,85,scorer-v1,hired,2026-02-08 15:58
A001330,J0023,C00266,2025-09-16 18:50,0.563,medium,65,scorer-v1,rejected,2025-10-08 11:49
A001331,J0023,C01437,2025-10-26 09:13,0.694,medium,65,scorer-v1,hired,2025-11-05 06:36
A001332,J0075,C01414,2026-02-15 14:05,0.085,low,47,scorer-v1,rejected,2026-03-09 12:38
A001333,J0005,C00436,2026-04-26 08:47,0.763,medium,75,scorer-v2,rejected,2026-05-08 04:55
A001334,J0077,C01220,2025-11-17 10:00,0.223,low,85,scorer-v1,rejected,2025-12-06 19:11
A001335,J0018,C00526,2026-04-07 07:19,0.2,low,96,scorer-v2,,
A001336,J0077,C00650,2026-01-22 03:01,0.196,low,70,scorer-v1,rejected,2026-02-20 19:30
A001337,J0012,C01172,2026-06-15 10:06,0.088,low,67,scorer-v2,rejected,2026-06-18 10:23
A001338,J0052,C00925,2026-04-27 02:30,0.639,medium,72,scorer-v2,rejected,2026-05-03 16:17
A001339,J0017,C00506,2026-06-14 13:23,0.357,low,49,scorer-v2,rejected,2026-06-29 11:51
A001340,J0018,C01248,2026-06-19 05:50,0.149,low,78,scorer-v2,interviewed,2026-06-25 22:37
A001341,J0064,C00073,2026-01-31 23:47,0.756,medium,72,scorer-v1,interviewed,2026-02-09 12:48
A001342,J0031,C00047,2025-10-04 23:30,0.658,medium,66,scorer-v1,,
A001343,J0019,C01105,2026-01-06 13:51,1.0,good,83,scorer-v1,hired,2026-01-21 23:10
A001344,J0010,C00394,2025-11-24 00:33,0.328,low,53,scorer-v1,,
A001345,J0007,C00254,2026-04-19 08:30,0.712,medium,80,scorer-v2,interviewed,2026-05-18 20:16
A001346,J0013,C00421,2026-03-11 10:12,0.087,low,49,scorer-v2,rejected,2026-04-03 14:13
A001347,J0015,C00699,2025-09-28 13:14,0.662,medium,81,scorer-v1,interviewed,2025-10-10 18:33
A001348,J0030,C00232,2026-03-27 00:35,0.232,low,94,scorer-v2,interviewed,2026-04-21 10:08
A001349,J0027,C00498,2026-05-04 16:47,0.648,medium,81,scorer-v2,hired,2026-06-03 10:30
A001350,J0056,C00274,2026-06-13 12:24,0.896,good,100,scorer-v2,hired,2026-07-04 00:42
A001351,J0054,C00202,2025-09-07 12:05,0.872,good,100,scorer-v1,hired,2025-09-29 02:33
A001352,J0063,C01435,2026-06-02 01:56,0.224,low,85,scorer-v2,interviewed,2026-06-24 10:50
A001353,J0060,C00192,2026-04-25 19:35,0.119,low,59,scorer-v2,rejected,2026-05-22 07:40
A001354,J0030,C00349,2025-12-09 21:12,0.262,low,88,scorer-v1,hired,2026-01-03 21:05
A001355,J0053,C01001,2026-01-14 10:13,0.475,low,61,scorer-v1,,
A001356,J0078,C01203,2025-10-23 09:59,0.67,medium,57,scorer-v1,rejected,2025-11-02 19:14
A001357,J0065,C00094,2026-04-01 02:28,0.348,low,48,scorer-v2,rejected,2026-04-21 01:34
A001358,J0062,C01271,2026-03-20 02:02,0.152,low,76,scorer-v2,rejected,2026-03-27 09:38
A001359,J0003,C00508,2025-11-25 04:20,0.214,low,75,scorer-v1,rejected,2025-12-09 07:40
A001360,J0020,C00872,2025-10-09 10:47,0.759,medium,76,scorer-v1,hired,2025-11-03 02:20
A001361,J0016,C01191,2026-06-16 11:14,0.608,medium,78,scorer-v2,interviewed,2026-06-27 19:59
A001362,J0075,C01438,2026-03-06 11:32,0.118,low,66,scorer-v2,hired,2026-04-04 07:30
A001363,J0075,C00691,2026-04-12 18:11,0.228,low,77,scorer-v2,rejected,2026-05-06 13:55
A001364,J0039,C01287,2025-09-30 11:35,0.542,medium,56,scorer-v1,hired,2025-10-19 19:21
A001365,J0036,C00109,2026-01-05 23:56,0.118,low,70,scorer-v1,interviewed,2026-01-19 07:05
A001366,J0062,C00753,2026-07-22 17:56,0.076,low,65,scorer-v2,rejected,2026-08-17 13:30
A001367,J0047,C00969,2026-07-19 09:00,0.135,low,72,scorer-v2,hired,2026-07-27 10:14
A001368,J0080,C00535,2025-12-31 22:02,0.193,low,85,scorer-v1,hired,2026-01-05 15:05
A001369,J0008,C00132,2026-06-05 04:19,0.21,low,68,scorer-v2,interviewed,2026-06-25 09:26
A001370,J0035,C00034,2026-05-25 19:44,0.863,good,86,scorer-v2,hired,2026-06-03 19:34
A001371,J0003,C00565,2026-07-16 15:36,0.124,low,69,scorer-v2,rejected,2026-07-24 23:06
A001372,J0048,C01013,2025-12-02 06:30,0.673,medium,69,scorer-v1,hired,2025-12-12 22:51
A001373,J0071,C00214,2026-07-22 23:48,0.676,medium,39,scorer-v2,,
A001374,J0049,C01107,2026-05-12 18:20,0.434,low,51,scorer-v2,hired,2026-05-30 08:02
A001375,J0047,C01021,2025-11-17 06:47,0.149,low,54,scorer-v1,rejected,2025-12-05 17:17
A001376,J0029,C00244,2025-11-12 18:18,0.664,medium,69,scorer-v1,rejected,2025-12-04 23:44
A001377,J0073,C00906,2025-10-11 19:45,0.552,medium,67,scorer-v1,rejected,2025-10-18 16:12
A001378,J0030,C00361,2026-04-26 18:31,0.171,low,72,scorer-v2,hired,2026-05-24 16:46
A001379,J0058,C01381,2026-02-23 04:31,0.438,low,54,scorer-v1,rejected,2026-03-16 14:36
A001380,J0014,C01410,2025-11-23 02:59,0.396,low,34,scorer-v1,rejected,2025-12-03 00:02
A001381,J0007,C00145,2026-07-21 20:38,0.714,medium,100,scorer-v2,interviewed,2026-07-26 11:15
A001382,J0064,C00023,2025-11-16 01:01,0.886,good,78,scorer-v1,hired,2025-11-23 05:27
A001383,J0023,C01042,2026-01-23 19:04,0.745,medium,91,scorer-v1,hired,2026-02-02 00:20
A001384,J0075,C00303,2025-09-17 15:36,0.142,low,45,scorer-v1,rejected,2025-10-11 22:12
A001385,J0066,C00840,2025-09-28 08:41,0.445,low,45,scorer-v1,rejected,2025-10-27 16:03
A001386,J0016,C00796,2026-06-21 12:25,0.73,medium,81,scorer-v2,hired,2026-07-15 08:54
A001387,J0057,C00134,2026-03-26 07:45,0.03,low,58,scorer-v2,rejected,2026-04-22 16:29
A001388,J0031,C01062,2025-09-04 00:41,0.514,medium,82,scorer-v1,rejected,2025-09-28 07:17
A001389,J0042,C00743,2026-07-13 08:30,0.763,medium,68,scorer-v2,hired,2026-08-09 13:35
A001390,J0063,C01282,2025-12-29 20:46,0.15,low,74,scorer-v1,interviewed,2026-01-15 20:53
A001391,J0023,C01256,2026-07-27 17:10,0.407,low,48,scorer-v2,rejected,2026-08-24 07:22
A001392,J0035,C00547,2025-12-05 01:10,0.289,low,27,scorer-v1,rejected,2025-12-29 16:28
A001393,J0014,C01032,2025-10-10 17:59,0.615,medium,77,scorer-v1,rejected,2025-10-16 04:44
A001394,J0063,C00213,2026-02-15 14:24,0.051,low,30,scorer-v1,rejected,2026-02-21 04:47
A001395,J0017,C00938,2026-03-29 15:53,0.601,medium,70,scorer-v2,hired,2026-04-19 19:58
A001396,J0076,C00604,2026-05-08 02:03,0.559,medium,56,scorer-v2,,
A001397,J0002,C00141,2025-11-29 22:18,0.402,low,39,scorer-v1,rejected,2025-12-09 19:36
A001398,J0033,C01492,2025-09-09 05:40,0.354,low,42,scorer-v1,rejected,2025-09-22 13:46
A001399,J0010,C01135,2026-02-08 23:41,0.769,medium,72,scorer-v1,hired,2026-02-16 02:02
A001400,J0072,C00026,2025-11-27 02:42,0.556,medium,73,scorer-v1,hired,2025-12-14 12:52
A001401,J0060,C01329,2025-12-26 21:20,0.12,low,40,scorer-v1,rejected,2026-01-03 13:10
A001402,J0037,C00408,2025-12-07 23:09,0.356,low,65,scorer-v1,interviewed,2026-01-05 07:26
A001403,J0040,C00908,2026-05-04 09:12,0.327,low,45,scorer-v2,rejected,2026-05-09 22:36
A001404,J0072,C01074,2026-06-09 10:56,0.402,low,58,scorer-v2,rejected,2026-06-14 01:08
A001405,J0004,C01060,2026-06-09 08:26,0.57,medium,74,scorer-v2,interviewed,2026-07-03 14:37
A001406,J0014,C00867,2025-11-05 07:46,0.307,low,64,scorer-v1,hired,2025-11-19 20:23
A001407,J0005,C00436,2025-10-01 01:52,0.638,medium,60,scorer-v1,interviewed,2025-10-31 16:18
A001408,J0046,C01298,2025-09-16 20:39,0.532,medium,67,scorer-v1,rejected,2025-10-05 11:30
A001409,J0054,C00308,2025-10-28 02:17,0.464,low,41,scorer-v1,rejected,2025-11-13 19:20
A001410,J0060,C00295,2025-09-18 16:01,0.056,low,49,scorer-v1,hired,2025-09-28 20:42
A001411,J0041,C00961,2026-07-01 07:57,0.617,medium,72,scorer-v2,rejected,2026-07-28 01:25
A001412,J0054,C01068,2025-09-25 09:17,0.945,good,100,scorer-v1,hired,2025-09-28 11:21
A001413,J0026,C00056,2026-04-23 08:04,0.136,low,58,scorer-v2,rejected,2026-05-03 07:16
A001414,J0044,C01295,2025-09-03 00:29,0.412,low,41,scorer-v1,hired,2025-10-01 19:40
A001415,J0030,C00252,2026-01-16 18:50,0.121,low,63,scorer-v1,hired,2026-01-28 15:12
A001416,J0065,C00959,2025-12-03 23:38,0.511,medium,80,scorer-v1,rejected,2025-12-30 13:40
A001417,J0053,C01236,2026-05-06 23:07,0.364,low,73,scorer-v2,hired,2026-06-03 09:20
A001418,J0019,C00788,2026-07-16 01:12,0.364,low,73,scorer-v2,hired,2026-08-07 07:59
A001419,J0046,C00292,2026-04-28 23:18,0.569,medium,68,scorer-v2,hired,2026-05-13 06:11
A001420,J0008,C00232,2025-11-10 13:23,0.155,low,52,scorer-v1,hired,2025-11-14 01:13
A001421,J0003,C00165,2026-06-09 05:14,0.264,low,86,scorer-v2,hired,2026-07-07 04:25
A001422,J0077,C00776,2025-12-04 18:11,0.217,low,71,scorer-v1,interviewed,2025-12-18 10:00
A001423,J0042,C00139,2026-04-09 07:36,0.58,medium,60,scorer-v2,interviewed,2026-05-05 19:40
A001424,J0017,C00717,2026-03-29 08:52,0.604,medium,77,scorer-v2,rejected,2026-04-27 13:10
A001425,J0039,C00492,2026-04-11 15:24,0.542,medium,64,scorer-v2,hired,2026-04-16 18:46
A001426,J0054,C01315,2026-03-20 10:44,0.585,medium,78,scorer-v2,rejected,2026-04-02 23:11
A001427,J0043,C00910,2025-12-05 19:21,0.59,medium,62,scorer-v1,rejected,2025-12-12 07:44
A001428,J0012,C00237,2025-11-08 06:14,0.147,low,70,scorer-v1,,
A001429,J0073,C01063,2026-02-07 10:53,0.774,medium,66,scorer-v1,rejected,2026-02-28 13:54
A001430,J0063,C00525,2025-12-04 13:58,0.078,low,53,scorer-v1,rejected,2025-12-25 19:25
A001431,J0010,C00628,2026-07-06 13:19,0.605,medium,69,scorer-v2,rejected,2026-07-14 20:08
A001432,J0035,C00656,2025-11-28 18:25,0.48,low,49,scorer-v1,rejected,2025-12-14 19:43
A001433,J0058,C01158,2026-04-01 04:35,0.349,low,75,scorer-v2,,
A001434,J0059,C00243,2025-09-29 19:44,0.509,medium,74,scorer-v1,hired,2025-10-14 21:09
A001435,J0015,C00908,2026-02-01 20:21,1.0,good,84,scorer-v1,hired,2026-02-20 19:00
A001436,J0080,C00461,2025-11-04 08:03,0.157,low,54,scorer-v1,rejected,2025-11-19 11:35
A001437,J0038,C00168,2026-07-24 09:52,0.43,low,45,scorer-v2,rejected,2026-08-08 01:09
A001438,J0023,C01071,2026-05-30 20:39,0.306,low,38,scorer-v2,rejected,2026-06-11 21:40
A001439,J0071,C00369,2026-03-01 11:38,0.677,medium,78,scorer-v2,interviewed,2026-03-29 01:40
A001440,J0001,C00955,2026-01-03 11:52,0.762,medium,69,scorer-v1,rejected,2026-01-21 11:25
A001441,J0041,C00680,2026-04-02 19:27,0.761,medium,77,scorer-v2,interviewed,2026-04-27 11:24
A001442,J0002,C00504,2026-04-03 05:02,0.983,good,88,scorer-v2,interviewed,2026-04-27 22:45
A001443,J0018,C00026,2025-10-28 23:10,0.095,low,63,scorer-v1,rejected,2025-11-25 01:21
A001444,J0046,C00787,2025-10-25 13:29,1.0,good,97,scorer-v1,rejected,2025-11-18 12:41
A001445,J0033,C01374,2026-01-23 06:58,0.94,good,64,scorer-v1,hired,2026-02-04 22:48
A001446,J0039,C01117,2026-06-06 04:56,0.55,medium,75,scorer-v2,hired,2026-06-25 13:03
A001447,J0049,C00946,2026-07-02 21:59,0.578,medium,86,scorer-v2,hired,2026-07-29 05:23
A001448,J0051,C00526,2026-06-04 15:49,0.218,low,93,scorer-v2,hired,2026-06-12 11:46
A001449,J0045,C00939,2026-04-09 11:11,0.169,low,66,scorer-v2,interviewed,2026-04-21 02:48
A001450,J0018,C00108,2026-06-17 03:21,0.117,low,69,scorer-v2,rejected,2026-07-17 11:14
A001451,J0049,C01359,2026-01-06 08:45,0.813,good,86,scorer-v1,interviewed,2026-01-09 09:47
A001452,J0072,C01365,2026-06-05 13:12,0.299,low,63,scorer-v2,rejected,2026-06-27 12:36
A001453,J0052,C00929,2026-03-16 09:26,0.266,low,56,scorer-v2,rejected,2026-03-22 10:39
A001454,J0061,C00931,2025-09-18 18:34,0.59,medium,50,scorer-v1,hired,2025-10-14 08:40
A001455,J0020,C00031,2026-03-31 02:24,0.972,good,100,scorer-v2,,
A001456,J0005,C00677,2026-03-28 14:38,0.764,medium,100,scorer-v2,hired,2026-04-16 06:23
A001457,J0047,C01228,2025-10-04 21:41,0.264,low,83,scorer-v1,hired,2025-10-27 20:54
A001458,J0022,C01210,2025-12-25 15:37,0.684,medium,53,scorer-v1,rejected,2026-01-07 17:04
A001459,J0009,C00677,2026-05-22 22:12,0.536,medium,83,scorer-v2,interviewed,2026-06-14 13:07
A001460,J0060,C00431,2025-11-14 15:13,0.131,low,51,scorer-v1,rejected,2025-12-01 11:29
A001461,J0001,C00831,2025-09-29 17:16,0.507,medium,64,scorer-v1,rejected,2025-10-18 18:41
A001462,J0056,C01325,2026-01-14 06:13,0.596,medium,65,scorer-v1,,
A001463,J0080,C00050,2026-05-28 02:06,0.113,low,39,scorer-v2,,
A001464,J0055,C01119,2026-03-16 06:59,0.636,medium,65,scorer-v2,interviewed,2026-04-03 15:35
A001465,J0043,C01170,2025-11-09 18:30,0.904,good,85,scorer-v1,hired,2025-11-28 13:38
A001466,J0042,C00147,2026-02-16 01:37,0.59,medium,45,scorer-v1,rejected,2026-03-07 01:37
A001467,J0025,C01100,2026-01-11 16:50,0.859,good,76,scorer-v1,hired,2026-01-31 10:33
A001468,J0028,C00469,2025-11-20 19:54,0.395,low,44,scorer-v1,rejected,2025-11-24 14:52
A001469,J0042,C00885,2026-07-26 00:26,0.633,medium,62,scorer-v2,rejected,2026-08-08 18:39
A001470,J0077,C00728,2025-10-21 04:44,0.176,low,28,scorer-v1,rejected,2025-11-03 05:23
A001471,J0006,C00320,2025-12-10 08:44,0.153,low,43,scorer-v1,interviewed,2025-12-22 09:20
A001472,J0071,C00550,2025-11-26 13:31,0.418,low,43,scorer-v1,rejected,2025-12-15 13:24
A001473,J0032,C00617,2026-02-11 17:01,0.503,medium,56,scorer-v1,rejected,2026-03-04 02:24
A001474,J0010,C00387,2026-02-27 14:27,0.417,low,32,scorer-v1,rejected,2026-03-23 03:11
A001475,J0029,C00419,2026-05-11 05:38,0.467,low,78,scorer-v2,rejected,2026-06-02 21:00
A001476,J0040,C01406,2025-12-28 13:31,0.395,low,57,scorer-v1,rejected,2026-01-26 03:48
A001477,J0033,C00737,2026-02-06 10:38,0.34,low,24,scorer-v1,rejected,2026-03-01 07:37
A001478,J0030,C00883,2026-06-17 17:23,0.171,low,57,scorer-v2,,
A001479,J0054,C00191,2025-10-20 10:28,0.319,low,32,scorer-v1,rejected,2025-11-12 12:09
A001480,J0023,C00401,2025-09-05 10:27,0.34,low,17,scorer-v1,rejected,2025-09-18 15:40
A001481,J0012,C00032,2025-12-14 00:37,0.039,low,49,scorer-v1,rejected,2026-01-10 02:00
A001482,J0071,C00631,2025-10-26 03:22,0.726,medium,75,scorer-v1,hired,2025-11-06 19:33
A001483,J0025,C00299,2026-05-29 21:23,0.532,medium,47,scorer-v2,interviewed,2026-06-21 11:36
A001484,J0054,C01244,2025-11-17 15:31,0.879,good,82,scorer-v1,hired,2025-12-18 11:17
A001485,J0039,C00346,2026-04-02 17:16,0.717,medium,92,scorer-v2,hired,2026-05-01 17:13
A001486,J0039,C00937,2025-10-03 03:17,0.491,low,51,scorer-v1,rejected,2025-10-07 09:51
A001487,J0019,C00296,2026-03-30 03:06,0.508,medium,81,scorer-v2,rejected,2026-04-07 19:36
A001488,J0076,C00144,2025-09-01 18:03,0.559,medium,54,scorer-v1,rejected,2025-09-22 06:20
A001489,J0034,C01145,2025-10-17 15:23,0.516,medium,54,scorer-v1,,
A001490,J0011,C01398,2026-04-16 22:55,0.803,good,100,scorer-v2,hired,2026-05-14 06:05
A001491,J0056,C01130,2025-10-28 06:24,0.349,low,44,scorer-v1,rejected,2025-11-03 10:50
A001492,J0070,C01248,2026-03-01 08:47,0.475,low,82,scorer-v2,interviewed,2026-03-09 12:32
A001493,J0043,C01498,2025-10-11 12:46,0.62,medium,68,scorer-v1,hired,2025-11-03 08:31
A001494,J0074,C00787,2025-09-12 11:24,0.442,low,46,scorer-v1,rejected,2025-09-23 23:44
A001495,J0013,C00309,2026-04-13 06:36,0.244,low,100,scorer-v2,hired,2026-05-12 00:32
A001496,J0009,C00955,2025-11-25 06:37,0.873,good,71,scorer-v1,hired,2025-12-02 14:05
A001497,J0026,C01042,2025-09-13 01:40,0.079,low,44,scorer-v1,hired,2025-10-08 05:29
A001498,J0022,C00561,2025-12-12 20:33,0.43,low,48,scorer-v1,,
A001499,J0074,C00605,2025-11-17 10:37,0.533,medium,65,scorer-v1,rejected,2025-12-16 17:02
A001500,J0051,C01078,2025-12-26 19:45,0.141,low,75,scorer-v1,rejected,2026-01-03 13:25
A001501,J0073,C00100,2026-02-16 12:34,0.494,low,67,scorer-v1,hired,2026-03-10 06:13
A001502,J0033,C01452,2025-11-16 18:52,0.376,low,37,scorer-v1,rejected,2025-12-13 19:31
A001503,J0012,C00200,2026-06-18 14:55,0.123,low,75,scorer-v2,hired,2026-06-27 15:16
A001504,J0043,C00457,2026-02-16 23:29,0.721,medium,63,scorer-v1,,
A001505,J0074,C01151,2025-10-25 03:53,0.7,medium,57,scorer-v1,interviewed,2025-11-02 22:53
A001506,J0045,C01197,2025-11-07 18:05,0.128,low,98,scorer-v1,interviewed,2025-11-28 20:55
A001507,J0047,C01299,2025-09-04 05:41,0.082,low,47,scorer-v1,rejected,2025-09-14 14:23
A001508,J0067,C00222,2025-12-01 13:48,0.687,medium,93,scorer-v1,rejected,2025-12-26 11:24
A001509,J0018,C00682,2025-12-06 08:50,0.053,low,53,scorer-v1,hired,2025-12-16 13:07
A001510,J0009,C00443,2026-06-16 16:20,0.564,medium,78,scorer-v2,hired,2026-07-11 10:16
A001511,J0009,C01099,2026-07-01 03:24,0.23,low,57,scorer-v2,rejected,2026-07-16 18:26
A001512,J0039,C01195,2026-01-05 23:22,0.653,medium,60,scorer-v1,rejected,2026-01-12 11:07
A001513,J0055,C00404,2026-06-21 19:56,0.554,medium,60,scorer-v2,rejected,2026-06-30 02:40
A001514,J0034,C00595,2025-09-07 10:37,0.725,medium,74,scorer-v1,hired,2025-09-25 10:16
A001515,J0063,C00187,2026-05-25 09:17,0.079,low,46,scorer-v2,rejected,2026-05-30 14:13
A001516,J0005,C00217,2026-01-21 15:45,0.558,medium,63,scorer-v1,rejected,2026-02-06 20:30
A001517,J0064,C01065,2026-05-18 20:15,0.759,medium,89,scorer-v2,hired,2026-05-22 10:27
A001518,J0072,C01089,2026-01-15 06:46,0.486,low,66,scorer-v1,rejected,2026-01-30 04:44
A001519,J0041,C01142,2026-05-26 07:05,0.727,medium,69,scorer-v2,hired,2026-06-17 10:40
A001520,J0063,C01077,2026-02-05 07:04,0.191,low,75,scorer-v1,hired,2026-02-26 09:58
A001521,J0003,C00237,2025-12-23 12:14,0.165,low,63,scorer-v1,rejected,2026-01-07 05:20
A001522,J0035,C01010,2025-10-01 12:49,0.444,low,42,scorer-v1,rejected,2025-10-05 14:25
A001523,J0070,C01294,2025-12-04 14:48,0.496,low,63,scorer-v1,rejected,2025-12-27 01:20
A001524,J0039,C00039,2026-01-29 12:08,0.828,good,84,scorer-v1,interviewed,2026-02-07 07:22
A001525,J0008,C00474,2026-05-19 07:40,0.116,low,17,scorer-v2,rejected,2026-05-25 05:19
A001526,J0054,C00144,2026-07-17 04:58,0.776,medium,77,scorer-v2,hired,2026-08-07 04:23
A001527,J0079,C00492,2026-01-10 03:29,0.374,low,46,scorer-v1,rejected,2026-01-17 07:41
A001528,J0065,C00600,2026-02-04 20:08,0.428,low,57,scorer-v1,interviewed,2026-02-09 03:11
A001529,J0023,C01340,2026-04-01 09:45,0.385,low,43,scorer-v2,interviewed,2026-04-23 15:51
A001530,J0047,C00453,2026-04-03 23:14,0.181,low,77,scorer-v2,hired,2026-04-25 13:55
A001531,J0080,C01388,2025-09-07 05:18,0.157,low,38,scorer-v1,rejected,2025-10-04 08:06
A001532,J0049,C00448,2025-11-01 03:21,0.549,medium,42,scorer-v1,hired,2025-11-05 06:49
A001533,J0003,C00912,2026-07-04 15:32,0.214,low,64,scorer-v2,rejected,2026-07-24 17:44
A001534,J0065,C00031,2026-01-25 10:16,0.827,good,84,scorer-v1,hired,2026-02-17 05:09
A001535,J0022,C00781,2026-06-27 20:17,0.6,medium,77,scorer-v2,rejected,2026-07-22 18:03
A001536,J0041,C00167,2025-09-23 12:22,0.491,low,66,scorer-v1,rejected,2025-10-08 13:59
A001537,J0012,C00934,2025-12-23 16:31,0.182,low,79,scorer-v1,interviewed,2026-01-17 05:21
A001538,J0038,C01202,2026-05-03 06:53,0.45,low,74,scorer-v2,interviewed,2026-05-20 20:32
A001539,J0006,C00098,2026-07-25 19:38,0.696,medium,89,scorer-v2,,
A001540,J0066,C01208,2026-05-30 13:45,0.55,medium,65,scorer-v2,rejected,2026-06-07 07:08
A001541,J0076,C00930,2026-04-24 00:48,0.578,medium,88,scorer-v2,rejected,2026-05-19 00:16
A001542,J0019,C01226,2026-01-28 14:06,0.461,low,73,scorer-v1,interviewed,2026-02-01 16:39
A001543,J0019,C00746,2026-07-13 15:06,1.0,good,88,scorer-v2,hired,2026-08-09 14:55
A001544,J0041,C01417,2025-09-09 19:09,0.283,low,54,scorer-v1,,
A001545,J0056,C00803,2026-02-12 19:42,0.293,low,47,scorer-v1,rejected,2026-02-26 05:47
A001546,J0075,C00523,2026-05-14 04:42,0.115,low,74,scorer-v2,rejected,2026-06-08 19:55
A001547,J0034,C00169,2026-04-22 15:29,0.523,medium,87,scorer-v2,,
A001548,J0079,C00018,2026-04-28 06:16,0.612,medium,60,scorer-v2,hired,2026-05-22 16:56
A001549,J0076,C00337,2026-05-04 12:06,0.295,low,66,scorer-v2,rejected,2026-05-13 09:31
A001550,J0048,C00052,2026-01-16 03:09,0.391,low,28,scorer-v1,rejected,2026-02-15 15:47
A001551,J0055,C00940,2025-09-27 17:05,0.679,medium,68,scorer-v1,hired,2025-10-10 18:03
A001552,J0007,C00086,2026-02-23 09:38,0.546,medium,67,scorer-v1,rejected,2026-03-25 04:27
A001553,J0014,C00658,2025-11-22 22:27,0.529,medium,54,scorer-v1,hired,2025-12-14 17:23
A001554,J0079,C01360,2026-07-13 00:09,0.695,medium,54,scorer-v2,interviewed,2026-08-07 04:06
A001555,J0058,C00193,2025-09-15 11:43,0.698,medium,72,scorer-v1,interviewed,2025-09-27 07:25
A001556,J0065,C00067,2026-05-19 10:22,0.154,low,35,scorer-v2,,
A001557,J0009,C01349,2025-11-15 13:46,0.629,medium,73,scorer-v1,interviewed,2025-12-01 11:35
A001558,J0053,C01248,2026-07-10 07:47,0.619,medium,74,scorer-v2,hired,2026-07-17 22:55
A001559,J0012,C00667,2026-04-29 22:40,0.174,low,89,scorer-v2,hired,2026-05-28 01:45
A001560,J0080,C00018,2025-09-14 13:57,0.034,low,27,scorer-v1,,
A001561,J0043,C00003,2025-12-13 22:12,0.834,good,77,scorer-v1,interviewed,2026-01-01 06:12
A001562,J0052,C00948,2026-03-28 19:21,0.65,medium,76,scorer-v2,rejected,2026-04-08 15:24
A001563,J0041,C00216,2026-03-20 18:41,0.387,low,62,scorer-v2,rejected,2026-03-27 19:08
A001564,J0046,C00556,2025-09-16 10:51,0.568,medium,62,scorer-v1,rejected,2025-09-27 01:18
A001565,J0023,C01353,2026-02-19 13:18,0.613,medium,81,scorer-v1,hired,2026-03-05 23:09
A001566,J0072,C00896,2025-12-06 16:19,0.927,good,83,scorer-v1,hired,2026-01-05 14:18
A001567,J0021,C01198,2025-10-31 23:11,0.595,medium,89,scorer-v1,interviewed,2025-11-05 07:37
A001568,J0053,C00610,2025-09-10 22:46,0.506,medium,56,scorer-v1,,
A001569,J0065,C00035,2026-01-26 23:49,0.586,medium,65,scorer-v1,,
A001570,J0062,C00997,2026-04-06 05:32,0.147,low,65,scorer-v2,interviewed,2026-04-20 04:09
A001571,J0031,C01132,2026-02-23 16:29,0.672,medium,69,scorer-v1,hired,2026-03-03 06:03
A001572,J0042,C01312,2026-02-17 04:02,0.701,medium,56,scorer-v1,,
A001573,J0006,C00396,2026-03-31 16:45,0.454,low,29,scorer-v2,rejected,2026-04-22 15:09
A001574,J0056,C00300,2025-11-11 09:53,0.375,low,40,scorer-v1,rejected,2025-11-28 21:03
A001575,J0066,C00505,2026-04-19 19:17,0.598,medium,76,scorer-v2,rejected,2026-05-16 16:04
A001576,J0064,C01382,2026-02-28 11:09,0.41,low,46,scorer-v1,rejected,2026-03-17 22:01
A001577,J0068,C00105,2025-12-26 16:08,0.641,medium,73,scorer-v1,interviewed,2026-01-06 17:31
A001578,J0061,C00664,2026-06-01 09:45,0.549,medium,62,scorer-v2,rejected,2026-06-23 15:33
A001579,J0046,C00904,2026-02-08 01:05,0.354,low,15,scorer-v1,rejected,2026-02-15 18:54
A001580,J0029,C00686,2025-12-30 14:52,0.919,good,82,scorer-v1,hired,2026-01-18 12:39
A001581,J0037,C00262,2026-02-24 12:22,0.292,low,44,scorer-v1,rejected,2026-03-10 01:45
A001582,J0046,C00437,2026-03-17 02:41,0.814,good,86,scorer-v2,rejected,2026-04-11 00:59
A001583,J0041,C00370,2026-07-15 06:01,0.552,medium,67,scorer-v2,interviewed,2026-07-20 13:03
A001584,J0041,C00453,2025-11-22 16:44,0.388,low,51,scorer-v1,rejected,2025-11-30 22:20
A001585,J0061,C01340,2026-07-15 04:58,0.951,good,100,scorer-v2,hired,2026-07-23 00:29
A001586,J0018,C00905,2025-09-18 19:37,0.142,low,68,scorer-v1,hired,2025-09-28 07:38
A001587,J0030,C00942,2026-01-22 00:49,0.062,low,54,scorer-v1,hired,2026-01-27 07:13
A001588,J0014,C00607,2026-01-29 11:50,0.391,low,42,scorer-v1,rejected,2026-02-21 05:19
A001589,J0023,C00717,2025-10-11 10:27,0.57,medium,63,scorer-v1,rejected,2025-11-07 18:15
A001590,J0053,C00657,2025-11-01 00:41,0.636,medium,79,scorer-v1,hired,2025-11-22 17:34
A001591,J0058,C00086,2025-09-08 21:01,0.882,good,100,scorer-v1,interviewed,2025-10-06 15:16
A001592,J0018,C01011,2026-03-26 15:31,0.13,low,85,scorer-v2,hired,2026-04-13 04:03
A001593,J0010,C00544,2025-11-01 22:37,0.581,medium,53,scorer-v1,rejected,2025-11-22 08:50
A001594,J0013,C00353,2025-11-12 02:38,0.23,low,84,scorer-v1,interviewed,2025-11-22 16:35
A001595,J0042,C01274,2025-09-08 04:18,0.398,low,29,scorer-v1,rejected,2025-10-08 20:44
A001596,J0063,C00973,2025-09-12 04:33,0.13,low,57,scorer-v1,rejected,2025-09-22 23:49
A001597,J0008,C00157,2025-11-21 17:19,0.127,low,32,scorer-v1,rejected,2025-12-03 07:14
A001598,J0067,C00457,2025-09-29 03:55,0.632,medium,66,scorer-v1,hired,2025-10-14 03:31
A001599,J0003,C01350,2025-10-26 13:11,0.12,low,60,scorer-v1,,
A001600,J0048,C01028,2026-07-23 17:13,0.083,low,53,scorer-v2,rejected,2026-08-22 11:39
A001601,J0063,C00679,2026-07-21 10:52,0.166,low,73,scorer-v2,hired,2026-08-19 22:37
A001602,J0024,C01319,2026-07-22 05:45,0.363,low,64,scorer-v2,rejected,2026-08-21 00:45
A001603,J0057,C00403,2026-06-05 03:14,0.039,low,49,scorer-v2,rejected,2026-06-20 16:52
A001604,J0073,C00338,2026-07-04 08:23,0.438,low,70,scorer-v2,interviewed,2026-07-08 04:23
A001605,J0019,C00927,2026-07-19 23:48,0.57,medium,65,scorer-v2,hired,2026-08-07 00:18
A001606,J0033,C00922,2026-05-29 04:40,0.688,medium,76,scorer-v2,hired,2026-06-08 17:24
A001607,J0020,C01067,2026-05-02 04:10,0.379,low,60,scorer-v2,interviewed,2026-05-10 18:40
A001608,J0036,C00089,2026-04-12 03:18,0.147,low,73,scorer-v2,rejected,2026-04-19 00:43
A001609,J0076,C01370,2025-12-10 03:22,0.313,low,38,scorer-v1,rejected,2025-12-26 12:24
A001610,J0016,C01191,2025-11-03 02:38,0.669,medium,63,scorer-v1,interviewed,2025-11-06 11:30
A001611,J0048,C00635,2026-05-03 15:24,0.281,low,42,scorer-v2,rejected,2026-05-15 23:46
A001612,J0032,C00627,2025-09-29 23:15,0.551,medium,46,scorer-v1,interviewed,2025-10-18 01:01
A001613,J0059,C00752,2026-01-12 20:51,0.578,medium,56,scorer-v1,interviewed,2026-02-01 03:36
A001614,J0017,C00970,2026-04-06 06:21,0.33,low,31,scorer-v2,rejected,2026-04-29 00:14
A001615,J0079,C00133,2025-12-03 23:23,0.552,medium,74,scorer-v1,hired,2025-12-09 05:36
A001616,J0006,C00038,2025-10-13 11:49,0.455,low,55,scorer-v1,rejected,2025-10-17 17:10
A001617,J0029,C01497,2026-04-28 23:51,0.58,medium,76,scorer-v2,,
A001618,J0020,C01207,2026-04-05 07:56,0.233,low,66,scorer-v2,rejected,2026-05-05 07:29
A001619,J0016,C00230,2025-11-22 01:36,0.615,medium,61,scorer-v1,rejected,2025-12-08 05:22
A001620,J0027,C01217,2025-10-07 10:38,0.272,low,39,scorer-v1,rejected,2025-11-02 01:47
A001621,J0063,C00256,2026-03-31 02:49,0.231,low,89,scorer-v2,,
A001622,J0038,C00663,2025-12-11 08:19,0.482,low,91,scorer-v1,rejected,2025-12-24 08:38
A001623,J0074,C00040,2026-04-27 05:54,0.895,good,96,scorer-v2,interviewed,2026-05-19 15:02
A001624,J0056,C00071,2026-01-28 21:26,0.538,medium,52,scorer-v1,,
A001625,J0074,C01458,2025-09-18 08:39,0.503,medium,49,scorer-v1,hired,2025-10-09 15:26
A001626,J0035,C01469,2025-11-22 09:15,0.768,medium,73,scorer-v1,interviewed,2025-11-30 01:16
A001627,J0078,C00508,2025-11-23 04:32,0.895,good,91,scorer-v1,interviewed,2025-12-11 13:06
A001628,J0043,C00212,2026-07-09 04:42,0.531,medium,65,scorer-v2,rejected,2026-07-29 11:01
A001629,J0046,C00696,2025-10-14 16:14,0.504,medium,46,scorer-v1,rejected,2025-11-05 11:32
A001630,J0041,C00304,2026-03-14 23:59,0.483,low,66,scorer-v2,interviewed,2026-03-21 03:25
A001631,J0076,C01235,2026-02-13 01:31,0.582,medium,72,scorer-v1,rejected,2026-02-27 23:31
A001632,J0025,C01345,2026-05-21 01:15,0.316,low,60,scorer-v2,rejected,2026-06-03 07:57
A001633,J0033,C01487,2026-06-18 22:40,0.557,medium,78,scorer-v2,rejected,2026-06-28 02:27
A001634,J0035,C00036,2025-09-14 23:12,0.549,medium,56,scorer-v1,,
A001635,J0068,C00266,2025-10-20 16:13,0.612,medium,84,scorer-v1,rejected,2025-11-02 11:00
A001636,J0071,C00975,2026-05-08 00:42,0.668,medium,57,scorer-v2,interviewed,2026-05-20 09:19
A001637,J0026,C00536,2025-09-29 00:55,0.13,low,40,scorer-v1,rejected,2025-10-06 03:06
A001638,J0064,C00321,2026-07-13 08:55,0.458,low,51,scorer-v2,interviewed,2026-07-25 07:10
A001639,J0080,C01000,2026-03-20 16:22,0.112,low,81,scorer-v2,hired,2026-04-11 21:25
A001640,J0031,C00455,2026-04-15 18:44,0.586,medium,81,scorer-v2,rejected,2026-05-11 02:59
A001641,J0032,C01051,2026-01-18 05:06,0.66,medium,76,scorer-v1,hired,2026-02-03 16:39
A001642,J0075,C00010,2026-04-14 04:20,0.163,low,79,scorer-v2,interviewed,2026-04-20 12:02
A001643,J0005,C00512,2026-06-02 02:42,0.924,good,91,scorer-v2,interviewed,2026-06-24 09:32
A001644,J0077,C01015,2025-12-20 17:23,0.092,low,20,scorer-v1,rejected,2025-12-24 23:26
A001645,J0028,C00282,2026-07-01 20:26,0.421,low,56,scorer-v2,interviewed,2026-07-30 14:10
A001646,J0025,C01073,2026-04-26 11:57,0.245,low,49,scorer-v2,rejected,2026-05-25 06:07
A001647,J0058,C00886,2026-05-08 09:24,0.497,low,78,scorer-v2,hired,2026-05-20 04:04
A001648,J0070,C00357,2026-04-17 10:47,0.656,medium,75,scorer-v2,interviewed,2026-04-25 05:49
A001649,J0020,C01391,2026-03-11 11:44,0.562,medium,69,scorer-v2,rejected,2026-03-22 13:25
A001650,J0045,C00413,2026-02-11 15:54,0.088,low,35,scorer-v1,rejected,2026-02-23 10:19
A001651,J0040,C01227,2026-06-01 19:09,0.462,low,50,scorer-v2,rejected,2026-06-28 08:00
A001652,J0063,C00319,2025-09-20 02:42,0.201,low,80,scorer-v1,interviewed,2025-10-02 06:29
A001653,J0057,C01093,2026-04-26 14:13,0.099,low,78,scorer-v2,hired,2026-05-11 01:26
A001654,J0034,C00199,2025-10-07 13:25,0.306,low,60,scorer-v1,rejected,2025-10-13 06:19
A001655,J0075,C00686,2025-11-03 23:39,0.185,low,67,scorer-v1,hired,2025-12-01 15:42
A001656,J0047,C00451,2026-05-22 23:59,0.062,low,67,scorer-v2,rejected,2026-06-14 20:08
A001657,J0067,C00995,2026-06-29 02:05,0.695,medium,75,scorer-v2,rejected,2026-07-07 12:27
A001658,J0050,C01093,2026-03-16 13:55,0.427,low,55,scorer-v2,hired,2026-04-01 08:15
A001659,J0053,C00633,2026-04-17 15:07,0.434,low,76,scorer-v2,interviewed,2026-04-25 07:00
A001660,J0017,C01492,2025-09-17 19:54,0.327,low,51,scorer-v1,hired,2025-09-21 17:31
A001661,J0055,C00870,2025-10-19 06:44,0.557,medium,59,scorer-v1,hired,2025-11-02 07:30
A001662,J0002,C00805,2026-07-18 00:28,0.506,medium,57,scorer-v2,,
A001663,J0066,C00355,2025-09-11 23:01,0.655,medium,68,scorer-v1,hired,2025-10-03 13:01
A001664,J0069,C01177,2026-04-15 10:30,0.796,medium,80,scorer-v2,interviewed,2026-05-02 09:33
A001665,J0067,C00918,2025-11-02 01:51,0.635,medium,60,scorer-v1,rejected,2025-11-12 10:30
A001666,J0008,C00550,2026-02-25 21:06,0.148,low,59,scorer-v1,rejected,2026-03-17 17:23
A001667,J0027,C01363,2026-06-29 05:56,0.486,low,62,scorer-v2,rejected,2026-07-22 01:15
A001668,J0053,C00769,2026-04-29 09:03,0.662,medium,74,scorer-v2,rejected,2026-05-06 11:17
A001669,J0008,C01004,2025-10-10 06:57,0.156,low,100,scorer-v1,hired,2025-10-25 05:15
A001670,J0010,C00362,2026-06-22 08:36,0.407,low,54,scorer-v2,interviewed,2026-06-30 06:31
A001671,J0060,C00169,2025-12-22 14:44,0.131,low,45,scorer-v1,rejected,2025-12-27 14:07
A001672,J0036,C00557,2025-10-29 08:23,0.109,low,69,scorer-v1,rejected,2025-11-21 05:51
A001673,J0018,C00572,2026-03-31 22:17,0.101,low,75,scorer-v2,hired,2026-04-30 13:50
A001674,J0069,C01083,2025-09-06 10:51,0.775,medium,68,scorer-v1,hired,2025-09-30 05:32
A001675,J0040,C00384,2025-11-30 11:25,0.367,low,42,scorer-v1,hired,2025-12-05 07:07
A001676,J0070,C00168,2026-05-14 22:55,0.952,good,100,scorer-v2,hired,2026-05-22 12:41
A001677,J0071,C01108,2026-03-02 14:20,0.742,medium,97,scorer-v2,hired,2026-03-12 23:13
A001678,J0006,C00822,2026-05-01 13:13,0.201,low,42,scorer-v2,rejected,2026-05-11 15:55
A001679,J0024,C00457,2026-05-28 21:13,0.312,low,51,scorer-v2,rejected,2026-06-09 13:02
A001680,J0046,C01409,2026-02-13 13:52,0.831,good,86,scorer-v1,hired,2026-02-17 20:07
A001681,J0062,C01016,2026-02-14 06:49,0.16,low,39,scorer-v1,rejected,2026-03-14 21:09
A001682,J0064,C00848,2026-02-06 14:25,0.682,medium,47,scorer-v1,interviewed,2026-02-19 12:41
A001683,J0056,C01334,2025-10-29 15:40,0.812,good,73,scorer-v1,,
A001684,J0031,C01359,2026-06-05 02:04,0.592,medium,61,scorer-v2,interviewed,2026-06-20 09:26
A001685,J0063,C01194,2026-04-27 01:55,0.17,low,60,scorer-v2,hired,2026-05-02 20:08
A001686,J0064,C00668,2026-01-23 18:20,0.226,low,34,scorer-v1,rejected,2026-02-20 13:45
A001687,J0020,C00573,2026-03-14 21:19,0.402,low,55,scorer-v2,hired,2026-04-07 15:37
A001688,J0066,C01066,2025-11-27 16:47,0.559,medium,62,scorer-v1,,
A001689,J0063,C00707,2026-05-31 13:30,0.201,low,79,scorer-v2,hired,2026-06-14 19:16
A001690,J0067,C00104,2026-05-27 06:21,0.39,low,72,scorer-v2,rejected,2026-06-23 01:45
A001691,J0026,C00679,2025-09-16 11:45,0.102,low,80,scorer-v1,interviewed,2025-10-10 03:25
A001692,J0038,C00542,2025-11-16 20:11,0.869,good,88,scorer-v1,,
A001693,J0041,C00528,2026-06-21 10:53,0.69,medium,78,scorer-v2,rejected,2026-07-09 23:48
A001694,J0038,C00255,2025-09-27 23:22,0.583,medium,55,scorer-v1,interviewed,2025-10-06 05:14
A001695,J0063,C00005,2026-07-01 17:39,0.209,low,89,scorer-v2,interviewed,2026-07-25 17:15
A001696,J0030,C01253,2026-05-16 11:17,0.106,low,62,scorer-v2,interviewed,2026-05-21 19:57
A001697,J0036,C01070,2026-03-16 03:18,0.133,low,74,scorer-v2,rejected,2026-03-31 21:24
A001698,J0048,C01148,2026-06-21 21:32,0.326,low,38,scorer-v2,rejected,2026-06-27 13:35
A001699,J0031,C00616,2025-10-25 14:13,0.938,good,100,scorer-v1,interviewed,2025-11-16 11:22
A001700,J0012,C01301,2026-03-09 09:00,0.15,low,67,scorer-v2,interviewed,2026-04-06 15:00
A001701,J0032,C01028,2026-02-03 15:11,0.19,low,19,scorer-v1,,
A001702,J0074,C00624,2025-10-03 17:30,0.758,medium,77,scorer-v1,hired,2025-10-21 14:53
A001703,J0077,C01288,2026-05-21 05:10,0.089,low,49,scorer-v2,rejected,2026-06-10 15:21
A001704,J0057,C00973,2026-04-21 18:36,0.035,low,57,scorer-v2,interviewed,2026-05-03 17:17
A001705,J0078,C00714,2026-02-07 04:10,0.496,low,58,scorer-v1,,
A001706,J0064,C01075,2026-07-07 00:58,0.602,medium,65,scorer-v2,rejected,2026-07-26 10:27
A001707,J0064,C00004,2026-07-19 04:01,0.415,low,43,scorer-v2,rejected,2026-07-24 14:37
A001708,J0054,C00301,2026-04-23 05:52,0.805,good,82,scorer-v2,interviewed,2026-05-07 18:54
A001709,J0080,C00061,2025-11-12 04:32,0.224,low,90,scorer-v1,hired,2025-11-23 16:48
A001710,J0004,C01154,2026-06-05 03:00,0.897,good,87,scorer-v2,hired,2026-06-13 01:15
A001711,J0048,C01004,2026-05-11 11:25,0.215,low,46,scorer-v2,rejected,2026-05-19 20:45
A001712,J0026,C00121,2026-02-21 09:13,0.201,low,66,scorer-v1,interviewed,2026-03-02 08:55
A001713,J0027,C01031,2026-02-26 06:02,0.554,medium,44,scorer-v1,rejected,2026-03-05 20:02
A001714,J0005,C01173,2025-10-07 17:01,0.722,medium,69,scorer-v1,rejected,2025-10-26 20:21
A001715,J0072,C00010,2025-09-02 10:10,0.749,medium,79,scorer-v1,hired,2025-09-21 11:33
A001716,J0077,C01412,2025-09-30 03:38,0.119,low,50,scorer-v1,rejected,2025-10-20 04:37
A001717,J0038,C00648,2026-01-23 03:16,0.506,medium,68,scorer-v1,,
A001718,J0069,C00221,2026-06-01 22:27,0.649,medium,73,scorer-v2,interviewed,2026-06-25 07:17
A001719,J0028,C01075,2026-03-04 06:02,0.331,low,43,scorer-v2,,
A001720,J0043,C00739,2026-05-08 00:11,0.639,medium,78,scorer-v2,interviewed,2026-05-13 17:46
A001721,J0024,C00271,2026-02-03 08:16,0.405,low,63,scorer-v1,rejected,2026-02-19 06:18
A001722,J0038,C00632,2025-11-21 05:01,0.652,medium,53,scorer-v1,interviewed,2025-12-21 01:32
A001723,J0070,C01106,2026-05-19 03:20,0.643,medium,69,scorer-v2,rejected,2026-06-17 22:01
A001724,J0049,C00271,2026-03-01 13:50,0.478,low,70,scorer-v2,,
A001725,J0045,C01271,2026-05-19 05:12,0.17,low,68,scorer-v2,interviewed,2026-05-22 14:44
A001726,J0037,C00297,2026-03-17 00:28,0.607,medium,71,scorer-v2,hired,2026-03-25 10:19
A001727,J0005,C00677,2026-03-15 10:25,0.863,good,91,scorer-v2,hired,2026-03-25 03:52
A001728,J0035,C00401,2025-11-06 03:24,0.484,low,25,scorer-v1,rejected,2025-11-18 07:15
A001729,J0043,C00961,2025-11-17 22:36,0.719,medium,72,scorer-v1,interviewed,2025-11-30 23:56
A001730,J0065,C00773,2025-09-15 06:29,0.463,low,43,scorer-v1,rejected,2025-10-10 23:37
A001731,J0010,C00522,2025-12-22 15:54,0.566,medium,54,scorer-v1,rejected,2026-01-05 02:57
A001732,J0031,C00301,2026-02-10 08:08,0.852,good,92,scorer-v1,hired,2026-02-27 12:12
A001733,J0077,C00065,2025-12-01 00:02,0.151,low,52,scorer-v1,rejected,2025-12-30 05:25
A001734,J0003,C00482,2025-12-30 13:32,0.069,low,50,scorer-v1,rejected,2026-01-26 22:02
A001735,J0068,C01237,2026-06-15 00:07,0.785,medium,73,scorer-v2,interviewed,2026-07-10 08:03
A001736,J0036,C01249,2026-04-12 07:40,0.182,low,93,scorer-v2,interviewed,2026-05-12 08:26
A001737,J0033,C00864,2025-09-17 18:50,0.563,medium,68,scorer-v1,interviewed,2025-09-27 01:14
A001738,J0001,C00183,2025-11-06 18:00,0.755,medium,69,scorer-v1,hired,2025-11-15 01:45
A001739,J0056,C00336,2026-06-03 09:32,0.601,medium,78,scorer-v2,interviewed,2026-06-08 08:50
A001740,J0025,C00193,2026-05-05 06:30,1.0,good,100,scorer-v2,hired,2026-05-16 03:19
A001741,J0003,C00324,2026-06-16 20:39,0.106,low,82,scorer-v2,interviewed,2026-06-27 22:02
A001742,J0052,C01030,2025-10-26 03:02,0.278,low,49,scorer-v1,rejected,2025-11-22 03:11
A001743,J0004,C00867,2026-07-12 12:44,0.539,medium,100,scorer-v2,interviewed,2026-08-09 03:30
A001744,J0067,C00419,2026-06-02 08:44,0.534,medium,57,scorer-v2,hired,2026-07-02 23:21
A001745,J0017,C00933,2025-09-11 11:49,0.295,low,24,scorer-v1,rejected,2025-10-06 13:42
A001746,J0055,C00914,2026-06-24 02:27,0.544,medium,68,scorer-v2,interviewed,2026-07-10 17:31
A001747,J0015,C00495,2026-04-26 09:30,0.506,medium,22,scorer-v2,rejected,2026-05-19 00:17
A001748,J0073,C00314,2026-02-02 12:08,0.508,medium,67,scorer-v1,rejected,2026-02-20 03:07
A001749,J0058,C01268,2026-05-11 12:34,0.442,low,42,scorer-v2,rejected,2026-05-31 06:58
A001750,J0054,C01047,2026-01-21 19:33,0.895,good,76,scorer-v1,interviewed,2026-01-27 10:31
A001751,J0029,C01041,2026-07-07 17:20,0.342,low,53,scorer-v2,hired,2026-07-19 00:31
A001752,J0056,C01499,2025-09-14 18:54,0.455,low,57,scorer-v1,,
A001753,J0022,C00211,2026-05-24 20:34,0.482,low,73,scorer-v2,interviewed,2026-06-10 07:23
A001754,J0055,C00616,2026-04-03 02:00,0.523,medium,60,scorer-v2,rejected,2026-04-26 07:54
A001755,J0029,C01366,2025-11-23 20:25,0.504,medium,63,scorer-v1,hired,2025-12-05 02:51
A001756,J0046,C00690,2026-04-30 02:10,0.97,good,100,scorer-v2,interviewed,2026-05-12 07:35
A001757,J0018,C01196,2025-10-13 12:48,0.091,low,70,scorer-v1,interviewed,2025-10-25 22:09
A001758,J0004,C01164,2025-11-01 08:41,0.602,medium,62,scorer-v1,rejected,2025-11-09 17:39
A001759,J0071,C00647,2026-03-07 16:10,0.333,low,68,scorer-v2,rejected,2026-04-03 07:33
A001760,J0021,C00901,2026-06-05 10:21,0.535,medium,36,scorer-v2,rejected,2026-06-16 22:09
A001761,J0069,C00435,2025-10-27 13:59,0.498,low,70,scorer-v1,hired,2025-11-23 01:34
A001762,J0057,C01435,2025-11-16 15:24,0.151,low,68,scorer-v1,,
A001763,J0058,C01499,2025-11-21 03:33,0.577,medium,54,scorer-v1,interviewed,2025-11-26 11:37
A001764,J0010,C00028,2026-01-06 01:38,0.437,low,25,scorer-v1,hired,2026-01-25 08:19
A001765,J0074,C00791,2026-03-19 06:52,0.74,medium,71,scorer-v2,hired,2026-03-30 04:58
A001766,J0080,C01317,2025-12-21 14:18,0.029,low,35,scorer-v1,rejected,2026-01-20 09:27
A001767,J0061,C00818,2026-06-23 03:17,0.836,good,76,scorer-v2,interviewed,2026-06-28 10:34
A001768,J0014,C00676,2026-01-19 10:16,0.4,low,52,scorer-v1,interviewed,2026-02-15 19:13
A001769,J0037,C00953,2026-07-10 11:15,0.552,medium,64,scorer-v2,,
A001770,J0068,C00266,2026-05-27 11:20,0.695,medium,84,scorer-v2,hired,2026-06-06 14:58
A001771,J0058,C00380,2026-07-20 20:50,0.46,low,61,scorer-v2,rejected,2026-08-14 03:08
A001772,J0042,C00886,2025-11-09 18:31,0.519,medium,71,scorer-v1,hired,2025-11-14 02:45
A001773,J0004,C00149,2026-02-03 22:40,0.284,low,50,scorer-v1,rejected,2026-02-07 14:12
A001774,J0047,C00493,2026-06-18 02:12,0.253,low,93,scorer-v2,hired,2026-06-30 19:43
A001775,J0012,C00391,2025-10-02 11:28,0.202,low,78,scorer-v1,hired,2025-10-25 13:43
A001776,J0053,C00866,2026-06-29 19:11,0.882,good,87,scorer-v2,hired,2026-07-03 11:23
A001777,J0071,C00005,2026-05-22 07:44,0.253,low,48,scorer-v2,rejected,2026-06-01 05:54
A001778,J0065,C01403,2026-07-16 18:32,0.594,medium,66,scorer-v2,hired,2026-07-27 00:44
A001779,J0007,C00561,2026-01-09 07:40,0.676,medium,75,scorer-v1,rejected,2026-01-16 02:27
A001780,J0004,C00683,2025-12-04 12:36,0.666,medium,63,scorer-v1,rejected,2025-12-15 07:12
A001781,J0019,C00241,2026-05-25 00:00,0.807,good,73,scorer-v2,hired,2026-05-29 13:20
A001782,J0013,C01247,2025-11-29 18:07,0.299,low,81,scorer-v1,interviewed,2025-12-05 22:56
A001783,J0025,C01499,2025-10-25 02:05,0.536,medium,66,scorer-v1,interviewed,2025-11-14 00:58
A001784,J0050,C00301,2026-06-19 00:13,0.357,low,35,scorer-v2,rejected,2026-07-15 09:34
A001785,J0041,C00971,2026-04-19 04:27,0.745,medium,88,scorer-v2,hired,2026-05-10 00:51
A001786,J0021,C01320,2026-05-11 19:28,0.737,medium,100,scorer-v2,hired,2026-05-21 07:28
A001787,J0033,C01340,2026-04-19 09:37,0.524,medium,72,scorer-v2,interviewed,2026-05-04 05:16
A001788,J0047,C00251,2025-09-21 16:32,0.032,low,43,scorer-v1,rejected,2025-10-20 09:05
A001789,J0061,C00748,2025-09-28 16:56,0.655,medium,47,scorer-v1,rejected,2025-10-07 10:29
A001790,J0052,C00564,2025-11-30 05:08,0.542,medium,70,scorer-v1,interviewed,2025-12-06 08:24
A001791,J0011,C00155,2026-02-02 05:55,0.891,good,80,scorer-v1,interviewed,2026-02-13 15:44
A001792,J0077,C00655,2026-05-12 12:09,0.098,low,26,scorer-v2,rejected,2026-06-03 23:39
A001793,J0011,C00301,2026-06-25 08:04,0.757,medium,61,scorer-v2,hired,2026-07-19 05:23
A001794,J0056,C01338,2026-05-01 12:33,0.353,low,37,scorer-v2,rejected,2026-05-29 02:36
A001795,J0048,C00721,2025-09-09 17:31,0.595,medium,58,scorer-v1,,
A001796,J0059,C00137,2026-01-11 21:31,0.432,low,74,scorer-v1,rejected,2026-01-19 21:13
A001797,J0049,C01327,2025-12-20 08:32,0.439,low,55,scorer-v1,interviewed,2026-01-08 11:22
A001798,J0028,C01180,2025-10-09 17:32,0.662,medium,79,scorer-v1,interviewed,2025-10-26 19:11
A001799,J0041,C00870,2026-06-06 05:17,0.944,good,90,scorer-v2,rejected,2026-06-17 20:17
A001800,J0030,C01006,2026-05-21 08:59,0.172,low,45,scorer-v2,rejected,2026-06-09 17:34
A001801,J0038,C01390,2026-07-19 04:10,0.581,medium,54,scorer-v2,hired,2026-07-27 19:46
A001802,J0007,C00980,2026-04-24 03:16,0.56,medium,57,scorer-v2,hired,2026-05-10 16:25
A001803,J0048,C00612,2025-12-25 20:31,0.564,medium,64,scorer-v1,rejected,2026-01-24 01:48
A001804,J0072,C01497,2025-12-08 05:16,0.62,medium,63,scorer-v1,hired,2025-12-29 16:01
A001805,J0010,C01227,2026-02-06 06:07,0.477,low,59,scorer-v1,rejected,2026-03-05 10:01
A001806,J0064,C00497,2025-09-20 08:09,0.638,medium,46,scorer-v1,hired,2025-10-02 00:52
A001807,J0064,C00816,2026-06-13 00:00,0.646,medium,74,scorer-v2,rejected,2026-06-19 01:16
A001808,J0064,C00430,2025-12-11 19:59,0.717,medium,68,scorer-v1,interviewed,2025-12-19 02:50
A001809,J0030,C00164,2026-02-08 13:21,0.17,low,95,scorer-v1,interviewed,2026-03-03 23:24
A001810,J0058,C01114,2025-12-19 23:51,0.562,medium,64,scorer-v1,rejected,2025-12-26 14:53
A001811,J0039,C01180,2026-04-15 12:40,0.816,good,66,scorer-v2,hired,2026-04-25 01:56
A001812,J0038,C00669,2025-09-03 15:11,0.566,medium,72,scorer-v1,,
A001813,J0051,C00356,2026-06-15 10:25,0.065,low,45,scorer-v2,rejected,2026-07-10 05:50
A001814,J0012,C00138,2025-11-29 17:49,0.241,low,74,scorer-v1,hired,2025-12-16 14:28
A001815,J0078,C00686,2026-07-05 21:26,0.613,medium,75,scorer-v2,hired,2026-07-19 00:42
A001816,J0078,C01085,2025-11-03 15:03,0.325,low,55,scorer-v1,interviewed,2025-12-04 00:16
A001817,J0076,C01061,2025-09-13 12:53,0.505,medium,44,scorer-v1,hired,2025-10-01 22:58
A001818,J0063,C00866,2026-03-08 08:16,0.169,low,94,scorer-v2,interviewed,2026-03-23 04:06
A001819,J0062,C00876,2026-01-25 22:42,0.223,low,68,scorer-v1,rejected,2026-02-10 11:55
A001820,J0075,C00012,2026-03-20 18:04,0.104,low,61,scorer-v2,rejected,2026-04-03 15:58
A001821,J0051,C00358,2026-03-18 20:54,0.092,low,58,scorer-v2,rejected,2026-04-14 06:26
A001822,J0057,C00059,2025-10-20 14:42,0.134,low,69,scorer-v1,hired,2025-11-02 01:28
A001823,J0033,C00653,2025-12-13 23:42,0.485,low,42,scorer-v1,rejected,2026-01-05 21:24
A001824,J0059,C01001,2025-12-31 11:46,0.558,medium,73,scorer-v1,rejected,2026-01-30 07:43
A001825,J0030,C01204,2026-04-23 00:20,0.091,low,42,scorer-v2,rejected,2026-05-22 13:32
A001826,J0073,C00657,2026-07-10 17:52,0.698,medium,86,scorer-v2,rejected,2026-07-30 11:16
A001827,J0080,C00614,2026-05-18 20:53,0.108,low,90,scorer-v2,rejected,2026-06-08 19:00
A001828,J0035,C00856,2025-09-04 06:10,0.5,medium,47,scorer-v1,,
A001829,J0023,C00586,2026-06-01 21:01,0.541,medium,62,scorer-v2,,
A001830,J0001,C01362,2025-09-15 07:00,0.407,low,55,scorer-v1,interviewed,2025-09-29 04:01
A001831,J0012,C00370,2026-03-16 16:44,0.182,low,72,scorer-v2,hired,2026-04-01 04:29
A001832,J0051,C00334,2026-05-09 08:36,0.092,low,53,scorer-v2,interviewed,2026-06-08 17:33
A001833,J0058,C00372,2026-06-18 19:07,0.303,low,59,scorer-v2,rejected,2026-06-23 16:00
A001834,J0010,C00748,2026-01-10 20:05,0.538,medium,40,scorer-v1,rejected,2026-01-31 03:28
A001835,J0013,C00402,2025-10-19 00:29,0.053,low,42,scorer-v1,,
A001836,J0073,C00283,2025-09-09 13:29,0.979,good,80,scorer-v1,hired,2025-09-26 10:09
A001837,J0017,C00666,2026-01-27 08:32,0.756,medium,78,scorer-v1,interviewed,2026-02-17 01:56
A001838,J0050,C00195,2025-11-06 10:01,0.169,low,32,scorer-v1,rejected,2025-11-30 00:24
A001839,J0031,C00799,2025-10-10 21:46,0.685,medium,62,scorer-v1,hired,2025-10-14 04:34
A001840,J0001,C01438,2025-11-11 22:09,0.489,low,52,scorer-v1,rejected,2025-12-10 05:45
A001841,J0037,C00047,2026-05-25 14:19,0.551,medium,53,scorer-v2,hired,2026-06-23 12:43
A001842,J0020,C01463,2026-07-15 16:22,0.646,medium,54,scorer-v2,,
A001843,J0041,C01331,2026-03-20 16:44,0.457,low,62,scorer-v2,hired,2026-04-01 14:13
A001844,J0027,C00773,2026-01-08 03:39,0.423,low,40,scorer-v1,rejected,2026-01-23 16:41
A001845,J0078,C01212,2026-07-23 01:41,0.337,low,62,scorer-v2,rejected,2026-08-05 05:32
A001846,J0041,C01049,2026-05-05 14:00,0.707,medium,83,scorer-v2,hired,2026-05-20 21:59
A001847,J0003,C00081,2026-02-07 17:29,0.156,low,57,scorer-v1,hired,2026-03-09 00:42
A001848,J0016,C00533,2025-11-16 23:54,0.621,medium,66,scorer-v1,hired,2025-12-07 11:55
A001849,J0071,C00435,2025-12-10 20:06,0.173,low,10,scorer-v1,hired,2025-12-25 11:13
A001850,J0028,C00795,2026-05-15 03:04,0.638,medium,77,scorer-v2,interviewed,2026-06-02 04:32
A001851,J0065,C00838,2026-03-12 06:20,0.645,medium,83,scorer-v2,rejected,2026-03-30 10:08
A001852,J0025,C01430,2026-04-19 12:53,0.639,medium,74,scorer-v2,interviewed,2026-05-17 01:33
A001853,J0012,C00183,2026-04-22 02:01,0.109,low,65,scorer-v2,rejected,2026-05-09 15:37
A001854,J0076,C00886,2026-02-11 01:24,0.741,medium,100,scorer-v1,,
A001855,J0011,C01031,2026-01-04 13:44,0.791,medium,88,scorer-v1,hired,2026-01-10 16:44
A001856,J0029,C00399,2025-10-03 14:55,0.459,low,58,scorer-v1,rejected,2025-10-13 00:12
A001857,J0075,C00533,2026-06-01 23:35,0.074,low,66,scorer-v2,rejected,2026-06-14 19:36
A001858,J0053,C00746,2025-09-08 20:44,0.586,medium,62,scorer-v1,interviewed,2025-09-19 08:34
A001859,J0049,C00199,2026-04-24 04:52,0.347,low,48,scorer-v2,rejected,2026-05-08 21:06
A001860,J0064,C00400,2026-03-10 14:49,0.236,low,45,scorer-v2,rejected,2026-03-25 13:20
A001861,J0026,C00174,2026-07-27 09:14,0.074,low,50,scorer-v2,rejected,2026-07-30 13:08
A001862,J0068,C00414,2025-09-29 01:24,0.328,low,11,scorer-v1,rejected,2025-10-08 13:19
A001863,J0078,C01186,2026-05-23 05:04,0.297,low,56,scorer-v2,rejected,2026-06-17 18:12
A001864,J0027,C00953,2026-06-14 19:18,0.458,low,67,scorer-v2,interviewed,2026-06-28 12:42
A001865,J0003,C01420,2026-02-07 14:08,0.213,low,70,scorer-v1,hired,2026-02-25 23:32
A001866,J0013,C01441,2025-12-05 21:53,0.117,low,44,scorer-v1,,
A001867,J0035,C00320,2026-03-27 17:14,0.264,low,42,scorer-v2,rejected,2026-04-10 19:50
A001868,J0004,C01136,2026-05-29 05:12,0.817,good,80,scorer-v2,interviewed,2026-06-18 18:33
A001869,J0014,C00620,2026-06-22 17:12,0.663,medium,74,scorer-v2,,
A001870,J0031,C01359,2025-09-26 12:54,0.701,medium,72,scorer-v1,hired,2025-10-17 08:10
A001871,J0073,C00891,2025-10-20 01:30,0.485,low,51,scorer-v1,rejected,2025-11-11 17:42
A001872,J0018,C01279,2026-03-15 02:35,0.099,low,78,scorer-v2,rejected,2026-04-11 18:35
A001873,J0014,C01422,2025-11-04 08:22,0.31,low,46,scorer-v1,rejected,2025-11-18 19:23
A001874,J0078,C00796,2025-10-19 19:56,0.481,low,52,scorer-v1,rejected,2025-11-08 15:39
A001875,J0038,C00307,2026-07-12 09:08,0.534,medium,59,scorer-v2,hired,2026-08-06 01:18
A001876,J0041,C00815,2025-09-02 13:47,0.601,medium,62,scorer-v1,rejected,2025-09-09 22:50
A001877,J0022,C01056,2025-09-15 11:29,0.366,low,32,scorer-v1,,
A001878,J0003,C01472,2026-05-31 18:31,0.18,low,67,scorer-v2,interviewed,2026-06-18 23:07
A001879,J0027,C00465,2026-01-07 23:59,0.783,medium,78,scorer-v1,hired,2026-01-11 16:08
A001880,J0054,C00550,2026-07-05 20:29,0.665,medium,82,scorer-v2,interviewed,2026-07-10 11:27
A001881,J0060,C00634,2025-11-29 07:20,0.22,low,72,scorer-v1,hired,2025-12-25 01:37
A001882,J0068,C00539,2026-02-20 04:06,0.294,low,53,scorer-v1,rejected,2026-03-21 03:58
A001883,J0064,C00246,2026-07-13 10:31,0.518,medium,57,scorer-v2,,
A001884,J0033,C01180,2026-04-21 02:04,0.873,good,77,scorer-v2,hired,2026-04-27 13:31
A001885,J0065,C00826,2026-01-13 23:11,0.168,low,44,scorer-v1,rejected,2026-02-07 14:21
A001886,J0010,C00921,2026-06-23 16:59,0.329,low,45,scorer-v2,rejected,2026-06-27 06:15
A001887,J0052,C00622,2026-01-24 17:08,0.767,medium,61,scorer-v1,rejected,2026-02-16 23:13
A001888,J0036,C00686,2025-09-25 21:17,0.051,low,61,scorer-v1,hired,2025-10-20 19:29
A001889,J0068,C01397,2026-01-20 03:40,0.635,medium,93,scorer-v1,rejected,2026-01-30 20:35
A001890,J0040,C00193,2025-12-08 08:53,0.65,medium,100,scorer-v1,hired,2025-12-12 04:25
A001891,J0030,C00829,2025-10-12 21:36,0.112,low,58,scorer-v1,interviewed,2025-10-28 13:50
A001892,J0049,C01280,2026-02-22 16:39,0.283,low,52,scorer-v1,rejected,2026-03-08 20:01
A001893,J0072,C01087,2026-04-23 01:53,0.53,medium,84,scorer-v2,hired,2026-05-09 14:00
A001894,J0041,C00103,2026-07-08 12:00,0.353,low,72,scorer-v2,interviewed,2026-08-05 00:17
A001895,J0002,C00628,2026-03-30 08:32,0.458,low,43,scorer-v2,rejected,2026-04-03 13:01
A001896,J0069,C01114,2026-04-01 18:12,0.458,low,54,scorer-v2,,
A001897,J0030,C00791,2026-01-03 15:14,0.199,low,75,scorer-v1,hired,2026-01-07 02:49
A001898,J0026,C01453,2026-04-29 23:39,0.018,low,64,scorer-v2,,
A001899,J0024,C00859,2025-10-06 21:31,0.429,low,49,scorer-v1,rejected,2025-10-18 22:19
A001900,J0065,C01466,2026-01-07 00:24,0.564,medium,57,scorer-v1,rejected,2026-01-27 13:27
A001901,J0009,C01386,2026-05-07 10:47,0.589,medium,76,scorer-v2,hired,2026-06-02 17:23
A001902,J0022,C01158,2026-03-09 19:54,0.678,medium,68,scorer-v2,hired,2026-04-07 17:55
A001903,J0012,C00383,2026-03-17 17:54,0.126,low,72,scorer-v2,rejected,2026-03-27 17:42
A001904,J0076,C00669,2026-03-26 23:54,0.524,medium,55,scorer-v2,interviewed,2026-04-05 20:58
A001905,J0035,C00302,2026-05-19 03:32,0.684,medium,67,scorer-v2,rejected,2026-05-28 13:50
A001906,J0023,C00604,2026-04-30 04:23,0.583,medium,69,scorer-v2,rejected,2026-05-10 19:33
A001907,J0053,C01361,2026-02-08 00:06,0.377,low,55,scorer-v1,rejected,2026-03-01 07:36
A001908,J0066,C00578,2025-12-25 17:08,0.678,medium,95,scorer-v1,hired,2025-12-29 20:59
A001909,J0029,C01250,2026-01-18 03:50,0.608,medium,65,scorer-v1,rejected,2026-02-09 23:46
A001910,J0063,C00344,2026-03-05 01:54,0.176,low,78,scorer-v2,interviewed,2026-03-13 22:33
A001911,J0003,C01473,2026-02-10 11:25,0.163,low,55,scorer-v1,rejected,2026-02-23 07:32
A001912,J0056,C00140,2026-04-21 22:51,0.349,low,40,scorer-v2,rejected,2026-05-18 04:52
A001913,J0044,C00326,2026-05-01 01:03,0.434,low,43,scorer-v2,rejected,2026-05-12 20:04
A001914,J0028,C00145,2026-01-14 21:15,0.521,medium,75,scorer-v1,hired,2026-02-14 05:42
A001915,J0064,C00138,2026-02-03 01:52,0.458,low,63,scorer-v1,rejected,2026-02-19 21:27
A001916,J0008,C01486,2025-10-14 00:27,0.182,low,58,scorer-v1,hired,2025-11-01 22:50
A001917,J0040,C00269,2026-04-25 16:26,0.832,good,99,scorer-v2,interviewed,2026-05-22 20:15
A001918,J0069,C01187,2026-02-18 19:43,0.56,medium,70,scorer-v1,hired,2026-02-28 05:38
A001919,J0074,C00563,2026-06-16 18:00,0.779,medium,81,scorer-v2,rejected,2026-06-23 11:36
A001920,J0065,C01353,2026-02-27 00:05,0.759,medium,93,scorer-v1,rejected,2026-03-17 12:37
A001921,J0007,C00449,2026-03-06 23:29,0.706,medium,79,scorer-v2,rejected,2026-03-31 23:44
A001922,J0057,C00990,2026-04-15 23:36,0.288,low,99,scorer-v2,,
A001923,J0070,C00030,2025-10-01 06:58,0.635,medium,51,scorer-v1,,
A001924,J0029,C01105,2026-04-05 01:01,0.61,medium,68,scorer-v2,hired,2026-04-22 09:46
A001925,J0029,C00884,2025-12-20 23:42,0.642,medium,65,scorer-v1,hired,2025-12-26 09:39
A001926,J0075,C01212,2025-10-05 11:40,0.163,low,59,scorer-v1,rejected,2025-10-27 00:18
A001927,J0049,C00703,2026-03-11 15:06,0.719,medium,76,scorer-v2,rejected,2026-04-02 23:47
A001928,J0048,C00838,2026-03-02 20:42,0.392,low,39,scorer-v2,,
A001929,J0007,C00772,2026-06-01 12:18,0.657,medium,76,scorer-v2,hired,2026-06-23 08:28
A001930,J0058,C00801,2026-06-14 00:37,0.448,low,53,scorer-v2,hired,2026-06-23 04:19
A001931,J0005,C01128,2025-10-06 18:58,0.557,medium,77,scorer-v1,rejected,2025-10-28 06:36
A001932,J0036,C00657,2026-06-29 14:16,0.098,low,72,scorer-v2,rejected,2026-07-26 22:45
A001933,J0038,C00353,2026-04-18 18:33,0.521,medium,92,scorer-v2,rejected,2026-05-08 19:45
A001934,J0075,C00873,2025-12-05 00:29,0.131,low,67,scorer-v1,interviewed,2026-01-03 14:25
A001935,J0043,C00903,2026-07-23 20:43,0.255,low,55,scorer-v2,rejected,2026-08-11 08:17
A001936,J0011,C01187,2025-09-06 15:41,0.462,low,61,scorer-v1,rejected,2025-09-10 22:22
A001937,J0051,C00924,2025-09-05 21:32,0.217,low,77,scorer-v1,interviewed,2025-09-29 18:51
A001938,J0003,C01001,2026-03-31 17:04,0.097,low,78,scorer-v2,hired,2026-04-21 17:58
A001939,J0068,C00364,2026-03-24 05:09,0.754,medium,68,scorer-v2,rejected,2026-04-16 03:46
A001940,J0043,C00248,2026-03-15 11:28,0.716,medium,74,scorer-v2,rejected,2026-03-29 07:15
A001941,J0065,C00531,2026-01-11 04:04,0.537,medium,50,scorer-v1,rejected,2026-02-01 07:57
A001942,J0019,C00207,2026-05-14 08:58,1.0,good,87,scorer-v2,hired,2026-06-07 23:25
A001943,J0003,C01170,2026-04-19 00:00,0.143,low,85,scorer-v2,hired,2026-05-17 13:11
A001944,J0074,C00863,2025-12-25 11:12,0.427,low,39,scorer-v1,rejected,2026-01-14 10:11
A001945,J0071,C01213,2026-04-15 15:38,0.659,medium,71,scorer-v2,interviewed,2026-05-10 00:26
A001946,J0022,C00690,2026-05-25 23:08,0.636,medium,78,scorer-v2,hired,2026-06-13 08:18
A001947,J0074,C01359,2026-06-28 18:24,0.381,low,38,scorer-v2,rejected,2026-07-17 23:06
A001948,J0026,C00258,2025-12-18 08:43,0.134,low,55,scorer-v1,interviewed,2025-12-23 01:32
A001949,J0014,C00730,2026-04-22 23:45,0.733,medium,80,scorer-v2,rejected,2026-05-17 17:11
A001950,J0036,C00935,2025-09-29 13:01,0.113,low,42,scorer-v1,rejected,2025-10-28 02:31
A001951,J0022,C00363,2026-03-08 06:36,0.563,medium,63,scorer-v2,interviewed,2026-04-01 11:38
A001952,J0076,C00191,2025-09-26 09:54,0.199,low,41,scorer-v1,rejected,2025-10-25 17:08
A001953,J0057,C00206,2025-12-18 05:12,0.11,low,71,scorer-v1,,
A001954,J0034,C01465,2026-07-10 15:03,0.801,good,82,scorer-v2,interviewed,2026-08-04 21:14
A001955,J0056,C00679,2025-12-08 01:39,0.819,good,90,scorer-v1,interviewed,2025-12-16 12:11
A001956,J0008,C01473,2025-11-10 06:57,0.081,low,42,scorer-v1,rejected,2025-12-10 09:55
A001957,J0062,C00915,2026-06-14 11:18,0.167,low,100,scorer-v2,hired,2026-07-02 08:59
A001958,J0062,C00929,2026-06-30 02:01,0.096,low,51,scorer-v2,,
A001959,J0013,C00456,2026-03-07 20:13,0.184,low,75,scorer-v2,hired,2026-03-17 01:20
A001960,J0077,C00831,2026-05-31 02:15,0.168,low,100,scorer-v2,hired,2026-06-13 03:57
A001961,J0076,C00930,2025-12-26 20:34,0.613,medium,66,scorer-v1,rejected,2025-12-31 06:09
A001962,J0062,C00967,2026-07-16 19:43,0.164,low,61,scorer-v2,,
A001963,J0057,C01422,2025-12-05 10:12,0.139,low,61,scorer-v1,rejected,2025-12-16 07:33
A001964,J0080,C00236,2025-09-22 11:32,0.142,low,43,scorer-v1,rejected,2025-09-28 20:50
A001965,J0041,C01349,2026-04-28 04:10,0.474,low,71,scorer-v2,hired,2026-05-01 17:36
A001966,J0007,C01205,2026-01-29 07:48,0.828,good,76,scorer-v1,hired,2026-02-28 12:10
A001967,J0034,C00908,2025-11-22 18:30,0.461,low,28,scorer-v1,interviewed,2025-12-03 19:26
A001968,J0079,C00803,2025-11-28 01:26,0.41,low,58,scorer-v1,rejected,2025-12-18 06:49
A001969,J0033,C00605,2025-09-16 03:22,0.52,medium,57,scorer-v1,rejected,2025-10-08 19:33
A001970,J0064,C01277,2026-04-01 08:42,0.817,good,90,scorer-v2,interviewed,2026-04-30 20:07
A001971,J0029,C01177,2026-01-30 06:43,0.212,low,56,scorer-v1,rejected,2026-02-08 04:39
A001972,J0062,C00381,2025-12-23 13:30,0.16,low,65,scorer-v1,interviewed,2025-12-27 13:12
A001973,J0019,C01008,2025-09-23 17:42,0.792,medium,80,scorer-v1,interviewed,2025-10-05 12:12
A001974,J0035,C00922,2026-01-15 15:54,0.831,good,96,scorer-v1,interviewed,2026-02-11 07:30
A001975,J0024,C00332,2025-09-08 15:05,0.617,medium,49,scorer-v1,hired,2025-09-24 12:09
A001976,J0030,C01179,2026-02-27 12:27,0.103,low,33,scorer-v1,rejected,2026-03-07 17:03
A001977,J0067,C00210,2026-07-23 13:28,0.614,medium,61,scorer-v2,rejected,2026-07-28 18:08
A001978,J0029,C01236,2026-05-19 21:27,0.627,medium,74,scorer-v2,rejected,2026-06-09 03:52
A001979,J0044,C01268,2026-02-05 10:00,0.36,low,34,scorer-v1,hired,2026-02-27 22:31
A001980,J0041,C00534,2026-06-25 07:08,0.539,medium,89,scorer-v2,rejected,2026-07-08 11:16
A001981,J0016,C00086,2025-12-21 05:20,0.656,medium,75,scorer-v1,,
A001982,J0012,C01349,2026-05-08 13:43,0.181,low,73,scorer-v2,rejected,2026-06-08 06:07
A001983,J0067,C00840,2026-05-17 05:44,0.544,medium,89,scorer-v2,interviewed,2026-05-24 04:07
A001984,J0051,C00613,2025-11-27 08:52,0.09,low,39,scorer-v1,hired,2025-12-08 03:26
A001985,J0002,C01153,2026-05-21 14:50,0.643,medium,79,scorer-v2,interviewed,2026-06-10 14:49
A001986,J0029,C00060,2025-09-07 23:44,0.335,low,48,scorer-v1,rejected,2025-09-22 12:43
A001987,J0052,C00182,2026-06-06 20:58,0.905,good,92,scorer-v2,interviewed,2026-06-27 11:22
A001988,J0011,C00587,2026-03-25 17:11,0.648,medium,62,scorer-v2,rejected,2026-04-09 00:41
A001989,J0039,C01078,2026-01-16 21:27,0.561,medium,69,scorer-v1,hired,2026-02-15 08:12
A001990,J0047,C00227,2025-12-25 06:51,0.009,low,58,scorer-v1,rejected,2026-01-07 09:41
A001991,J0023,C00097,2025-10-16 08:50,0.535,medium,58,scorer-v1,rejected,2025-10-29 16:41
A001992,J0053,C00260,2025-09-13 14:12,0.597,medium,67,scorer-v1,interviewed,2025-10-09 21:39
A001993,J0069,C00278,2026-03-12 10:23,0.82,good,100,scorer-v2,hired,2026-03-21 01:56
A001994,J0052,C00483,2025-12-05 05:00,0.633,medium,69,scorer-v1,interviewed,2025-12-15 03:42
A001995,J0079,C00177,2026-06-29 17:37,0.833,good,96,scorer-v2,hired,2026-07-15 01:25
A001996,J0056,C00409,2026-06-27 04:31,0.698,medium,93,scorer-v2,hired,2026-07-15 21:24
A001997,J0072,C00778,2026-03-21 05:08,0.628,medium,68,scorer-v2,rejected,2026-04-20 10:04
A001998,J0059,C00778,2026-06-10 09:51,0.638,medium,73,scorer-v2,rejected,2026-07-09 18:32
A001999,J0080,C00601,2026-01-26 08:47,0.064,low,54,scorer-v1,,
A002000,J0005,C01411,2026-05-17 10:24,0.546,medium,81,scorer-v2,rejected,2026-06-13 17:52
A002001,J0023,C00795,2026-02-17 04:56,0.581,medium,75,scorer-v1,interviewed,2026-03-11 03:00
A002002,J0045,C01372,2025-09-20 04:57,0.042,low,49,scorer-v1,rejected,2025-10-08 16:29
A002003,J0005,C00445,2026-04-30 14:30,0.309,low,51,scorer-v2,,
A002004,J0023,C00065,2026-06-18 19:21,0.758,medium,79,scorer-v2,interviewed,2026-07-14 14:40
A002005,J0070,C01416,2026-03-13 23:36,0.702,medium,57,scorer-v2,hired,2026-04-09 14:42
A002006,J0056,C00781,2025-12-22 13:16,0.689,medium,57,scorer-v1,hired,2026-01-19 17:49
A002007,J0056,C01231,2026-04-22 21:06,0.823,good,100,scorer-v2,interviewed,2026-05-12 06:37
A002008,J0001,C00682,2025-12-06 10:58,0.383,low,69,scorer-v1,rejected,2026-01-05 03:28
A002009,J0023,C00578,2025-10-01 23:10,0.414,low,32,scorer-v1,,
A002010,J0064,C01045,2026-02-23 12:07,0.496,low,61,scorer-v1,rejected,2026-03-13 16:25
A002011,J0008,C00661,2025-10-24 20:07,0.117,low,56,scorer-v1,interviewed,2025-11-16 20:12
A002012,J0037,C00393,2026-02-15 19:54,0.507,medium,68,scorer-v1,,
A002013,J0017,C00683,2026-07-19 10:16,0.382,low,53,scorer-v2,hired,2026-08-06 11:07
A002014,J0041,C00502,2026-06-13 00:15,0.415,low,77,scorer-v2,hired,2026-07-09 00:36
A002015,J0018,C00958,2026-01-03 01:56,0.145,low,67,scorer-v1,interviewed,2026-01-26 11:52
A002016,J0057,C00293,2026-03-04 16:12,0.195,low,65,scorer-v2,interviewed,2026-03-18 21:50
A002017,J0010,C01306,2026-07-03 12:15,0.553,medium,80,scorer-v2,hired,2026-08-01 01:01
A002018,J0017,C00542,2025-11-03 08:46,0.466,low,40,scorer-v1,rejected,2025-11-29 03:26
A002019,J0058,C00996,2026-06-02 09:41,0.976,good,100,scorer-v2,interviewed,2026-06-19 18:09
A002020,J0015,C00300,2026-06-29 17:04,0.742,medium,73,scorer-v2,interviewed,2026-07-27 13:19
A002021,J0014,C01244,2026-01-07 05:59,0.17,low,0,scorer-v1,rejected,2026-01-27 18:47
A002022,J0028,C00648,2025-10-14 14:36,0.588,medium,93,scorer-v1,rejected,2025-10-26 17:12
A002023,J0007,C00497,2026-05-10 09:58,0.912,good,100,scorer-v2,interviewed,2026-05-19 17:15
A002024,J0027,C00936,2025-12-20 11:55,0.723,medium,74,scorer-v1,rejected,2026-01-13 09:50
A002025,J0019,C00707,2026-01-31 06:50,0.593,medium,58,scorer-v1,rejected,2026-02-20 23:49
A002026,J0045,C00716,2025-09-20 14:34,0.052,low,10,scorer-v1,interviewed,2025-10-13 05:50
A002027,J0073,C00788,2025-11-28 15:26,0.874,good,74,scorer-v1,interviewed,2025-12-24 13:06
A002028,J0026,C00635,2026-01-09 23:16,0.098,low,57,scorer-v1,rejected,2026-01-26 07:20
A002029,J0072,C00251,2026-05-07 11:14,0.802,good,87,scorer-v2,hired,2026-05-17 06:10
A002030,J0048,C00550,2026-03-28 03:01,0.456,low,44,scorer-v2,rejected,2026-04-20 18:44
A002031,J0061,C01015,2025-10-22 10:17,0.364,low,46,scorer-v1,,
A002032,J0047,C00610,2026-03-09 08:51,0.064,low,63,scorer-v2,,
A002033,J0038,C01329,2026-06-05 06:43,0.497,low,61,scorer-v2,interviewed,2026-06-16 13:32
A002034,J0064,C00475,2026-07-21 09:36,0.519,medium,57,scorer-v2,rejected,2026-08-05 14:34
A002035,J0055,C00360,2026-04-02 19:00,0.865,good,85,scorer-v2,hired,2026-04-21 05:40
A002036,J0054,C01295,2025-12-23 14:33,0.562,medium,83,scorer-v1,interviewed,2026-01-19 16:14
A002037,J0060,C00476,2026-03-22 10:17,0.175,low,80,scorer-v2,interviewed,2026-04-02 03:17
A002038,J0076,C00664,2026-04-17 07:19,0.645,medium,77,scorer-v2,rejected,2026-05-16 23:45
A002039,J0002,C00071,2025-11-02 21:29,0.59,medium,79,scorer-v1,hired,2025-11-27 16:36
A002040,J0080,C01478,2026-05-27 04:16,0.092,low,57,scorer-v2,rejected,2026-05-30 17:40
A002041,J0050,C00006,2025-09-17 03:15,0.784,medium,52,scorer-v1,interviewed,2025-10-15 23:29
A002042,J0062,C00555,2026-01-13 18:30,0.109,low,66,scorer-v1,hired,2026-01-31 00:44
A002043,J0015,C01167,2026-04-19 01:16,0.446,low,55,scorer-v2,rejected,2026-05-02 23:24
A002044,J0076,C00274,2026-06-06 19:33,0.6,medium,53,scorer-v2,hired,2026-06-17 11:38
A002045,J0057,C01032,2026-02-23 18:41,0.182,low,100,scorer-v1,hired,2026-03-13 18:02
A002046,J0042,C00743,2025-09-04 11:35,0.519,medium,48,scorer-v1,rejected,2025-09-12 08:59
A002047,J0011,C00882,2025-09-11 13:50,0.509,medium,48,scorer-v1,rejected,2025-09-29 12:59
A002048,J0048,C00732,2026-03-24 04:12,1.0,good,100,scorer-v2,hired,2026-04-05 10:09
A002049,J0049,C00461,2026-01-02 06:40,0.276,low,33,scorer-v1,hired,2026-01-08 02:14
A002050,J0062,C00278,2026-03-15 12:52,0.219,low,83,scorer-v2,rejected,2026-04-12 19:06
A002051,J0012,C01001,2025-11-03 12:33,0.221,low,71,scorer-v1,hired,2025-11-16 05:49
A002052,J0044,C00882,2025-09-27 05:01,0.453,low,38,scorer-v1,rejected,2025-10-22 19:50
A002053,J0003,C00533,2025-09-07 20:21,0.214,low,65,scorer-v1,interviewed,2025-10-07 22:00
A002054,J0044,C00966,2026-05-30 09:57,0.313,low,42,scorer-v2,rejected,2026-06-26 00:02
A002055,J0055,C01423,2025-12-19 09:35,0.49,low,78,scorer-v1,interviewed,2026-01-12 10:25
A002056,J0012,C00760,2026-06-14 23:45,0.095,low,63,scorer-v2,interviewed,2026-07-11 05:01
A002057,J0012,C01053,2026-01-30 19:52,0.145,low,66,scorer-v1,interviewed,2026-02-15 07:11
A002058,J0071,C00937,2025-09-28 02:34,0.489,low,72,scorer-v1,rejected,2025-10-26 20:23
A002059,J0065,C00530,2025-10-08 05:07,0.926,good,84,scorer-v1,rejected,2025-10-22 16:57
A002060,J0064,C00643,2025-11-30 08:35,0.777,medium,97,scorer-v1,,
A002061,J0017,C01059,2025-09-16 19:14,0.705,medium,58,scorer-v1,interviewed,2025-10-10 15:52
A002062,J0068,C00400,2026-04-20 21:29,0.55,medium,75,scorer-v2,rejected,2026-05-06 06:45
A002063,J0077,C00701,2026-03-05 13:23,0.154,low,80,scorer-v2,rejected,2026-03-29 03:39
A002064,J0018,C00667,2025-09-04 14:13,0.104,low,69,scorer-v1,interviewed,2025-09-21 20:30
A002065,J0035,C01455,2026-04-11 14:11,0.923,good,92,scorer-v2,hired,2026-04-25 13:24
A002066,J0055,C01482,2025-12-25 02:31,0.597,medium,71,scorer-v1,rejected,2026-01-08 13:47
A002067,J0044,C01492,2026-05-31 16:25,0.588,medium,82,scorer-v2,rejected,2026-06-17 11:39
A002068,J0023,C00327,2025-09-13 16:08,0.359,low,41,scorer-v1,rejected,2025-09-26 10:49
A002069,J0070,C00202,2026-03-29 19:21,0.517,medium,38,scorer-v2,,
A002070,J0010,C00926,2026-02-23 11:35,0.603,medium,39,scorer-v1,rejected,2026-03-22 07:46
A002071,J0017,C01009,2026-03-07 02:51,0.549,medium,55,scorer-v2,rejected,2026-03-18 11:15
A002072,J0057,C00684,2026-07-23 01:59,0.14,low,55,scorer-v2,interviewed,2026-08-16 02:11
A002073,J0015,C00764,2026-05-31 15:57,0.587,medium,75,scorer-v2,hired,2026-06-14 14:01
A002074,J0059,C00109,2026-02-17 10:01,0.474,low,67,scorer-v1,rejected,2026-03-12 22:33
A002075,J0019,C00934,2026-04-05 20:13,0.858,good,86,scorer-v2,hired,2026-05-01 05:30
A002076,J0002,C00002,2026-05-13 09:08,0.577,medium,70,scorer-v2,rejected,2026-06-05 12:03
A002077,J0075,C01045,2026-02-26 19:50,0.134,low,51,scorer-v1,interviewed,2026-03-05 20:07
A002078,J0077,C00904,2025-10-12 15:09,0.194,low,32,scorer-v1,rejected,2025-11-11 06:17
A002079,J0023,C00189,2025-12-04 20:01,0.553,medium,49,scorer-v1,rejected,2025-12-22 19:01
A002080,J0044,C00447,2025-09-09 09:45,0.407,low,36,scorer-v1,rejected,2025-10-01 16:22
A002081,J0058,C00909,2026-03-13 01:04,0.405,low,71,scorer-v2,rejected,2026-03-28 23:52
A002082,J0052,C01146,2025-11-28 20:19,0.396,low,48,scorer-v1,interviewed,2025-12-18 03:43
A002083,J0075,C01045,2026-06-15 05:38,0.115,low,73,scorer-v2,interviewed,2026-06-19 06:26
A002084,J0017,C00393,2026-03-20 18:58,0.737,medium,55,scorer-v2,rejected,2026-04-14 11:38
A002085,J0047,C01170,2026-01-12 06:40,0.14,low,66,scorer-v1,rejected,2026-01-24 15:37
A002086,J0049,C00130,2026-05-05 05:25,0.656,medium,66,scorer-v2,rejected,2026-05-15 19:47
A002087,J0058,C00151,2025-09-01 16:22,0.651,medium,62,scorer-v1,interviewed,2025-09-26 18:59
A002088,J0006,C00369,2025-12-25 11:17,0.65,medium,60,scorer-v1,rejected,2026-01-21 14:47
A002089,J0001,C01254,2026-04-08 10:42,0.323,low,51,scorer-v2,rejected,2026-05-06 17:24
A002090,J0072,C00387,2026-03-25 17:24,0.535,medium,66,scorer-v2,rejected,2026-04-15 23:05
A002091,J0069,C01180,2026-04-09 19:25,0.493,low,56,scorer-v2,interviewed,2026-04-26 18:49
A002092,J0068,C00792,2026-02-28 22:05,0.595,medium,55,scorer-v1,rejected,2026-03-07 07:27
A002093,J0073,C01356,2025-11-06 14:14,0.749,medium,78,scorer-v1,interviewed,2025-11-14 07:51
A002094,J0042,C01336,2025-09-11 15:52,0.64,medium,57,scorer-v1,hired,2025-10-11 07:49
A002095,J0028,C00420,2026-05-29 20:43,0.247,low,24,scorer-v2,rejected,2026-06-26 17:25
A002096,J0077,C00872,2026-06-27 02:15,0.183,low,80,scorer-v2,interviewed,2026-07-08 07:03
A002097,J0067,C00187,2026-01-04 10:17,0.51,medium,50,scorer-v1,interviewed,2026-01-12 05:20
A002098,J0046,C00830,2025-12-31 15:04,0.569,medium,43,scorer-v1,rejected,2026-01-07 00:25
A002099,J0001,C00067,2025-12-01 02:58,0.127,low,57,scorer-v1,rejected,2025-12-27 22:53
A002100,J0010,C00700,2025-11-27 23:42,0.47,low,38,scorer-v1,rejected,2025-12-16 08:14
A002101,J0073,C00831,2026-03-16 14:39,0.582,medium,79,scorer-v2,hired,2026-03-28 12:38
A002102,J0079,C00733,2026-02-14 14:51,0.716,medium,69,scorer-v1,hired,2026-02-20 18:21
A002103,J0038,C00164,2026-02-10 00:45,0.374,low,47,scorer-v1,rejected,2026-02-15 20:10
A002104,J0024,C00882,2025-12-29 19:02,0.372,low,50,scorer-v1,,
A002105,J0015,C00395,2026-01-22 15:44,0.552,medium,63,scorer-v1,interviewed,2026-02-15 14:13
A002106,J0034,C00233,2026-04-08 23:06,0.67,medium,74,scorer-v2,interviewed,2026-04-29 08:03
A002107,J0067,C00792,2025-10-22 14:10,0.645,medium,79,scorer-v1,hired,2025-11-16 09:24
A002108,J0055,C00772,2026-05-28 22:02,0.536,medium,43,scorer-v2,rejected,2026-06-18 03:36
A002109,J0073,C01278,2025-12-28 15:46,0.801,good,74,scorer-v1,hired,2026-01-09 03:18
A002110,J0046,C01292,2026-06-17 16:00,0.714,medium,64,scorer-v2,interviewed,2026-06-30 16:08
A002111,J0004,C01090,2026-04-05 22:36,0.612,medium,72,scorer-v2,interviewed,2026-04-15 19:02
A002112,J0017,C00901,2026-03-20 11:54,0.652,medium,51,scorer-v2,hired,2026-04-07 17:42
A002113,J0059,C01324,2026-03-06 13:04,0.534,medium,86,scorer-v2,hired,2026-03-29 08:50
A002114,J0067,C00115,2026-01-24 12:37,0.669,medium,79,scorer-v1,interviewed,2026-02-13 05:22
A002115,J0053,C01030,2026-05-16 23:32,0.58,medium,65,scorer-v2,interviewed,2026-06-13 07:23
A002116,J0058,C01281,2026-04-03 15:46,0.919,good,100,scorer-v2,interviewed,2026-04-14 17:15
A002117,J0018,C00508,2025-11-19 08:28,0.104,low,69,scorer-v1,rejected,2025-11-25 06:05
A002118,J0073,C01276,2026-05-12 09:30,0.559,medium,78,scorer-v2,interviewed,2026-06-01 04:07
A002119,J0072,C00529,2026-07-02 11:40,0.619,medium,83,scorer-v2,interviewed,2026-07-29 07:29
A002120,J0005,C01142,2026-01-07 01:17,0.799,medium,70,scorer-v1,hired,2026-01-29 14:43
A002121,J0056,C00984,2025-11-21 04:10,0.676,medium,68,scorer-v1,hired,2025-12-15 13:54
A002122,J0055,C01273,2025-12-18 01:16,0.351,low,40,scorer-v1,rejected,2026-01-15 16:30
A002123,J0058,C00327,2026-04-02 13:03,0.83,good,100,scorer-v2,hired,2026-04-24 08:51
A002124,J0019,C00167,2026-01-27 03:12,0.822,good,66,scorer-v1,rejected,2026-02-16 20:39
A002125,J0005,C01264,2025-10-29 02:12,0.476,low,61,scorer-v1,hired,2025-11-02 02:29
A002126,J0069,C00732,2026-01-16 03:44,0.426,low,56,scorer-v1,rejected,2026-02-09 16:59
A002127,J0044,C00111,2025-09-28 19:40,0.884,good,82,scorer-v1,hired,2025-10-15 20:51
A002128,J0043,C00337,2026-02-24 11:57,0.777,medium,80,scorer-v1,hired,2026-03-27 11:55
A002129,J0042,C01150,2026-04-07 16:11,0.505,medium,69,scorer-v2,rejected,2026-04-24 00:34
A002130,J0013,C00561,2026-03-05 07:22,0.025,low,60,scorer-v2,rejected,2026-03-25 08:15
A002131,J0040,C01234,2026-03-15 11:30,0.281,low,22,scorer-v2,rejected,2026-04-14 11:19
A002132,J0072,C00391,2026-04-09 04:17,0.657,medium,77,scorer-v2,rejected,2026-04-12 05:40
A002133,J0064,C00093,2025-10-16 09:17,0.591,medium,65,scorer-v1,interviewed,2025-11-10 09:04
A002134,J0025,C00543,2026-07-16 19:37,0.762,medium,70,scorer-v2,rejected,2026-08-04 05:42
A002135,J0025,C00074,2025-10-31 09:45,0.562,medium,51,scorer-v1,interviewed,2025-11-07 20:16
A002136,J0022,C00881,2025-11-19 09:04,0.609,medium,53,scorer-v1,hired,2025-12-03 13:01
A002137,J0047,C00427,2025-11-16 19:39,0.157,low,80,scorer-v1,hired,2025-11-30 02:50
A002138,J0055,C00132,2026-05-13 05:10,0.874,good,100,scorer-v2,hired,2026-06-12 17:12
A002139,J0003,C01301,2026-03-26 01:02,0.127,low,76,scorer-v2,hired,2026-04-09 11:29
A002140,J0024,C00207,2026-06-29 16:41,0.669,medium,59,scorer-v2,,
A002141,J0052,C01334,2026-06-25 21:27,1.0,good,92,scorer-v2,interviewed,2026-07-07 04:36
A002142,J0017,C00005,2025-10-16 10:00,0.682,medium,78,scorer-v1,hired,2025-10-20 05:03
A002143,J0002,C00356,2026-01-28 06:03,0.627,medium,57,scorer-v1,interviewed,2026-02-04 13:02
A002144,J0080,C00291,2025-10-21 22:19,0.096,low,47,scorer-v1,rejected,2025-11-17 22:42
A002145,J0004,C00105,2025-10-26 16:24,0.534,medium,65,scorer-v1,rejected,2025-10-30 11:57
A002146,J0015,C01392,2025-11-20 14:03,0.426,low,35,scorer-v1,,
A002147,J0051,C00073,2025-10-23 20:00,0.169,low,42,scorer-v1,interviewed,2025-11-17 23:16
A002148,J0004,C00900,2025-09-01 14:20,0.943,good,100,scorer-v1,hired,2025-09-28 21:49
A002149,J0039,C01155,2026-04-22 15:39,0.545,medium,60,scorer-v2,rejected,2026-05-15 04:32
A002150,J0011,C00627,2026-02-21 19:00,0.561,medium,44,scorer-v1,rejected,2026-03-10 05:57
A002151,J0064,C00400,2025-10-13 13:48,0.391,low,32,scorer-v1,rejected,2025-10-27 08:51
A002152,J0052,C00146,2026-06-20 22:10,0.489,low,79,scorer-v2,rejected,2026-06-27 15:02
A002153,J0037,C00710,2026-03-15 04:38,0.499,low,32,scorer-v2,rejected,2026-04-03 19:08
A002154,J0043,C00185,2025-11-08 23:35,0.667,medium,74,scorer-v1,rejected,2025-11-23 21:07
A002155,J0045,C01384,2026-04-06 10:44,0.152,low,60,scorer-v2,interviewed,2026-04-29 21:38
A002156,J0039,C01084,2025-09-21 22:46,0.307,low,36,scorer-v1,rejected,2025-10-03 07:51
A002157,J0035,C01253,2026-02-16 15:02,0.648,medium,55,scorer-v1,rejected,2026-03-02 04:11
A002158,J0041,C00556,2026-05-18 12:11,1.0,good,92,scorer-v2,hired,2026-06-04 02:42
A002159,J0045,C00301,2026-04-11 21:37,0.129,low,54,scorer-v2,rejected,2026-05-08 14:24
A002160,J0042,C01290,2025-10-07 21:29,0.398,low,55,scorer-v1,rejected,2025-11-01 11:52
A002161,J0027,C00187,2026-05-18 11:50,0.948,good,80,scorer-v2,interviewed,2026-06-01 12:25
A002162,J0047,C01450,2025-11-28 14:15,0.095,low,61,scorer-v1,rejected,2025-12-21 10:54
A002163,J0017,C01229,2026-05-18 00:10,0.761,medium,75,scorer-v2,rejected,2026-06-14 09:37
A002164,J0072,C00375,2026-05-09 13:42,0.639,medium,71,scorer-v2,,
A002165,J0013,C00848,2026-02-11 14:02,0.101,low,82,scorer-v1,interviewed,2026-02-15 12:24
A002166,J0037,C00931,2025-10-07 14:57,0.677,medium,52,scorer-v1,interviewed,2025-10-17 20:22
A002167,J0047,C00622,2026-05-09 23:17,0.111,low,74,scorer-v2,,
A002168,J0029,C00820,2026-01-29 12:14,0.277,low,53,scorer-v1,rejected,2026-02-27 05:13
A002169,J0002,C00278,2025-11-25 16:14,0.729,medium,69,scorer-v1,rejected,2025-12-21 15:53
A002170,J0066,C00967,2026-03-30 20:58,0.689,medium,91,scorer-v2,hired,2026-04-29 18:04
A002171,J0013,C00625,2025-11-22 19:06,0.209,low,98,scorer-v1,interviewed,2025-12-20 16:40
A002172,J0026,C01460,2026-01-01 04:12,0.15,low,55,scorer-v1,,
A002173,J0024,C01185,2026-05-10 20:34,0.531,medium,76,scorer-v2,hired,2026-05-26 18:21
A002174,J0037,C00208,2025-09-04 10:23,0.584,medium,81,scorer-v1,rejected,2025-09-28 15:36
A002175,J0044,C01038,2026-06-17 02:22,0.47,low,59,scorer-v2,rejected,2026-07-06 12:57
A002176,J0040,C01434,2026-04-10 17:52,0.402,low,39,scorer-v2,rejected,2026-05-07 09:28
A002177,J0022,C01157,2025-12-14 02:11,0.753,medium,81,scorer-v1,rejected,2025-12-18 14:29
A002178,J0066,C01145,2026-07-27 15:14,0.42,low,64,scorer-v2,rejected,2026-08-04 08:10
A002179,J0031,C01266,2025-10-16 03:01,0.532,medium,51,scorer-v1,rejected,2025-10-29 14:20
A002180,J0019,C00336,2025-09-22 13:20,0.355,low,62,scorer-v1,rejected,2025-10-05 00:52
A002181,J0002,C01500,2026-06-07 16:32,0.401,low,49,scorer-v2,rejected,2026-06-26 06:39
A002182,J0014,C00839,2026-06-03 07:39,0.354,low,58,scorer-v2,,
A002183,J0018,C00528,2026-06-27 21:22,0.148,low,55,scorer-v2,rejected,2026-07-25 10:55
A002184,J0066,C00187,2026-03-12 07:31,0.853,good,68,scorer-v2,hired,2026-03-22 18:58
A002185,J0046,C00659,2025-12-09 16:08,0.672,medium,48,scorer-v1,rejected,2026-01-02 02:48
A002186,J0063,C00360,2025-10-26 09:27,0.17,low,62,scorer-v1,hired,2025-11-14 00:18
A002187,J0024,C01220,2026-01-13 08:15,0.379,low,44,scorer-v1,rejected,2026-01-22 02:05
A002188,J0001,C00443,2026-01-26 04:20,0.712,medium,68,scorer-v1,hired,2026-02-02 08:31
A002189,J0023,C00442,2026-05-13 01:04,0.591,medium,65,scorer-v2,hired,2026-05-16 22:21
A002190,J0021,C01210,2025-12-04 03:02,0.074,low,12,scorer-v1,rejected,2025-12-27 11:41
A002191,J0026,C00333,2025-10-30 13:11,0.253,low,68,scorer-v1,interviewed,2025-11-29 05:02
A002192,J0001,C00103,2026-05-02 13:04,0.647,medium,86,scorer-v2,interviewed,2026-05-24 10:09
A002193,J0036,C00870,2026-01-21 21:14,0.152,low,59,scorer-v1,hired,2026-02-10 15:59
A002194,J0048,C01464,2025-09-13 13:18,0.483,low,67,scorer-v1,rejected,2025-10-02 23:37
A002195,J0041,C01263,2025-10-19 19:57,0.605,medium,70,scorer-v1,hired,2025-11-01 00:14
A002196,J0055,C00420,2026-07-27 11:28,0.431,low,69,scorer-v2,rejected,2026-08-21 00:44
A002197,J0028,C00698,2026-02-10 08:17,0.486,low,64,scorer-v1,rejected,2026-02-20 02:26
A002198,J0031,C01450,2025-12-29 10:02,0.429,low,23,scorer-v1,rejected,2026-01-12 00:03
A002199,J0053,C00668,2026-05-08 18:00,0.324,low,67,scorer-v2,rejected,2026-05-27 11:05
A002200,J0077,C00496,2026-06-29 11:31,0.162,low,60,scorer-v2,interviewed,2026-07-23 19:10
A002201,J0024,C01119,2026-03-12 08:00,0.421,low,45,scorer-v2,rejected,2026-04-03 10:58
A002202,J0005,C00062,2026-02-10 20:12,0.661,medium,70,scorer-v1,interviewed,2026-03-01 01:54
A002203,J0059,C00558,2026-04-12 23:56,0.565,medium,80,scorer-v2,hired,2026-05-12 02:03
A002204,J0076,C00934,2026-05-17 17:41,0.883,good,58,scorer-v2,hired,2026-06-15 06:43
A002205,J0058,C00578,2025-11-20 17:43,0.523,medium,55,scorer-v1,hired,2025-12-06 15:28
A002206,J0031,C00050,2026-03-25 18:51,0.537,medium,78,scorer-v2,rejected,2026-04-21 15:43
A002207,J0018,C01420,2026-03-30 02:39,0.186,low,79,scorer-v2,hired,2026-04-23 13:33
A002208,J0007,C00104,2025-10-10 09:03,0.547,medium,69,scorer-v1,rejected,2025-11-08 20:18
A002209,J0047,C01411,2025-10-07 15:17,0.083,low,61,scorer-v1,rejected,2025-11-05 12:39
A002210,J0061,C00401,2025-12-15 10:02,0.595,medium,43,scorer-v1,hired,2026-01-11 00:25
A002211,J0010,C00017,2025-11-18 20:45,0.619,medium,52,scorer-v1,rejected,2025-11-24 21:14
A002212,J0018,C01192,2026-04-25 14:57,0.087,low,84,scorer-v2,interviewed,2026-05-17 08:12
A002213,J0066,C00432,2026-07-11 13:21,0.468,low,69,scorer-v2,interviewed,2026-08-07 06:17
A002214,J0029,C01235,2026-07-01 07:10,0.716,medium,85,scorer-v2,interviewed,2026-07-19 06:50
A002215,J0011,C00022,2025-11-22 17:27,0.486,low,55,scorer-v1,interviewed,2025-12-15 23:19
A002216,J0008,C00239,2026-04-18 05:06,0.139,low,91,scorer-v2,,
A002217,J0049,C01377,2026-07-22 04:32,0.456,low,36,scorer-v2,hired,2026-08-05 04:06
A002218,J0045,C00970,2026-04-04 20:14,0.116,low,27,scorer-v2,interviewed,2026-04-20 09:37
A002219,J0069,C01415,2026-02-28 05:01,1.0,good,100,scorer-v1,hired,2026-03-08 05:28
A002220,J0026,C00647,2026-05-10 04:06,0.143,low,76,scorer-v2,rejected,2026-05-15 11:45
A002221,J0062,C00450,2026-05-22 00:09,0.145,low,65,scorer-v2,rejected,2026-05-26 06:50
A002222,J0048,C00985,2026-01-10 13:31,0.33,low,45,scorer-v1,hired,2026-01-29 05:33
A002223,J0003,C00686,2026-01-06 09:16,0.192,low,86,scorer-v1,rejected,2026-01-27 04:21
A002224,J0011,C00566,2025-12-08 21:16,0.709,medium,68,scorer-v1,rejected,2026-01-05 19:24
A002225,J0061,C00479,2026-02-07 12:17,0.673,medium,54,scorer-v1,interviewed,2026-03-04 22:29
A002226,J0007,C00963,2025-11-07 08:29,0.464,low,44,scorer-v1,hired,2025-12-05 02:05
A002227,J0012,C00194,2025-10-06 05:14,0.205,low,78,scorer-v1,rejected,2025-10-13 03:32
A002228,J0074,C01126,2025-11-05 08:33,0.908,good,100,scorer-v1,hired,2025-11-23 10:19
A002229,J0028,C01245,2025-10-15 07:18,0.72,medium,83,scorer-v1,hired,2025-11-14 08:29
A002230,J0046,C00263,2025-10-04 23:07,0.824,good,82,scorer-v1,interviewed,2025-10-09 20:08
A002231,J0033,C00959,2026-03-20 06:40,0.484,low,85,scorer-v2,rejected,2026-04-03 20:12
A002232,J0030,C00469,2026-02-02 21:04,0.148,low,59,scorer-v1,rejected,2026-02-28 17:02
A002233,J0058,C01284,2026-07-07 02:32,0.427,low,62,scorer-v2,rejected,2026-07-18 19:14
A002234,J0061,C00983,2025-12-07 02:50,0.339,low,69,scorer-v1,,
A002235,J0064,C00211,2025-12-13 23:22,0.46,low,75,scorer-v1,rejected,2025-12-23 16:26
A002236,J0072,C00969,2026-02-16 07:49,0.694,medium,82,scorer-v1,,
A002237,J0067,C00916,2026-07-10 21:11,0.361,low,31,scorer-v2,hired,2026-07-27 14:15
A002238,J0026,C00789,2026-02-17 20:35,0.157,low,59,scorer-v1,rejected,2026-03-04 05:08
A002239,J0027,C00113,2025-09-20 16:34,0.928,good,89,scorer-v1,hired,2025-10-01 17:14
A002240,J0078,C00678,2026-04-13 19:18,0.774,medium,78,scorer-v2,hired,2026-04-18 21:05
A002241,J0008,C01306,2026-06-27 02:29,0.223,low,76,scorer-v2,,
A002242,J0016,C01407,2026-06-29 16:44,0.613,medium,90,scorer-v2,interviewed,2026-07-08 17:43
A002243,J0072,C00927,2026-07-04 23:30,0.916,good,80,scorer-v2,interviewed,2026-07-28 12:54
A002244,J0009,C00366,2025-09-25 06:43,0.755,medium,62,scorer-v1,rejected,2025-10-15 06:02
A002245,J0043,C00654,2026-01-13 16:01,0.822,good,72,scorer-v1,hired,2026-02-09 18:25
A002246,J0001,C01411,2026-07-16 01:13,0.228,low,62,scorer-v2,rejected,2026-08-09 17:33
A002247,J0012,C00738,2026-03-18 02:52,0.183,low,86,scorer-v2,interviewed,2026-04-04 16:25
A002248,J0019,C00010,2026-07-06 05:42,0.549,medium,61,scorer-v2,interviewed,2026-07-17 00:20
A002249,J0040,C01337,2026-03-22 23:32,0.924,good,100,scorer-v2,hired,2026-04-04 00:25
A002250,J0076,C00520,2026-01-05 07:57,0.5,medium,77,scorer-v1,,
A002251,J0041,C00298,2026-02-06 16:07,0.596,medium,75,scorer-v1,interviewed,2026-03-03 04:10
A002252,J0043,C01408,2025-12-19 12:11,0.929,good,82,scorer-v1,interviewed,2026-01-10 04:30
A002253,J0057,C00132,2025-09-18 09:11,0.101,low,45,scorer-v1,hired,2025-10-03 09:18
A002254,J0044,C00859,2026-01-23 02:34,0.598,medium,45,scorer-v1,interviewed,2026-02-21 20:30
A002255,J0036,C00137,2025-10-27 01:43,0.109,low,71,scorer-v1,rejected,2025-11-17 22:12
A002256,J0058,C01442,2025-12-26 21:12,0.871,good,74,scorer-v1,hired,2026-01-23 00:33
A002257,J0064,C00133,2026-03-16 23:00,1.0,good,100,scorer-v2,interviewed,2026-04-02 04:20
A002258,J0004,C00048,2026-01-31 02:06,0.428,low,78,scorer-v1,hired,2026-03-01 04:39
A002259,J0068,C00663,2025-11-03 00:01,0.914,good,90,scorer-v1,hired,2025-11-25 20:25
A002260,J0068,C01452,2025-10-14 13:45,0.739,medium,52,scorer-v1,hired,2025-10-22 05:07
A002261,J0064,C00939,2026-03-26 18:33,0.616,medium,90,scorer-v2,rejected,2026-03-31 14:48
A002262,J0041,C00487,2026-04-21 02:09,0.665,medium,71,scorer-v2,hired,2026-05-03 15:52
A002263,J0024,C00282,2026-07-10 15:14,0.458,low,42,scorer-v2,rejected,2026-07-21 22:13
A002264,J0069,C00806,2026-03-29 07:11,0.342,low,46,scorer-v2,interviewed,2026-04-08 03:46
A002265,J0006,C00153,2026-01-01 00:23,0.415,low,45,scorer-v1,hired,2026-01-16 10:00
A002266,J0047,C01200,2026-03-27 09:01,0.067,low,57,scorer-v2,rejected,2026-04-17 00:15
A002267,J0039,C01308,2026-01-03 12:53,0.325,low,51,scorer-v1,interviewed,2026-01-12 12:48
A002268,J0019,C00769,2026-01-19 07:51,0.525,medium,50,scorer-v1,hired,2026-02-04 20:25
A002269,J0001,C01301,2026-04-04 06:18,0.501,medium,70,scorer-v2,rejected,2026-04-29 02:08
A002270,J0002,C00527,2025-11-28 05:04,0.604,medium,67,scorer-v1,,
A002271,J0004,C00584,2025-10-13 13:58,0.48,low,54,scorer-v1,rejected,2025-10-28 02:08
A002272,J0067,C01047,2026-05-31 19:28,0.949,good,100,scorer-v2,hired,2026-06-07 12:27
A002273,J0039,C00288,2025-12-08 00:42,0.554,medium,53,scorer-v1,rejected,2025-12-25 19:40
A002274,J0071,C00016,2026-05-04 01:21,0.566,medium,62,scorer-v2,interviewed,2026-05-27 03:29
A002275,J0052,C00831,2026-04-29 19:02,0.71,medium,71,scorer-v2,hired,2026-05-07 18:28
A002276,J0064,C00374,2025-10-25 08:11,0.89,good,73,scorer-v1,hired,2025-11-10 18:22
A002277,J0078,C00322,2026-01-10 09:08,0.897,good,73,scorer-v1,hired,2026-02-09 16:28
A002278,J0067,C00158,2026-02-17 03:26,0.895,good,91,scorer-v1,interviewed,2026-03-12 15:44
A002279,J0066,C00853,2025-09-13 16:25,0.827,good,81,scorer-v1,hired,2025-09-28 17:32
A002280,J0073,C00868,2026-02-20 02:06,0.595,medium,55,scorer-v1,rejected,2026-03-18 20:39
A002281,J0054,C00670,2025-09-18 07:55,0.609,medium,37,scorer-v1,hired,2025-09-24 11:56
A002282,J0056,C00754,2026-01-14 18:12,0.36,low,31,scorer-v1,rejected,2026-02-08 03:15
A002283,J0032,C01336,2026-06-09 11:14,0.882,good,85,scorer-v2,hired,2026-07-02 22:50
A002284,J0012,C01404,2026-01-04 13:23,0.115,low,80,scorer-v1,hired,2026-01-13 14:46
A002285,J0027,C00999,2026-01-30 14:34,0.368,low,58,scorer-v1,rejected,2026-03-02 05:24
A002286,J0078,C00261,2026-04-03 16:26,0.487,low,72,scorer-v2,rejected,2026-04-18 04:34
A002287,J0055,C00202,2025-10-12 23:04,0.267,low,35,scorer-v1,rejected,2025-11-12 11:03
A002288,J0053,C00338,2025-09-30 20:54,0.591,medium,60,scorer-v1,rejected,2025-10-04 10:52
A002289,J0073,C00068,2026-03-26 23:00,0.656,medium,70,scorer-v2,rejected,2026-04-26 06:10
A002290,J0013,C00389,2025-10-28 22:02,0.029,low,26,scorer-v1,rejected,2025-11-04 18:17
A002291,J0045,C00733,2026-07-16 23:59,0.256,low,98,scorer-v2,hired,2026-08-14 16:54
A002292,J0052,C00230,2025-11-07 05:37,0.671,medium,65,scorer-v1,hired,2025-11-22 16:52
A002293,J0047,C01386,2026-06-08 01:40,0.122,low,59,scorer-v2,rejected,2026-06-27 15:36
A002294,J0027,C00297,2026-04-18 11:49,0.544,medium,57,scorer-v2,rejected,2026-05-07 12:19
A002295,J0053,C01411,2025-12-09 23:27,0.364,low,63,scorer-v1,rejected,2026-01-07 11:28
A002296,J0029,C01276,2026-06-19 06:29,0.542,medium,78,scorer-v2,rejected,2026-06-22 12:36
A002297,J0069,C00700,2025-10-09 03:28,0.443,low,47,scorer-v1,rejected,2025-10-23 18:04
A002298,J0015,C01052,2026-05-01 22:12,0.936,good,97,scorer-v2,hired,2026-05-08 16:46
A002299,J0078,C00977,2026-03-25 23:48,0.338,low,67,scorer-v2,rejected,2026-04-17 06:55
A002300,J0046,C00583,2026-01-11 04:05,0.643,medium,50,scorer-v1,interviewed,2026-01-20 16:23
A002301,J0061,C00371,2025-09-06 03:43,0.589,medium,94,scorer-v1,rejected,2025-10-02 07:00
A002302,J0028,C01409,2026-02-18 21:14,0.755,medium,98,scorer-v1,,
A002303,J0008,C01373,2026-06-03 13:34,0.213,low,100,scorer-v2,hired,2026-06-08 04:31
A002304,J0017,C00601,2025-09-04 17:18,0.621,medium,59,scorer-v1,interviewed,2025-09-08 10:18
A002305,J0042,C00601,2025-11-17 10:29,0.603,medium,60,scorer-v1,,
A002306,J0009,C01091,2026-07-02 13:02,0.283,low,59,scorer-v2,rejected,2026-07-10 12:06
A002307,J0008,C01123,2026-04-12 07:11,0.191,low,79,scorer-v2,hired,2026-05-01 03:53
A002308,J0041,C00063,2026-05-04 18:22,0.713,medium,73,scorer-v2,,
A002309,J0061,C00507,2025-11-06 06:24,0.637,medium,62,scorer-v1,hired,2025-11-27 10:14
A002310,J0003,C00620,2025-09-28 20:44,0.164,low,68,scorer-v1,rejected,2025-10-08 02:59
A002311,J0061,C00649,2025-09-03 22:54,0.662,medium,60,scorer-v1,interviewed,2025-10-03 10:53
A002312,J0059,C01276,2026-02-13 16:46,0.581,medium,78,scorer-v1,interviewed,2026-03-14 14:06
A002313,J0042,C00939,2025-10-21 22:21,0.647,medium,63,scorer-v1,hired,2025-11-09 19:45
A002314,J0073,C00473,2026-04-04 16:10,0.424,low,63,scorer-v2,rejected,2026-04-25 08:14
A002315,J0077,C00966,2026-01-08 11:55,0.057,low,14,scorer-v1,rejected,2026-01-28 11:16
A002316,J0031,C00926,2025-12-29 17:13,0.518,medium,42,scorer-v1,hired,2026-01-05 11:04
A002317,J0043,C00108,2026-01-14 19:12,0.598,medium,63,scorer-v1,interviewed,2026-01-22 12:54
A002318,J0077,C00940,2026-01-13 21:02,0.094,low,40,scorer-v1,rejected,2026-01-21 20:33
A002319,J0007,C00460,2026-07-18 03:01,0.561,medium,66,scorer-v2,interviewed,2026-08-11 10:19
A002320,J0030,C00568,2025-09-17 14:50,0.055,low,65,scorer-v1,rejected,2025-10-11 20:44
A002321,J0049,C00987,2026-04-04 16:28,0.258,low,54,scorer-v2,rejected,2026-04-20 01:19
A002322,J0022,C00149,2026-01-28 07:54,0.567,medium,71,scorer-v1,rejected,2026-02-18 04:15
A002323,J0016,C00935,2026-04-27 06:51,1.0,good,84,scorer-v2,hired,2026-05-10 23:52
A002324,J0013,C00649,2025-11-07 17:17,0.064,low,39,scorer-v1,rejected,2025-11-23 21:25
A002325,J0023,C01008,2026-07-15 17:39,0.571,medium,89,scorer-v2,rejected,2026-08-12 19:59
A002326,J0038,C00132,2026-06-10 22:03,0.655,medium,82,scorer-v2,,
A002327,J0074,C01377,2025-10-15 07:05,0.769,medium,91,scorer-v1,,
A002328,J0028,C00780,2026-06-29 12:54,0.537,medium,58,scorer-v2,rejected,2026-07-29 01:59
A002329,J0027,C00599,2025-10-20 16:26,0.232,low,22,scorer-v1,rejected,2025-11-14 19:17
A002330,J0063,C00222,2025-12-23 23:02,0.074,low,57,scorer-v1,rejected,2026-01-17 21:44
A002331,J0045,C00704,2026-03-24 00:24,0.145,low,73,scorer-v2,interviewed,2026-04-12 01:17
A002332,J0064,C01002,2026-07-06 00:42,0.293,low,66,scorer-v2,rejected,2026-07-18 22:06
A002333,J0078,C00478,2026-07-12 07:27,0.52,medium,64,scorer-v2,hired,2026-08-04 08:46
A002334,J0022,C00128,2026-04-20 12:53,0.737,medium,91,scorer-v2,rejected,2026-05-02 23:50
A002335,J0067,C01207,2026-04-14 05:52,0.732,medium,74,scorer-v2,interviewed,2026-04-20 02:40
A002336,J0031,C00585,2025-11-03 11:12,0.69,medium,77,scorer-v1,rejected,2025-11-25 18:36
A002337,J0022,C01308,2025-10-31 22:24,0.587,medium,44,scorer-v1,hired,2025-11-27 16:50
A002338,J0009,C00313,2026-03-01 09:16,0.489,low,67,scorer-v2,rejected,2026-03-21 16:56
A002339,J0014,C01427,2026-04-02 13:07,0.522,medium,67,scorer-v2,interviewed,2026-04-05 13:18
A002340,J0020,C00142,2025-10-06 22:49,0.724,medium,76,scorer-v1,,
A002341,J0016,C00445,2026-01-09 22:07,0.401,low,52,scorer-v1,rejected,2026-01-16 16:54
A002342,J0056,C00390,2025-12-27 17:39,0.45,low,39,scorer-v1,rejected,2026-01-08 00:36
A002343,J0029,C00910,2026-03-14 18:48,0.446,low,66,scorer-v2,rejected,2026-04-03 09:02
A002344,J0060,C01256,2025-10-12 12:39,0.19,low,79,scorer-v1,interviewed,2025-10-31 12:55
A002345,J0025,C01161,2026-05-27 16:46,0.849,good,84,scorer-v2,interviewed,2026-06-26 19:10
A002346,J0030,C01247,2026-02-05 21:42,0.122,low,64,scorer-v1,hired,2026-02-17 04:59
A002347,J0009,C00510,2026-06-05 19:40,0.532,medium,70,scorer-v2,interviewed,2026-06-20 03:17
A002348,J0044,C00737,2026-03-04 01:57,0.385,low,36,scorer-v2,interviewed,2026-03-15 04:28
A002349,J0030,C00802,2025-10-12 19:31,0.104,low,45,scorer-v1,interviewed,2025-11-12 00:36
A002350,J0041,C01169,2026-06-02 12:30,0.623,medium,77,scorer-v2,interviewed,2026-06-10 19:25
A002351,J0032,C00090,2026-04-11 12:07,0.44,low,56,scorer-v2,rejected,2026-04-29 04:50
A002352,J0063,C00545,2025-12-30 05:12,0.127,low,37,scorer-v1,rejected,2026-01-12 10:09
A002353,J0061,C01296,2026-05-03 15:08,0.48,low,79,scorer-v2,interviewed,2026-05-20 06:12
A002354,J0057,C00256,2025-11-25 00:05,0.166,low,85,scorer-v1,interviewed,2025-12-19 10:37
A002355,J0024,C00049,2026-07-04 01:24,0.479,low,60,scorer-v2,hired,2026-08-03 09:03
A002356,J0052,C00824,2026-06-23 13:35,0.503,medium,65,scorer-v2,rejected,2026-07-01 10:50
A002357,J0068,C01288,2026-07-04 06:09,0.425,low,48,scorer-v2,rejected,2026-07-26 23:25
A002358,J0056,C01291,2026-05-02 17:12,0.477,low,48,scorer-v2,rejected,2026-05-06 05:55
A002359,J0050,C00334,2026-07-20 22:03,0.344,low,44,scorer-v2,rejected,2026-07-25 17:10
A002360,J0072,C00626,2025-11-14 10:03,0.538,medium,57,scorer-v1,rejected,2025-12-06 14:11
A002361,J0044,C00022,2025-11-18 01:17,0.539,medium,67,scorer-v1,hired,2025-12-05 09:49
A002362,J0046,C01077,2026-05-16 22:07,0.519,medium,55,scorer-v2,hired,2026-05-30 07:49
A002363,J0036,C00788,2025-11-18 03:14,0.072,low,52,scorer-v1,rejected,2025-11-29 05:56
A002364,J0051,C00550,2026-03-20 09:26,0.164,low,71,scorer-v2,hired,2026-04-14 12:48
A002365,J0017,C00328,2026-03-04 18:52,0.457,low,63,scorer-v2,rejected,2026-03-22 22:15
A002366,J0015,C01159,2026-07-20 15:39,0.502,medium,78,scorer-v2,interviewed,2026-08-13 21:44
A002367,J0079,C01083,2026-03-13 20:18,0.546,medium,58,scorer-v2,hired,2026-03-30 03:34
A002368,J0039,C00958,2026-03-30 11:46,0.54,medium,82,scorer-v2,rejected,2026-04-09 22:24
A002369,J0022,C00171,2025-12-28 08:50,0.616,medium,92,scorer-v1,interviewed,2026-01-23 05:28
A002370,J0078,C00581,2026-07-25 03:05,0.533,medium,82,scorer-v2,hired,2026-08-24 03:32
A002371,J0026,C00996,2026-05-08 14:11,0.127,low,71,scorer-v2,rejected,2026-05-14 21:05
A002372,J0061,C00764,2026-06-29 05:32,0.284,low,3,scorer-v2,rejected,2026-07-24 17:47
A002373,J0003,C00468,2025-10-27 06:58,0.071,low,66,scorer-v1,rejected,2025-11-23 06:33
A002374,J0077,C01296,2025-10-10 05:11,0.091,low,51,scorer-v1,rejected,2025-10-26 17:54
A002375,J0039,C00501,2026-05-30 07:00,0.882,good,98,scorer-v2,hired,2026-06-17 20:58
A002376,J0041,C00173,2026-05-02 16:12,0.571,medium,74,scorer-v2,rejected,2026-05-19 01:00
A002377,J0009,C01041,2026-06-10 12:57,0.695,medium,77,scorer-v2,rejected,2026-06-16 22:21
A002378,J0022,C00486,2026-05-05 17:20,0.496,low,61,scorer-v2,hired,2026-05-26 08:14
A002379,J0051,C00265,2026-06-12 11:59,0.114,low,51,scorer-v2,rejected,2026-07-02 18:38
A002380,J0017,C00718,2026-07-08 08:30,0.427,low,54,scorer-v2,rejected,2026-07-15 19:47
A002381,J0010,C01052,2026-02-18 05:37,0.388,low,41,scorer-v1,rejected,2026-02-23 19:30
A002382,J0008,C00504,2026-02-15 04:59,0.141,low,38,scorer-v1,hired,2026-02-22 11:36
A002383,J0005,C01434,2026-01-15 15:55,0.74,medium,65,scorer-v1,hired,2026-01-24 11:00
A002384,J0046,C00329,2026-06-24 19:54,0.288,low,70,scorer-v2,,
A002385,J0053,C00260,2025-09-03 18:37,0.684,medium,65,scorer-v1,hired,2025-09-26 18:56
A002386,J0045,C01145,2026-05-20 16:43,0.09,low,54,scorer-v2,rejected,2026-05-25 19:25
A002387,J0028,C01209,2026-06-08 18:40,0.285,low,39,scorer-v2,rejected,2026-07-06 00:42
A002388,J0011,C01152,2026-05-15 09:09,0.513,medium,32,scorer-v2,rejected,2026-05-27 07:31
A002389,J0041,C00330,2025-12-10 02:02,0.367,low,50,scorer-v1,rejected,2026-01-06 09:18
A002390,J0014,C01308,2026-06-25 01:42,0.615,medium,82,scorer-v2,interviewed,2026-07-17 23:11
A002391,J0068,C00415,2026-04-16 13:19,0.619,medium,91,scorer-v2,rejected,2026-05-02 00:01
A002392,J0007,C01111,2026-01-07 13:56,0.856,good,79,scorer-v1,interviewed,2026-01-31 07:57
A002393,J0062,C00880,2026-02-18 07:53,0.154,low,57,scorer-v1,rejected,2026-02-28 05:24
A002394,J0034,C00953,2025-10-29 10:23,0.711,medium,82,scorer-v1,hired,2025-11-27 02:41
A002395,J0018,C01350,2026-01-15 23:38,0.106,low,58,scorer-v1,rejected,2026-01-25 15:49
A002396,J0058,C00458,2026-01-13 11:32,0.914,good,100,scorer-v1,interviewed,2026-01-22 23:44
A002397,J0033,C00291,2026-06-29 00:30,0.352,low,53,scorer-v2,rejected,2026-07-02 18:41
A002398,J0006,C00596,2026-04-05 22:09,0.519,medium,58,scorer-v2,rejected,2026-04-26 08:42
A002399,J0012,C00268,2025-10-05 03:53,0.104,low,62,scorer-v1,hired,2025-11-02 13:27
A002400,J0007,C01005,2026-07-22 09:04,0.672,medium,75,scorer-v2,interviewed,2026-07-26 22:48
A002401,J0067,C01268,2026-07-13 14:17,0.661,medium,81,scorer-v2,rejected,2026-07-17 19:56
A002402,J0054,C00672,2026-01-27 13:49,0.47,low,34,scorer-v1,interviewed,2026-02-08 12:01
A002403,J0070,C00636,2026-06-06 00:29,0.957,good,100,scorer-v2,interviewed,2026-07-06 10:44
A002404,J0033,C00152,2025-12-08 16:25,0.536,medium,35,scorer-v1,rejected,2026-01-08 01:26
A002405,J0012,C00693,2025-12-16 18:41,0.155,low,55,scorer-v1,rejected,2026-01-01 17:08
A002406,J0078,C01318,2026-06-24 15:53,0.437,low,62,scorer-v2,rejected,2026-07-04 13:41
A002407,J0066,C00914,2026-07-15 14:24,0.431,low,39,scorer-v2,interviewed,2026-07-25 12:39
A002408,J0015,C01379,2025-10-22 10:11,0.677,medium,75,scorer-v1,hired,2025-10-31 10:43
A002409,J0067,C00937,2026-06-21 20:55,0.438,low,82,scorer-v2,rejected,2026-07-18 07:23
A002410,J0076,C00652,2025-10-23 15:19,0.521,medium,46,scorer-v1,rejected,2025-11-22 00:39
A002411,J0021,C01169,2025-11-10 05:56,0.426,low,39,scorer-v1,hired,2025-12-02 12:21
A002412,J0057,C00836,2026-04-23 22:47,0.215,low,73,scorer-v2,hired,2026-05-03 06:33
A002413,J0041,C00041,2025-11-29 07:28,0.548,medium,60,scorer-v1,rejected,2025-12-15 11:03
A002414,J0015,C00833,2026-07-22 21:57,0.856,good,100,scorer-v2,hired,2026-08-14 07:55
A002415,J0050,C00196,2025-12-26 09:32,0.55,medium,60,scorer-v1,interviewed,2026-01-24 23:17
A002416,J0044,C00494,2026-01-26 04:07,0.328,low,37,scorer-v1,rejected,2026-01-31 19:52
A002417,J0023,C00548,2026-07-09 07:27,0.461,low,32,scorer-v2,rejected,2026-07-28 19:18
A002418,J0047,C00284,2025-11-29 17:18,0.189,low,74,scorer-v1,,
A002419,J0079,C01304,2026-07-09 22:16,0.513,medium,59,scorer-v2,hired,2026-07-24 03:33
A002420,J0004,C00548,2026-07-22 01:00,0.745,medium,60,scorer-v2,rejected,2026-08-01 22:49
A002421,J0063,C00456,2026-03-16 14:51,0.233,low,100,scorer-v2,hired,2026-03-25 01:54
A002422,J0027,C00425,2026-01-02 22:21,0.51,medium,62,scorer-v1,rejected,2026-01-17 03:34
A002423,J0055,C01216,2026-03-07 20:53,0.419,low,44,scorer-v2,rejected,2026-03-15 01:01
A002424,J0025,C00158,2026-07-05 03:39,0.436,low,48,scorer-v2,rejected,2026-07-10 11:06
A002425,J0011,C00356,2026-07-11 22:13,0.462,low,45,scorer-v2,rejected,2026-07-15 02:22
A002426,J0017,C01052,2026-03-28 02:32,0.172,low,49,scorer-v2,rejected,2026-04-17 23:09
A002427,J0027,C01359,2025-10-17 11:48,0.22,low,27,scorer-v1,rejected,2025-11-17 06:13
A002428,J0025,C00417,2026-02-13 10:02,0.456,low,60,scorer-v1,rejected,2026-03-11 04:10
A002429,J0071,C01396,2025-12-11 05:33,0.407,low,30,scorer-v1,interviewed,2025-12-18 15:33
A002430,J0048,C00419,2026-07-19 22:20,0.689,medium,64,scorer-v2,rejected,2026-07-28 04:15
A002431,J0037,C01199,2026-04-01 04:58,0.948,good,100,scorer-v2,hired,2026-04-23 11:15
A002432,J0002,C00398,2026-05-01 15:44,0.615,medium,66,scorer-v2,interviewed,2026-05-13 17:48
A002433,J0029,C00106,2025-09-15 03:53,0.44,low,57,scorer-v1,hired,2025-09-28 22:49
A002434,J0078,C01355,2026-02-23 15:37,0.53,medium,61,scorer-v1,interviewed,2026-03-07 19:33
A002435,J0038,C00627,2026-06-17 19:37,0.595,medium,72,scorer-v2,rejected,2026-06-23 07:19
A002436,J0049,C01067,2026-07-25 16:00,0.683,medium,84,scorer-v2,hired,2026-08-23 17:14
A002437,J0001,C01491,2026-01-12 01:15,0.312,low,51,scorer-v1,rejected,2026-01-30 01:27
A002438,J0063,C00897,2025-09-13 22:54,0.171,low,73,scorer-v1,rejected,2025-09-21 15:42
A002439,J0045,C00145,2026-06-24 11:49,0.147,low,87,scorer-v2,rejected,2026-07-08 08:52
A002440,J0073,C00562,2026-04-04 16:43,0.629,medium,67,scorer-v2,rejected,2026-04-27 02:30
A002441,J0013,C00475,2026-06-25 05:53,0.099,low,77,scorer-v2,interviewed,2026-07-09 19:12
A002442,J0053,C00761,2026-01-14 23:16,0.756,medium,79,scorer-v1,interviewed,2026-01-28 17:38
A002443,J0014,C01405,2026-01-23 08:50,0.449,low,20,scorer-v1,rejected,2026-02-20 01:06
A002444,J0020,C00127,2026-02-13 17:34,0.672,medium,86,scorer-v1,interviewed,2026-03-09 08:02
A002445,J0006,C00382,2025-10-14 08:42,0.725,medium,63,scorer-v1,rejected,2025-10-24 06:10
A002446,J0045,C01050,2026-03-23 04:38,0.116,low,62,scorer-v2,rejected,2026-04-08 13:31
A002447,J0048,C00527,2025-10-08 19:51,0.68,medium,54,scorer-v1,hired,2025-10-13 16:19
A002448,J0028,C00652,2026-07-05 11:23,0.413,low,55,scorer-v2,rejected,2026-07-16 09:04
A002449,J0042,C00017,2026-03-22 00:38,0.533,medium,61,scorer-v2,rejected,2026-04-10 15:15
A002450,J0006,C00929,2026-06-25 07:56,0.511,medium,32,scorer-v2,rejected,2026-07-10 06:57
A002451,J0026,C00054,2026-07-07 04:55,0.127,low,74,scorer-v2,rejected,2026-08-06 06:19
A002452,J0046,C00435,2025-11-25 23:39,0.698,medium,57,scorer-v1,hired,2025-11-30 20:41
A002453,J0061,C01494,2026-02-08 00:34,0.636,medium,64,scorer-v1,rejected,2026-03-10 04:58
A002454,J0062,C01032,2026-02-20 14:08,0.202,low,100,scorer-v1,rejected,2026-03-22 08:35
A002455,J0061,C00368,2025-10-19 03:41,0.558,medium,64,scorer-v1,hired,2025-11-02 08:55
A002456,J0073,C00778,2026-05-04 13:21,0.431,low,64,scorer-v2,rejected,2026-05-13 22:28
A002457,J0054,C01426,2026-04-02 21:55,0.587,medium,75,scorer-v2,rejected,2026-04-27 19:01
A002458,J0023,C00651,2026-04-20 22:52,0.881,good,96,scorer-v2,hired,2026-04-26 08:11
A002459,J0023,C00458,2026-05-17 13:06,0.671,medium,72,scorer-v2,hired,2026-05-29 16:22
A002460,J0073,C01190,2026-07-19 07:07,0.376,low,65,scorer-v2,rejected,2026-08-15 16:22
A002461,J0006,C00567,2025-10-14 00:46,0.563,medium,38,scorer-v1,rejected,2025-11-04 16:14
A002462,J0012,C00068,2026-01-27 07:36,0.082,low,56,scorer-v1,,
A002463,J0029,C00757,2026-02-26 09:48,0.326,low,48,scorer-v1,rejected,2026-03-10 22:23
A002464,J0043,C00441,2026-06-21 10:21,0.572,medium,69,scorer-v2,interviewed,2026-06-28 05:19
A002465,J0034,C00163,2025-12-29 19:24,0.882,good,100,scorer-v1,interviewed,2026-01-16 09:08
A002466,J0074,C00679,2025-12-16 03:07,1.0,good,100,scorer-v1,hired,2025-12-21 01:05
A002467,J0053,C00109,2026-06-17 08:55,0.608,medium,71,scorer-v2,hired,2026-06-23 20:32
A002468,J0014,C00532,2025-10-24 22:46,0.394,low,24,scorer-v1,rejected,2025-11-18 10:33
A002469,J0074,C00450,2026-01-28 06:32,0.724,medium,74,scorer-v1,hired,2026-02-24 07:07
A002470,J0037,C01347,2025-09-02 22:15,0.698,medium,70,scorer-v1,hired,2025-09-29 15:05
A002471,J0050,C01353,2026-05-12 05:15,0.666,medium,78,scorer-v2,interviewed,2026-05-25 21:17
A002472,J0003,C01292,2026-07-21 10:57,0.055,low,70,scorer-v2,interviewed,2026-08-20 18:21
A002473,J0024,C01422,2026-06-19 09:07,0.549,medium,64,scorer-v2,interviewed,2026-06-23 23:52
A002474,J0004,C01200,2026-03-07 02:17,0.564,medium,73,scorer-v2,hired,2026-03-27 03:55
A002475,J0062,C00978,2026-02-19 14:29,0.237,low,65,scorer-v1,hired,2026-03-04 10:21
A002476,J0015,C00585,2026-04-08 16:40,0.623,medium,72,scorer-v2,rejected,2026-04-14 10:01
A002477,J0040,C00395,2026-07-15 09:35,0.401,low,36,scorer-v2,rejected,2026-08-15 07:18
A002478,J0058,C00006,2026-01-12 22:13,0.617,medium,34,scorer-v1,,
A002479,J0074,C01241,2026-03-20 18:40,0.751,medium,74,scorer-v2,hired,2026-04-01 22:59
A002480,J0043,C00203,2025-09-19 10:27,0.658,medium,72,scorer-v1,hired,2025-10-15 09:35
A002481,J0059,C00860,2026-01-17 07:30,0.404,low,67,scorer-v1,rejected,2026-01-31 13:51
A002482,J0045,C01385,2026-01-15 08:19,0.214,low,38,scorer-v1,rejected,2026-02-12 08:11
A002483,J0071,C00503,2026-04-25 11:34,0.509,medium,52,scorer-v2,rejected,2026-05-15 13:24
A002484,J0013,C01088,2026-06-28 17:03,0.181,low,67,scorer-v2,rejected,2026-07-07 16:14
A002485,J0055,C00711,2026-03-16 04:32,0.666,medium,74,scorer-v2,hired,2026-04-15 12:42
A002486,J0057,C00074,2026-02-17 20:35,0.221,low,76,scorer-v1,interviewed,2026-03-06 07:56
A002487,J0036,C01079,2026-07-19 09:28,0.069,low,53,scorer-v2,rejected,2026-08-14 22:54
A002488,J0028,C01321,2025-12-25 20:49,0.505,medium,63,scorer-v1,rejected,2025-12-28 21:13
A002489,J0026,C01261,2026-01-20 23:14,0.126,low,38,scorer-v1,rejected,2026-02-04 21:32
A002490,J0072,C00956,2026-07-19 02:16,0.729,medium,81,scorer-v2,hired,2026-07-26 10:18
A002491,J0019,C00366,2025-09-27 20:21,0.812,good,76,scorer-v1,interviewed,2025-10-18 01:34
A002492,J0053,C00956,2026-04-15 23:48,0.312,low,65,scorer-v2,rejected,2026-04-30 21:03
A002493,J0018,C00572,2025-12-16 02:23,0.12,low,76,scorer-v1,rejected,2026-01-07 14:57
A002494,J0009,C01407,2026-05-18 06:56,0.388,low,66,scorer-v2,rejected,2026-05-31 19:52
A002495,J0005,C00443,2026-01-29 04:28,0.744,medium,66,scorer-v1,interviewed,2026-02-03 13:33
A002496,J0065,C00522,2025-11-21 05:46,0.338,low,46,scorer-v1,rejected,2025-12-19 22:18
A002497,J0028,C00300,2025-12-03 06:01,0.852,good,95,scorer-v1,interviewed,2025-12-09 08:01
A002498,J0007,C00228,2025-09-10 23:51,0.442,low,89,scorer-v1,rejected,2025-09-29 02:24
A002499,J0037,C01154,2026-01-07 09:04,0.516,medium,51,scorer-v1,interviewed,2026-01-23 15:24
A002500,J0018,C00751,2026-03-28 16:34,0.131,low,68,scorer-v2,interviewed,2026-04-19 11:24
A002501,J0004,C01201,2026-05-17 18:57,0.54,medium,69,scorer-v2,interviewed,2026-06-11 09:27
A002502,J0043,C00762,2026-07-15 12:57,0.887,good,79,scorer-v2,hired,2026-08-03 02:15
A002503,J0077,C00086,2025-11-03 15:47,0.216,low,86,scorer-v1,interviewed,2025-11-19 14:46
A002504,J0071,C01083,2026-03-24 04:43,0.571,medium,76,scorer-v2,hired,2026-04-22 07:22
A002505,J0003,C00703,2026-03-21 08:58,0.136,low,70,scorer-v2,rejected,2026-04-21 04:21
A002506,J0070,C00275,2026-06-22 06:00,0.635,medium,88,scorer-v2,interviewed,2026-06-30 06:54
A002507,J0022,C00379,2025-10-30 07:05,0.362,low,49,scorer-v1,rejected,2025-11-24 10:45
A002508,J0065,C00552,2026-07-20 16:35,0.166,low,57,scorer-v2,rejected,2026-07-30 04:44
A002509,J0059,C00354,2026-02-03 01:53,0.739,medium,83,scorer-v1,hired,2026-02-24 06:13
A002510,J0002,C01145,2025-12-13 17:05,0.632,medium,44,scorer-v1,hired,2025-12-21 22:36
A002511,J0061,C00190,2026-06-25 09:37,0.445,low,48,scorer-v2,rejected,2026-07-09 18:35
A002512,J0055,C00268,2026-03-29 13:09,0.387,low,27,scorer-v2,rejected,2026-04-27 17:01
A002513,J0054,C01287,2025-12-26 05:10,0.811,good,66,scorer-v1,rejected,2026-01-18 02:07
A002514,J0008,C01102,2025-10-05 14:26,0.133,low,59,scorer-v1,interviewed,2025-11-03 17:09
A002515,J0078,C01257,2026-07-04 19:15,0.786,medium,84,scorer-v2,hired,2026-07-26 01:13
A002516,J0034,C01162,2026-07-09 11:19,0.565,medium,70,scorer-v2,hired,2026-07-23 06:32
A002517,J0003,C00083,2025-11-13 11:48,0.229,low,65,scorer-v1,rejected,2025-11-24 21:02
A002518,J0016,C01393,2026-05-08 10:16,0.88,good,94,scorer-v2,hired,2026-06-02 12:19
A002519,J0028,C01149,2026-02-03 19:28,0.558,medium,66,scorer-v1,rejected,2026-03-02 04:38
A002520,J0069,C01061,2026-06-13 16:58,0.479,low,53,scorer-v2,rejected,2026-06-21 20:16
A002521,J0044,C01455,2025-11-15 13:52,0.556,medium,44,scorer-v1,,
A002522,J0039,C00328,2026-05-28 11:25,0.903,good,93,scorer-v2,hired,2026-06-10 07:36
A002523,J0017,C01370,2026-04-19 21:52,0.331,low,35,scorer-v2,rejected,2026-04-25 16:26
A002524,J0011,C00724,2026-06-13 22:32,0.745,medium,80,scorer-v2,,
A002525,J0056,C01308,2026-06-22 14:16,0.261,low,43,scorer-v2,interviewed,2026-07-04 17:30
A002526,J0013,C01084,2026-05-29 00:54,0.138,low,66,scorer-v2,rejected,2026-06-28 09:41
A002527,J0003,C00041,2025-09-04 06:12,0.153,low,47,scorer-v1,rejected,2025-10-02 07:59
A002528,J0061,C00335,2026-02-25 10:11,0.453,low,42,scorer-v1,rejected,2026-02-28 14:59
A002529,J0060,C01492,2026-06-11 02:27,0.161,low,57,scorer-v2,,
A002530,J0030,C01220,2025-11-13 11:50,0.178,low,91,scorer-v1,interviewed,2025-12-10 02:18
A002531,J0069,C01425,2026-05-11 10:53,0.686,medium,86,scorer-v2,hired,2026-05-20 06:32
A002532,J0007,C00323,2025-11-15 13:08,0.661,medium,78,scorer-v1,interviewed,2025-12-02 09:29
A002533,J0053,C00330,2026-06-06 09:43,0.243,low,55,scorer-v2,rejected,2026-06-19 19:32
A002534,J0064,C00794,2025-12-06 19:33,0.458,low,21,scorer-v1,rejected,2026-01-02 13:40
A002535,J0062,C00974,2026-02-27 17:48,0.137,low,40,scorer-v1,rejected,2026-03-08 07:35
A002536,J0006,C00418,2025-09-02 06:04,0.314,low,47,scorer-v1,rejected,2025-09-07 18:52
A002537,J0080,C00845,2026-03-30 03:08,0.124,low,61,scorer-v2,rejected,2026-04-08 08:13
A002538,J0049,C01272,2025-10-10 19:48,0.608,medium,68,scorer-v1,hired,2025-11-10 16:53
A002539,J0020,C01282,2025-09-22 12:56,0.893,good,100,scorer-v1,hired,2025-09-28 11:33
A002540,J0079,C01225,2025-11-24 10:11,0.513,medium,45,scorer-v1,interviewed,2025-12-14 08:04
A002541,J0035,C00852,2025-12-11 08:28,0.453,low,60,scorer-v1,rejected,2026-01-07 14:59
A002542,J0009,C01411,2026-07-16 16:10,0.39,low,80,scorer-v2,interviewed,2026-07-27 11:08
A002543,J0017,C00232,2026-04-25 08:12,0.597,medium,56,scorer-v2,interviewed,2026-05-08 03:57
A002544,J0012,C00703,2025-11-21 10:18,0.161,low,62,scorer-v1,hired,2025-11-30 07:59
A002545,J0015,C01078,2026-07-22 04:56,0.887,good,100,scorer-v2,hired,2026-08-03 21:35
A002546,J0055,C00365,2026-05-13 17:03,0.61,medium,66,scorer-v2,rejected,2026-05-25 19:42
A002547,J0078,C00898,2026-01-28 14:13,0.501,medium,57,scorer-v1,rejected,2026-02-28 00:06
A002548,J0045,C00894,2025-11-04 02:58,0.071,low,42,scorer-v1,rejected,2025-12-03 16:30
A002549,J0003,C00317,2026-05-23 14:40,0.305,low,93,scorer-v2,hired,2026-05-26 20:41
A002550,J0004,C00174,2025-09-21 12:34,0.402,low,58,scorer-v1,,
A002551,J0039,C01154,2026-04-15 10:12,0.799,medium,100,scorer-v2,hired,2026-05-01 06:08
A002552,J0057,C00095,2025-11-13 04:41,0.058,low,23,scorer-v1,rejected,2025-12-03 22:03
A002553,J0021,C01381,2025-10-09 10:28,0.386,low,33,scorer-v1,rejected,2025-10-14 23:04
A002554,J0063,C01208,2026-02-20 05:29,0.152,low,43,scorer-v1,interviewed,2026-03-08 22:05
A002555,J0020,C00040,2026-03-24 04:09,0.952,good,87,scorer-v2,interviewed,2026-04-01 08:25
A002556,J0032,C00355,2025-09-13 05:38,0.307,low,33,scorer-v1,rejected,2025-09-25 05:57
A002557,J0038,C01060,2026-05-09 09:25,0.46,low,69,scorer-v2,rejected,2026-05-18 05:30
A002558,J0069,C00926,2026-01-27 04:56,1.0,good,89,scorer-v1,hired,2026-01-31 06:22
A002559,J0026,C00987,2026-03-17 01:39,0.091,low,43,scorer-v2,rejected,2026-03-30 12:08
A002560,J0049,C01214,2025-10-04 21:41,0.729,medium,65,scorer-v1,,
A002561,J0064,C01194,2026-05-24 06:59,0.463,low,59,scorer-v2,rejected,2026-06-12 06:15
A002562,J0043,C00626,2025-12-03 12:44,0.531,medium,54,scorer-v1,rejected,2025-12-29 12:36
A002563,J0003,C01497,2025-09-22 02:25,0.123,low,58,scorer-v1,,
A002564,J0076,C00561,2025-10-21 15:39,0.427,low,45,scorer-v1,rejected,2025-11-15 12:05
A002565,J0067,C00310,2026-02-13 03:13,0.655,medium,52,scorer-v1,interviewed,2026-02-23 13:34
A002566,J0066,C01489,2025-10-10 06:19,0.583,medium,53,scorer-v1,interviewed,2025-11-01 15:56
A002567,J0016,C00546,2025-10-14 04:43,0.366,low,62,scorer-v1,rejected,2025-11-11 02:32
A002568,J0068,C01237,2026-03-18 00:41,0.716,medium,100,scorer-v2,rejected,2026-03-29 10:48
A002569,J0009,C01106,2025-09-01 08:28,0.481,low,57,scorer-v1,,
A002570,J0010,C00467,2026-06-26 06:56,0.692,medium,70,scorer-v2,hired,2026-07-11 08:46
A002571,J0050,C00162,2026-01-23 14:32,0.521,medium,34,scorer-v1,rejected,2026-01-31 12:34
A002572,J0061,C00970,2025-10-16 15:00,0.914,good,97,scorer-v1,hired,2025-10-27 07:14
A002573,J0050,C01315,2026-03-24 06:51,0.464,low,55,scorer-v2,rejected,2026-04-19 05:45
A002574,J0002,C00552,2026-07-26 07:35,0.731,medium,73,scorer-v2,rejected,2026-08-17 22:20
A002575,J0028,C00790,2026-04-29 09:31,0.379,low,73,scorer-v2,rejected,2026-05-09 00:10
A002576,J0066,C01265,2026-02-25 20:23,0.709,medium,60,scorer-v1,hired,2026-03-22 01:29
A002577,J0071,C00509,2026-02-20 01:56,0.307,low,73,scorer-v1,hired,2026-03-14 11:50
A002578,J0012,C00714,2025-11-19 17:41,0.157,low,64,scorer-v1,,
A002579,J0075,C00212,2025-11-28 10:29,0.137,low,65,scorer-v1,interviewed,2025-12-07 08:36
A002580,J0070,C01421,2026-03-23 03:13,0.537,medium,74,scorer-v2,rejected,2026-04-07 16:22
A002581,J0018,C01411,2025-12-29 13:00,0.135,low,73,scorer-v1,,
A002582,J0021,C00207,2026-07-27 20:47,0.696,medium,76,scorer-v2,interviewed,2026-08-06 17:25
A002583,J0035,C00889,2025-09-19 00:39,0.994,good,80,scorer-v1,hired,2025-10-06 01:20
A002584,J0025,C00461,2025-10-13 06:53,0.602,medium,51,scorer-v1,hired,2025-11-05 16:28
A002585,J0037,C00929,2026-05-23 12:42,0.474,low,56,scorer-v2,rejected,2026-06-19 15:02
A002586,J0076,C00907,2026-03-12 16:00,0.633,medium,60,scorer-v2,hired,2026-04-01 14:54
A002587,J0011,C00754,2026-04-26 02:04,0.627,medium,55,scorer-v2,rejected,2026-05-06 10:45
A002588,J0069,C01114,2026-04-13 21:12,0.568,medium,52,scorer-v2,interviewed,2026-05-12 06:08
A002589,J0005,C00502,2025-11-24 04:20,0.623,medium,80,scorer-v1,hired,2025-12-16 00:15
A002590,J0070,C00764,2026-03-19 08:28,0.432,low,52,scorer-v2,hired,2026-04-14 10:44
A002591,J0047,C00239,2025-10-28 15:19,0.206,low,76,scorer-v1,interviewed,2025-11-16 10:25
A002592,J0069,C01429,2026-04-05 19:24,0.511,medium,59,scorer-v2,rejected,2026-04-17 11:34
A002593,J0046,C00150,2025-09-15 03:26,0.38,low,35,scorer-v1,rejected,2025-10-01 08:23
A002594,J0026,C01493,2026-01-08 15:26,0.116,low,72,scorer-v1,rejected,2026-01-18 23:44
A002595,J0002,C00822,2026-02-05 04:46,0.444,low,47,scorer-v1,rejected,2026-02-11 04:02
A002596,J0026,C00061,2025-09-17 11:05,0.213,low,100,scorer-v1,hired,2025-09-23 17:55
A002597,J0021,C00748,2026-05-22 09:46,0.511,medium,60,scorer-v2,rejected,2026-05-26 01:05
A002598,J0057,C00730,2026-02-25 16:41,0.178,low,58,scorer-v1,rejected,2026-03-07 03:44
A002599,J0036,C01030,2026-03-28 16:47,0.105,low,58,scorer-v2,rejected,2026-04-25 16:29
A002600,J0033,C00389,2026-04-12 04:51,0.351,low,54,scorer-v2,rejected,2026-04-15 23:59
A002601,J0002,C00475,2026-03-21 20:36,0.761,medium,100,scorer-v2,,
A002602,J0015,C00835,2026-04-16 05:13,0.59,medium,85,scorer-v2,interviewed,2026-05-04 01:14
A002603,J0015,C00874,2026-02-19 22:18,0.416,low,35,scorer-v1,rejected,2026-03-10 22:31
A002604,J0071,C00994,2025-09-04 19:34,0.69,medium,75,scorer-v1,rejected,2025-09-14 06:10
A002605,J0069,C00664,2026-04-05 18:11,0.645,medium,73,scorer-v2,rejected,2026-04-12 20:36
A002606,J0059,C00686,2026-05-18 05:33,0.589,medium,90,scorer-v2,hired,2026-05-28 16:38
A002607,J0015,C01483,2026-06-28 12:54,0.62,medium,42,scorer-v2,hired,2026-07-03 19:30
A002608,J0028,C00011,2026-01-10 21:59,0.687,medium,68,scorer-v1,hired,2026-01-26 05:47
A002609,J0019,C01140,2026-01-18 07:07,0.884,good,81,scorer-v1,hired,2026-01-26 00:42
A002610,J0061,C00709,2026-04-05 00:29,0.366,low,82,scorer-v2,rejected,2026-04-30 02:30
A002611,J0075,C01497,2026-06-07 02:49,0.097,low,58,scorer-v2,rejected,2026-06-15 00:06
A002612,J0075,C00903,2025-10-22 00:25,0.132,low,61,scorer-v1,rejected,2025-11-06 00:12
A002613,J0010,C01068,2026-04-09 04:37,0.414,low,31,scorer-v2,rejected,2026-04-16 07:14
A002614,J0034,C00786,2026-04-28 01:55,0.427,low,76,scorer-v2,hired,2026-05-07 11:11
A002615,J0068,C00388,2025-09-05 14:57,0.839,good,92,scorer-v1,rejected,2025-10-03 21:38
A002616,J0010,C00305,2025-12-25 18:21,0.577,medium,42,scorer-v1,interviewed,2026-01-07 22:50
A002617,J0074,C01260,2026-05-12 05:59,0.424,low,42,scorer-v2,rejected,2026-05-21 02:22
A002618,J0004,C00355,2026-07-12 12:41,0.641,medium,78,scorer-v2,hired,2026-07-16 02:49
A002619,J0022,C00022,2026-06-17 15:59,0.466,low,77,scorer-v2,interviewed,2026-06-28 04:04
A002620,J0035,C01143,2026-03-27 20:36,0.404,low,41,scorer-v2,rejected,2026-04-17 19:54
A002621,J0045,C00273,2025-10-27 05:01,0.017,low,18,scorer-v1,rejected,2025-10-30 19:11
A002622,J0021,C00801,2025-10-14 12:14,0.504,medium,48,scorer-v1,rejected,2025-10-26 03:23
A002623,J0074,C00795,2026-03-29 01:05,0.556,medium,90,scorer-v2,hired,2026-04-28 02:45
A002624,J0059,C00237,2025-11-13 17:04,0.648,medium,58,scorer-v1,hired,2025-12-02 13:18
A002625,J0012,C01270,2026-07-01 13:14,0.133,low,68,scorer-v2,rejected,2026-07-05 18:27
A002626,J0077,C01259,2026-04-30 05:48,0.138,low,67,scorer-v2,rejected,2026-05-17 05:11
A002627,J0063,C01483,2025-10-11 15:40,0.162,low,57,scorer-v1,hired,2025-10-14 23:18
A002628,J0009,C01250,2026-05-11 23:35,0.443,low,60,scorer-v2,rejected,2026-06-02 04:48
A002629,J0009,C00231,2025-09-17 22:33,0.644,medium,76,scorer-v1,hired,2025-10-13 02:57
A002630,J0021,C00012,2025-11-19 07:12,0.486,low,71,scorer-v1,rejected,2025-12-04 14:59
A002631,J0004,C00674,2026-02-27 23:50,0.577,medium,56,scorer-v1,interviewed,2026-03-30 00:04
A002632,J0032,C00985,2025-11-22 10:03,0.488,low,40,scorer-v1,rejected,2025-11-29 19:44
A002633,J0033,C00758,2025-10-18 07:12,0.328,low,43,scorer-v1,rejected,2025-10-23 18:03
A002634,J0053,C01121,2025-10-20 19:39,0.61,medium,56,scorer-v1,hired,2025-11-12 19:18
A002635,J0047,C00697,2025-12-27 02:54,0.147,low,67,scorer-v1,,
A002636,J0055,C00189,2026-01-11 18:33,0.556,medium,69,scorer-v1,rejected,2026-01-28 21:32
A002637,J0050,C01122,2026-02-18 14:56,0.319,low,27,scorer-v1,rejected,2026-03-11 03:49
A002638,J0073,C01021,2026-05-30 04:40,0.553,medium,71,scorer-v2,hired,2026-06-19 17:50
A002639,J0023,C01326,2025-11-17 17:31,0.631,medium,45,scorer-v1,rejected,2025-12-08 08:54
A002640,J0026,C01157,2026-04-12 20:14,0.011,low,20,scorer-v2,,
A002641,J0012,C00813,2026-07-17 07:39,0.141,low,71,scorer-v2,rejected,2026-07-28 11:46
A002642,J0023,C00584,2026-05-06 01:45,0.679,medium,64,scorer-v2,hired,2026-05-25 08:12
A002643,J0080,C00144,2025-12-08 15:10,0.127,low,47,scorer-v1,interviewed,2026-01-06 22:47
A002644,J0007,C01265,2025-10-08 17:34,0.875,good,77,scorer-v1,hired,2025-10-15 18:27
A002645,J0020,C01125,2026-03-09 01:47,0.547,medium,75,scorer-v2,rejected,2026-04-09 01:36
A002646,J0025,C00404,2025-11-10 23:15,0.355,low,13,scorer-v1,rejected,2025-11-25 18:16
A002647,J0075,C01203,2026-04-12 19:48,0.238,low,88,scorer-v2,interviewed,2026-05-07 01:46
A002648,J0014,C00017,2026-04-28 21:47,0.742,medium,76,scorer-v2,interviewed,2026-05-26 06:17
A002649,J0012,C01309,2026-01-30 15:19,0.187,low,73,scorer-v1,,
A002650,J0027,C01240,2026-03-24 17:27,0.403,low,48,scorer-v2,rejected,2026-04-24 06:27
A002651,J0019,C00072,2026-05-12 01:12,0.784,medium,83,scorer-v2,hired,2026-06-01 02:52
A002652,J0014,C01065,2025-09-30 05:29,0.671,medium,58,scorer-v1,rejected,2025-10-08 04:47
A002653,J0002,C00907,2025-11-21 23:24,0.564,medium,76,scorer-v1,hired,2025-12-22 02:36
A002654,J0070,C00159,2026-07-23 01:50,0.521,medium,53,scorer-v2,interviewed,2026-07-31 00:24
A002655,J0019,C01235,2026-05-11 22:08,0.33,low,68,scorer-v2,rejected,2026-06-06 11:58
A002656,J0044,C00600,2026-04-12 23:03,0.95,good,100,scorer-v2,hired,2026-04-23 06:25
A002657,J0077,C01179,2026-02-12 05:36,0.153,low,42,scorer-v1,rejected,2026-02-21 18:57
A002658,J0006,C00014,2025-11-23 00:50,0.338,low,43,scorer-v1,rejected,2025-12-05 17:34
A002659,J0031,C00040,2026-04-26 02:13,0.617,medium,79,scorer-v2,,
A002660,J0040,C01433,2025-12-21 12:59,0.81,good,95,scorer-v1,hired,2026-01-03 14:38
A002661,J0054,C01097,2025-10-21 09:59,0.461,low,60,scorer-v1,interviewed,2025-11-04 23:30
A002662,J0003,C00560,2026-06-28 01:33,0.281,low,85,scorer-v2,rejected,2026-07-09 16:03
A002663,J0016,C01407,2026-01-15 13:04,0.609,medium,70,scorer-v1,rejected,2026-02-04 18:48
A002664,J0008,C00940,2025-11-16 15:47,0.119,low,55,scorer-v1,rejected,2025-11-19 18:38
A002665,J0017,C00353,2026-01-14 04:55,0.47,low,59,scorer-v1,rejected,2026-01-24 07:54
A002666,J0012,C00971,2026-06-30 14:18,0.141,low,74,scorer-v2,hired,2026-07-14 07:52
A002667,J0034,C00494,2025-10-14 09:34,0.752,medium,76,scorer-v1,hired,2025-11-06 06:02
A002668,J0060,C00148,2026-06-17 17:18,0.146,low,47,scorer-v2,rejected,2026-06-25 12:52
A002669,J0067,C00520,2025-12-27 13:31,0.553,medium,66,scorer-v1,rejected,2026-01-24 20:26
A002670,J0066,C00573,2026-05-13 03:29,0.334,low,28,scorer-v2,rejected,2026-05-25 11:37
A002671,J0008,C01376,2025-12-19 23:28,0.178,low,62,scorer-v1,hired,2026-01-07 15:32
A002672,J0001,C00884,2026-01-14 14:14,0.783,medium,76,scorer-v1,hired,2026-02-09 15:09
A002673,J0015,C00099,2025-12-01 08:13,0.563,medium,49,scorer-v1,hired,2025-12-30 02:50
A002674,J0071,C00717,2026-05-01 10:41,0.546,medium,62,scorer-v2,rejected,2026-05-04 23:52
A002675,J0072,C01169,2025-12-22 15:40,0.329,low,43,scorer-v1,rejected,2026-01-06 06:49
A002676,J0026,C01199,2026-05-05 22:47,0.168,low,57,scorer-v2,rejected,2026-05-26 03:26
A002677,J0005,C00109,2026-07-15 23:15,0.275,low,76,scorer-v2,rejected,2026-08-08 18:55
A002678,J0028,C00995,2025-10-19 01:57,0.794,medium,84,scorer-v1,interviewed,2025-11-08 19:58
A002679,J0017,C00958,2026-04-03 17:29,0.383,low,60,scorer-v2,rejected,2026-04-13 17:20
A002680,J0075,C00557,2026-02-15 08:35,0.187,low,78,scorer-v1,rejected,2026-03-02 11:19
A002681,J0061,C00257,2025-12-18 02:00,0.331,low,26,scorer-v1,rejected,2025-12-26 05:40
A002682,J0061,C00521,2025-09-10 18:39,0.496,low,66,scorer-v1,rejected,2025-09-25 00:26
A002683,J0018,C00144,2026-04-17 18:39,0.118,low,71,scorer-v2,rejected,2026-05-06 09:20
A002684,J0009,C00738,2026-04-16 14:41,0.474,low,64,scorer-v2,hired,2026-05-01 09:37
A002685,J0004,C00075,2025-11-30 10:58,0.63,medium,58,scorer-v1,rejected,2025-12-06 20:01
A002686,J0059,C01219,2025-10-18 07:08,0.533,medium,76,scorer-v1,rejected,2025-11-14 04:39
A002687,J0072,C01025,2026-04-08 14:51,0.485,low,76,scorer-v2,,
A002688,J0060,C01429,2026-03-27 14:55,0.092,low,64,scorer-v2,rejected,2026-04-27 00:16
A002689,J0018,C01150,2026-04-17 02:27,0.121,low,75,scorer-v2,rejected,2026-04-20 18:57
A002690,J0058,C00365,2025-10-20 07:33,0.631,medium,61,scorer-v1,rejected,2025-11-16 09:29
A002691,J0047,C01070,2026-01-12 11:37,0.061,low,57,scorer-v1,interviewed,2026-02-03 06:45
A002692,J0062,C00645,2025-09-28 00:55,0.107,low,43,scorer-v1,rejected,2025-10-24 11:10
A002693,J0070,C00069,2026-05-12 04:14,0.607,medium,71,scorer-v2,interviewed,2026-06-01 14:09
A002694,J0056,C00343,2026-01-20 06:47,0.456,low,52,scorer-v1,interviewed,2026-02-08 11:25
A002695,J0014,C00410,2026-04-20 20:59,0.4,low,61,scorer-v2,rejected,2026-05-02 22:10
A002696,J0068,C01233,2026-01-01 11:33,0.6,medium,79,scorer-v1,hired,2026-01-07 14:25
A002697,J0044,C01463,2025-09-25 14:32,0.68,medium,82,scorer-v1,interviewed,2025-10-10 07:11
A002698,J0067,C00841,2025-09-30 01:46,0.758,medium,54,scorer-v1,hired,2025-10-15 10:55
A002699,J0006,C00542,2026-02-02 08:38,0.362,low,28,scorer-v1,,
A002700,J0068,C01464,2026-03-22 12:12,0.455,low,60,scorer-v2,rejected,2026-04-16 12:59
A002701,J0057,C01358,2025-10-20 08:30,0.149,low,52,scorer-v1,hired,2025-10-23 13:16
A002702,J0079,C01085,2026-07-10 20:07,0.549,medium,79,scorer-v2,interviewed,2026-07-22 02:09
A002703,J0044,C01044,2025-10-05 08:44,0.458,low,57,scorer-v1,rejected,2025-10-10 13:25
A002704,J0009,C01036,2026-05-31 01:20,0.593,medium,75,scorer-v2,rejected,2026-06-16 11:06
A002705,J0011,C00996,2026-02-27 10:18,0.694,medium,100,scorer-v1,interviewed,2026-03-26 04:55
A002706,J0001,C00294,2026-05-23 11:08,0.825,good,79,scorer-v2,hired,2026-06-19 06:41
A002707,J0018,C01192,2026-06-30 03:27,0.11,low,76,scorer-v2,rejected,2026-07-19 12:40
A002708,J0072,C01342,2026-04-02 17:25,0.773,medium,78,scorer-v2,interviewed,2026-04-11 07:11
A002709,J0006,C00403,2026-06-02 06:48,0.823,good,95,scorer-v2,hired,2026-06-08 02:31
A002710,J0067,C00207,2025-11-30 04:48,0.462,low,56,scorer-v1,hired,2025-12-03 10:47
A002711,J0032,C00964,2025-09-08 01:16,0.384,low,39,scorer-v1,,
A002712,J0065,C01109,2026-05-13 16:56,0.37,low,25,scorer-v2,rejected,2026-06-04 13:15
A002713,J0059,C01254,2026-02-11 18:46,0.427,low,62,scorer-v1,rejected,2026-02-17 09:33
A002714,J0060,C00950,2025-10-30 17:09,0.225,low,94,scorer-v1,hired,2025-11-07 07:03
A002715,J0075,C00370,2025-10-22 17:12,0.177,low,60,scorer-v1,rejected,2025-11-06 00:52
A002716,J0001,C00815,2026-06-23 04:19,0.317,low,62,scorer-v2,rejected,2026-06-28 14:39
A002717,J0009,C00762,2026-02-23 21:27,0.4,low,51,scorer-v1,rejected,2026-03-06 18:21
A002718,J0054,C00126,2025-10-18 15:00,0.733,medium,74,scorer-v1,hired,2025-11-11 02:01
A002719,J0046,C00539,2025-11-07 18:19,0.359,low,41,scorer-v1,rejected,2025-11-21 10:37
A002720,J0005,C00912,2025-11-09 16:52,0.31,low,54,scorer-v1,rejected,2025-11-20 18:35
A002721,J0049,C00984,2026-02-23 16:12,0.513,medium,40,scorer-v1,rejected,2026-03-24 22:35
A002722,J0080,C00454,2025-12-29 22:02,0.066,low,23,scorer-v1,rejected,2026-01-25 08:57
A002723,J0042,C00179,2026-05-02 16:41,0.584,medium,72,scorer-v2,interviewed,2026-05-25 22:32
A002724,J0044,C01327,2026-04-08 03:05,0.567,medium,56,scorer-v2,interviewed,2026-04-22 01:06
A002725,J0009,C00303,2025-12-24 11:49,0.693,medium,65,scorer-v1,hired,2026-01-14 12:09
A002726,J0055,C00357,2025-10-14 06:06,0.464,low,28,scorer-v1,rejected,2025-11-09 21:06
A002727,J0001,C00360,2025-10-03 14:50,0.556,medium,64,scorer-v1,rejected,2025-10-19 12:21
A002728,J0023,C01123,2026-06-04 14:06,0.704,medium,59,scorer-v2,,
A002729,J0034,C01220,2026-07-22 17:06,0.511,medium,63,scorer-v2,rejected,2026-07-26 16:09
A002730,J0021,C01453,2025-12-07 15:30,0.119,low,49,scorer-v1,rejected,2025-12-20 11:21
A002731,J0001,C01120,2026-03-15 07:01,0.768,medium,70,scorer-v2,rejected,2026-03-28 06:42
A002732,J0075,C00185,2026-05-13 02:40,0.065,low,61,scorer-v2,rejected,2026-06-10 03:10
A002733,J0009,C00545,2025-10-18 13:52,0.939,good,83,scorer-v1,hired,2025-10-29 02:56
A002734,J0079,C00523,2025-10-25 13:19,0.327,low,26,scorer-v1,interviewed,2025-11-13 22:33
A002735,J0022,C00614,2026-03-15 02:52,0.67,medium,75,scorer-v2,,
A002736,J0055,C00638,2026-03-06 05:10,0.441,low,59,scorer-v2,rejected,2026-04-01 21:59
A002737,J0019,C00801,2025-09-17 03:06,1.0,good,75,scorer-v1,interviewed,2025-10-10 07:50
A002738,J0001,C00965,2025-12-27 23:42,0.278,low,66,scorer-v1,rejected,2025-12-31 04:17
A002739,J0074,C00785,2026-03-15 08:19,0.611,medium,58,scorer-v2,rejected,2026-03-21 21:18
A002740,J0074,C00982,2026-01-20 12:26,0.455,low,28,scorer-v1,hired,2026-01-27 06:24
A002741,J0014,C00501,2025-11-09 05:17,0.521,medium,58,scorer-v1,rejected,2025-12-04 06:04
A002742,J0066,C01327,2025-11-13 01:20,0.386,low,37,scorer-v1,rejected,2025-11-29 07:48
A002743,J0054,C00929,2026-01-11 15:19,0.79,medium,73,scorer-v1,hired,2026-01-28 19:01
A002744,J0023,C01307,2025-12-11 13:34,0.503,medium,51,scorer-v1,,
A002745,J0031,C01398,2025-09-01 06:21,0.534,medium,89,scorer-v1,rejected,2025-09-04 11:56
A002746,J0064,C01104,2026-04-23 14:34,0.797,medium,81,scorer-v2,interviewed,2026-05-04 21:45
A002747,J0023,C01378,2025-10-10 13:07,0.676,medium,91,scorer-v1,interviewed,2025-10-15 16:23
A002748,J0038,C01028,2025-10-12 15:44,0.565,medium,81,scorer-v1,hired,2025-10-21 07:13
A002749,J0072,C00303,2025-10-02 15:04,0.536,medium,71,scorer-v1,rejected,2025-10-20 12:43
A002750,J0072,C01224,2026-03-21 13:20,0.418,low,83,scorer-v2,rejected,2026-04-13 03:57
A002751,J0045,C00938,2025-09-09 09:06,0.198,low,57,scorer-v1,rejected,2025-09-30 21:05
A002752,J0020,C01224,2026-02-10 01:47,0.637,medium,73,scorer-v1,hired,2026-02-18 14:26
A002753,J0080,C01434,2025-12-27 19:44,0.103,low,25,scorer-v1,hired,2026-01-24 01:27
A002754,J0031,C01359,2025-12-20 04:25,0.477,low,58,scorer-v1,hired,2025-12-27 05:34
A002755,J0035,C00554,2025-09-18 01:59,0.351,low,41,scorer-v1,,
A002756,J0051,C00486,2026-03-28 17:05,0.186,low,73,scorer-v2,,
A002757,J0047,C01417,2026-06-16 03:34,0.085,low,68,scorer-v2,,
A002758,J0074,C00288,2026-05-21 03:14,0.795,medium,96,scorer-v2,interviewed,2026-05-29 17:10
A002759,J0007,C01005,2025-12-09 03:12,0.908,good,100,scorer-v1,hired,2025-12-30 01:42
A002760,J0054,C00046,2025-10-05 21:11,0.451,low,43,scorer-v1,rejected,2025-10-10 05:02
A002761,J0049,C01081,2025-12-31 13:05,0.446,low,43,scorer-v1,hired,2026-01-19 23:50
A002762,J0006,C00353,2026-02-07 12:27,0.371,low,54,scorer-v1,rejected,2026-02-27 07:33
A002763,J0077,C01463,2026-05-19 14:55,0.044,low,61,scorer-v2,interviewed,2026-06-02 15:53
A002764,J0008,C00199,2025-10-28 22:39,0.149,low,74,scorer-v1,interviewed,2025-11-17 04:51
A002765,J0035,C00097,2025-10-23 03:43,0.49,low,48,scorer-v1,hired,2025-11-14 12:12
A002766,J0004,C00733,2026-01-20 09:14,0.396,low,42,scorer-v1,rejected,2026-01-30 09:55
A002767,J0034,C01154,2026-01-23 09:55,0.601,medium,68,scorer-v1,rejected,2026-02-21 02:05
A002768,J0010,C01176,2026-02-03 10:00,0.874,good,87,scorer-v1,,
A002769,J0010,C00323,2026-07-02 15:31,0.419,low,73,scorer-v2,rejected,2026-08-02 00:02
A002770,J0069,C00737,2026-04-10 22:11,0.637,medium,65,scorer-v2,interviewed,2026-05-08 13:16
A002771,J0059,C00037,2025-10-04 20:15,0.84,good,74,scorer-v1,hired,2025-10-23 19:40
A002772,J0025,C00530,2025-09-20 02:42,0.282,low,31,scorer-v1,rejected,2025-10-05 08:15
A002773,J0002,C00102,2025-10-03 12:22,0.416,low,77,scorer-v1,rejected,2025-11-01 10:49
A002774,J0042,C00550,2025-11-06 06:42,0.731,medium,82,scorer-v1,interviewed,2025-11-09 23:16
A002775,J0025,C01426,2025-10-08 11:17,0.385,low,34,scorer-v1,hired,2025-10-31 09:10
A002776,J0029,C00283,2025-10-27 17:36,0.669,medium,64,scorer-v1,hired,2025-11-03 04:31
A002777,J0029,C00493,2026-05-29 23:09,0.724,medium,69,scorer-v2,hired,2026-06-16 10:41
A002778,J0064,C01461,2026-01-01 17:01,0.506,medium,57,scorer-v1,rejected,2026-01-19 05:10
A002779,J0003,C01144,2025-09-14 23:51,0.123,low,68,scorer-v1,rejected,2025-10-14 18:06
A002780,J0073,C00061,2026-06-23 19:06,0.253,low,55,scorer-v2,rejected,2026-07-01 14:50
A002781,J0023,C00621,2025-11-10 04:16,0.746,medium,71,scorer-v1,hired,2025-11-27 10:50
A002782,J0026,C01396,2026-04-24 15:53,0.07,low,53,scorer-v2,interviewed,2026-05-01 04:44
A002783,J0011,C00334,2025-09-06 12:19,0.53,medium,35,scorer-v1,rejected,2025-09-26 10:29
A002784,J0024,C00736,2026-02-02 12:40,0.745,medium,67,scorer-v1,interviewed,2026-02-18 16:08
A002785,J0001,C01472,2026-04-17 20:41,0.757,medium,81,scorer-v2,hired,2026-05-15 19:59
A002786,J0026,C00551,2026-02-10 23:16,0.054,low,70,scorer-v1,hired,2026-02-21 14:11
A002787,J0044,C01141,2026-01-28 01:09,0.543,medium,39,scorer-v1,rejected,2026-02-27 00:11
A002788,J0067,C01493,2026-07-20 12:15,0.695,medium,69,scorer-v2,rejected,2026-07-27 07:38
A002789,J0006,C00928,2026-05-16 12:05,0.461,low,61,scorer-v2,,
A002790,J0021,C00803,2026-07-12 10:54,0.438,low,63,scorer-v2,rejected,2026-07-17 18:59
A002791,J0014,C00169,2026-03-26 17:57,0.398,low,51,scorer-v2,rejected,2026-04-15 03:26
A002792,J0029,C00427,2026-03-30 19:39,0.399,low,53,scorer-v2,interviewed,2026-04-18 08:29
A002793,J0024,C01333,2026-02-03 01:15,0.414,low,33,scorer-v1,rejected,2026-02-27 17:47
A002794,J0016,C01017,2025-10-13 14:30,0.658,medium,65,scorer-v1,rejected,2025-10-20 20:51
A002795,J0043,C00068,2026-01-20 02:50,0.639,medium,59,scorer-v1,hired,2026-01-27 05:55
A002796,J0072,C01160,2026-06-15 12:57,0.612,medium,84,scorer-v2,interviewed,2026-06-26 21:59
A002797,J0038,C00158,2025-09-22 07:40,0.885,good,96,scorer-v1,interviewed,2025-10-18 01:59
A002798,J0050,C00952,2026-06-20 11:23,0.965,good,100,scorer-v2,hired,2026-07-10 18:47
A002799,J0024,C00853,2026-02-16 22:42,0.564,medium,53,scorer-v1,rejected,2026-03-06 10:04
A002800,J0047,C00216,2025-10-19 10:52,0.139,low,56,scorer-v1,,
A002801,J0053,C00167,2026-05-22 14:07,0.765,medium,70,scorer-v2,interviewed,2026-05-31 05:33
A002802,J0018,C00183,2026-01-10 02:05,0.17,low,61,scorer-v1,rejected,2026-01-18 09:37
A002803,J0075,C01128,2025-11-07 00:13,0.155,low,70,scorer-v1,hired,2025-11-15 20:27
A002804,J0067,C00707,2026-07-21 08:54,0.619,medium,87,scorer-v2,hired,2026-08-11 05:01
A002805,J0050,C00594,2026-06-07 01:35,0.777,medium,71,scorer-v2,hired,2026-06-22 03:07
A002806,J0077,C00652,2026-01-26 04:41,0.074,low,37,scorer-v1,hired,2026-02-08 17:46
A002807,J0053,C00428,2025-10-21 02:58,0.735,medium,69,scorer-v1,rejected,2025-11-04 06:58
A002808,J0012,C00026,2026-04-25 23:53,0.097,low,74,scorer-v2,,
A002809,J0052,C00340,2026-06-28 18:45,0.927,good,89,scorer-v2,hired,2026-07-24 16:21
A002810,J0009,C01001,2026-01-28 02:19,0.623,medium,63,scorer-v1,interviewed,2026-02-15 08:13
A002811,J0059,C01235,2025-09-17 05:31,0.391,low,68,scorer-v1,hired,2025-09-29 00:42
A002812,J0046,C00079,2025-11-25 22:57,0.552,medium,55,scorer-v1,rejected,2025-12-20 07:05
A002813,J0061,C00518,2025-10-20 21:41,0.388,low,71,scorer-v1,hired,2025-11-10 06:16
A002814,J0074,C01430,2026-01-15 20:10,0.548,medium,56,scorer-v1,hired,2026-02-09 04:25
A002815,J0022,C00232,2026-06-06 21:28,0.725,medium,76,scorer-v2,interviewed,2026-06-23 01:58
A002816,J0013,C01275,2025-09-04 21:51,0.108,low,51,scorer-v1,rejected,2025-10-03 13:29
A002817,J0031,C00928,2025-10-07 06:50,0.8,good,54,scorer-v1,interviewed,2025-11-06 16:53
A002818,J0043,C00657,2025-11-11 22:37,0.837,good,77,scorer-v1,hired,2025-11-27 00:59
A002819,J0044,C00776,2025-12-11 09:40,0.395,low,45,scorer-v1,hired,2026-01-10 19:27
A002820,J0065,C00931,2026-07-18 18:43,0.609,medium,55,scorer-v2,hired,2026-08-13 03:19
A002821,J0060,C00447,2026-04-30 01:16,0.109,low,52,scorer-v2,rejected,2026-05-07 19:29
A002822,J0030,C00204,2026-02-07 13:37,0.279,low,83,scorer-v1,hired,2026-03-02 13:38
A002823,J0067,C00357,2025-12-29 20:53,0.896,good,93,scorer-v1,interviewed,2026-01-20 12:18
A002824,J0010,C00280,2026-07-08 02:59,0.554,medium,78,scorer-v2,rejected,2026-07-16 23:37
A002825,J0018,C00021,2026-02-28 23:10,0.218,low,69,scorer-v1,hired,2026-03-13 10:47
A002826,J0066,C00564,2026-01-09 19:58,0.706,medium,100,scorer-v1,hired,2026-01-30 18:38
A002827,J0069,C00414,2025-09-30 05:43,0.475,low,25,scorer-v1,rejected,2025-10-10 22:14
A002828,J0023,C00013,2025-09-17 13:44,0.751,medium,85,scorer-v1,interviewed,2025-09-30 17:44
A002829,J0055,C00550,2026-06-19 07:31,0.386,low,43,scorer-v2,rejected,2026-07-02 07:11
A002830,J0027,C00580,2026-02-23 23:34,0.597,medium,53,scorer-v1,interviewed,2026-03-13 19:29
A002831,J0011,C00671,2026-02-18 07:32,0.716,medium,76,scorer-v1,,
A002832,J0053,C00479,2026-01-23 11:15,0.676,medium,67,scorer-v1,rejected,2026-02-01 21:49
A002833,J0080,C00624,2025-12-31 04:41,0.191,low,49,scorer-v1,hired,2026-01-22 16:57
A002834,J0015,C00358,2025-12-27 07:32,0.736,medium,94,scorer-v1,hired,2026-01-14 15:46
A002835,J0018,C01074,2026-04-05 06:07,0.11,low,75,scorer-v2,interviewed,2026-04-21 21:33
A002836,J0004,C00057,2025-09-17 04:59,0.551,medium,62,scorer-v1,interviewed,2025-10-11 20:03
A002837,J0026,C00809,2025-11-11 12:26,0.098,low,50,scorer-v1,rejected,2025-11-29 15:09
A002838,J0010,C00833,2026-04-25 16:26,0.484,low,80,scorer-v2,hired,2026-05-20 15:06
A002839,J0018,C00121,2025-11-15 15:47,0.165,low,71,scorer-v1,interviewed,2025-12-07 09:29
A002840,J0071,C00729,2025-10-31 03:06,0.667,medium,66,scorer-v1,interviewed,2025-11-04 23:12
A002841,J0026,C00855,2026-01-12 16:50,0.118,low,65,scorer-v1,rejected,2026-01-27 22:35
A002842,J0026,C00918,2025-12-06 08:11,0.041,low,28,scorer-v1,rejected,2025-12-29 07:30
A002843,J0075,C01498,2025-10-16 12:15,0.175,low,76,scorer-v1,hired,2025-11-01 17:32
A002844,J0033,C00201,2025-09-03 13:12,0.274,low,37,scorer-v1,interviewed,2025-09-07 07:47
A002845,J0003,C01451,2026-02-02 11:42,0.14,low,71,scorer-v1,rejected,2026-02-20 19:33
A002846,J0017,C00225,2026-03-02 04:22,0.632,medium,47,scorer-v2,interviewed,2026-03-06 03:24
A002847,J0008,C00830,2026-02-08 22:46,0.096,low,52,scorer-v1,hired,2026-02-18 13:17
A002848,J0036,C01017,2026-01-22 04:13,0.046,low,62,scorer-v1,,
A002849,J0048,C00414,2026-05-11 08:44,0.949,good,100,scorer-v2,interviewed,2026-05-23 23:50
A002850,J0033,C01423,2025-09-28 00:28,0.61,medium,66,scorer-v1,interviewed,2025-10-15 09:20
A002851,J0037,C00603,2025-10-12 23:09,0.484,low,57,scorer-v1,interviewed,2025-11-12 01:53
A002852,J0010,C00013,2025-11-14 03:38,0.595,medium,41,scorer-v1,rejected,2025-11-22 22:38
A002853,J0074,C00505,2025-11-19 04:08,0.355,low,37,scorer-v1,rejected,2025-11-24 00:11
A002854,J0080,C00017,2025-12-21 18:26,0.125,low,26,scorer-v1,rejected,2026-01-15 22:13
A002855,J0074,C00585,2025-12-05 14:55,0.486,low,51,scorer-v1,interviewed,2025-12-10 16:27
A002856,J0074,C00540,2026-03-04 14:54,0.762,medium,80,scorer-v2,,
A002857,J0078,C00453,2025-10-08 22:43,0.695,medium,59,scorer-v1,,
A002858,J0030,C00449,2026-04-10 07:56,0.171,low,88,scorer-v2,,
A002859,J0016,C01386,2025-10-01 11:17,0.544,medium,63,scorer-v1,hired,2025-10-09 22:40
A002860,J0060,C01254,2026-06-28 22:02,0.082,low,61,scorer-v2,hired,2026-07-08 05:19
A002861,J0066,C01398,2025-11-18 12:33,0.511,medium,68,scorer-v1,rejected,2025-12-15 04:55
A002862,J0069,C00940,2025-10-31 03:12,0.538,medium,47,scorer-v1,,
A002863,J0075,C00969,2026-05-15 15:29,0.074,low,63,scorer-v2,rejected,2026-06-11 05:29
A002864,J0007,C00914,2025-10-09 18:11,0.529,medium,59,scorer-v1,hired,2025-10-14 10:58
A002865,J0054,C00607,2026-04-02 07:02,0.872,good,91,scorer-v2,hired,2026-04-17 15:36
A002866,J0058,C00159,2026-02-08 16:13,0.504,medium,51,scorer-v1,hired,2026-03-10 23:30
A002867,J0050,C00889,2025-09-17 17:35,0.594,medium,70,scorer-v1,hired,2025-10-16 19:15
A002868,J0005,C01386,2026-07-25 12:12,0.653,medium,77,scorer-v2,rejected,2026-08-15 00:11
A002869,J0040,C00871,2025-09-17 11:17,1.0,good,81,scorer-v1,hired,2025-10-08 10:39
A002870,J0060,C00018,2025-10-09 10:18,0.019,low,37,scorer-v1,rejected,2025-10-27 01:23
A002871,J0064,C00456,2026-04-18 00:47,0.283,low,44,scorer-v2,rejected,2026-05-02 23:04
A002872,J0003,C00925,2026-02-10 23:29,0.167,low,60,scorer-v1,interviewed,2026-03-05 10:29
A002873,J0034,C01043,2026-07-07 13:11,0.935,good,94,scorer-v2,hired,2026-07-23 15:13
A002874,J0068,C00923,2025-10-13 20:00,0.416,low,48,scorer-v1,rejected,2025-11-01 12:02
A002875,J0054,C01294,2026-01-20 18:06,0.681,medium,67,scorer-v1,interviewed,2026-02-20 08:27
A002876,J0070,C00933,2025-10-08 15:14,0.284,low,31,scorer-v1,rejected,2025-10-23 03:55
A002877,J0065,C01132,2026-04-15 23:42,0.83,good,80,scorer-v2,hired,2026-05-14 03:52
A002878,J0054,C01239,2026-06-21 07:34,0.797,medium,77,scorer-v2,rejected,2026-06-29 18:37
A002879,J0036,C01025,2025-11-12 03:37,0.098,low,56,scorer-v1,rejected,2025-12-11 20:44
A002880,J0015,C00855,2026-03-23 12:32,0.406,low,57,scorer-v2,interviewed,2026-04-18 23:42
A002881,J0051,C00033,2025-10-05 11:25,0.099,low,60,scorer-v1,rejected,2025-10-10 16:29
A002882,J0003,C01036,2026-07-20 20:32,0.122,low,59,scorer-v2,rejected,2026-08-16 04:39
A002883,J0065,C01424,2026-03-15 13:29,0.724,medium,79,scorer-v2,interviewed,2026-03-22 23:51
A002884,J0047,C00657,2026-07-10 19:42,0.166,low,74,scorer-v2,rejected,2026-07-22 15:43
A002885,J0001,C00083,2026-06-13 13:39,0.479,low,59,scorer-v2,rejected,2026-06-30 17:44
A002886,J0028,C00388,2025-10-07 21:28,0.347,low,36,scorer-v1,rejected,2025-10-19 13:55
A002887,J0061,C00569,2026-06-28 12:31,0.55,medium,78,scorer-v2,rejected,2026-07-26 18:55
A002888,J0038,C01287,2025-12-05 18:03,0.707,medium,60,scorer-v1,rejected,2025-12-09 12:25
A002889,J0043,C00165,2026-06-24 11:29,0.538,medium,74,scorer-v2,hired,2026-07-05 16:05
A002890,J0011,C01239,2026-03-10 00:42,0.993,good,100,scorer-v2,interviewed,2026-04-05 10:48
A002891,J0019,C01386,2025-11-05 05:37,0.758,medium,65,scorer-v1,rejected,2025-11-24 23:42
A002892,J0008,C00129,2026-05-09 16:03,0.17,low,51,scorer-v2,rejected,2026-05-15 11:39
A002893,J0011,C00959,2025-10-14 14:48,0.601,medium,57,scorer-v1,rejected,2025-11-02 02:12
A002894,J0071,C00562,2026-07-11 01:40,0.642,medium,75,scorer-v2,hired,2026-07-20 00:30
A002895,J0061,C00433,2026-07-01 07:26,0.427,low,58,scorer-v2,hired,2026-07-11 20:57
A002896,J0022,C00894,2026-03-27 10:27,0.605,medium,65,scorer-v2,rejected,2026-04-09 11:35
A002897,J0027,C00681,2026-07-08 03:07,0.619,medium,76,scorer-v2,hired,2026-07-29 08:02
A002898,J0022,C00279,2025-09-22 03:08,0.602,medium,48,scorer-v1,interviewed,2025-10-14 12:42
A002899,J0040,C00462,2026-02-12 15:08,0.672,medium,73,scorer-v1,interviewed,2026-02-16 00:00
A002900,J0010,C00504,2026-04-13 06:59,0.755,medium,64,scorer-v2,interviewed,2026-05-10 09:15
A002901,J0023,C00681,2026-05-09 11:57,0.672,medium,74,scorer-v2,interviewed,2026-06-02 03:13
A002902,J0022,C00666,2026-02-22 13:06,0.421,low,48,scorer-v1,,
A002903,J0072,C01407,2025-10-19 17:43,0.503,medium,71,scorer-v1,rejected,2025-11-16 19:11
A002904,J0008,C01184,2025-10-11 19:31,0.262,low,78,scorer-v1,hired,2025-11-08 22:29
A002905,J0071,C00575,2025-09-05 09:55,0.749,medium,62,scorer-v1,hired,2025-09-20 13:44
A002906,J0055,C01360,2025-10-22 03:48,0.585,medium,62,scorer-v1,,
A002907,J0002,C01420,2025-10-07 07:20,0.557,medium,59,scorer-v1,hired,2025-10-10 10:36
A002908,J0029,C01299,2025-09-14 19:53,0.164,low,42,scorer-v1,rejected,2025-09-23 08:51
A002909,J0071,C00349,2025-09-27 02:22,0.338,low,53,scorer-v1,rejected,2025-10-22 20:28
A002910,J0033,C01005,2026-04-08 19:12,0.944,good,85,scorer-v2,hired,2026-04-19 10:35
A002911,J0033,C00720,2025-11-25 00:32,0.405,low,73,scorer-v1,rejected,2025-12-19 11:12
A002912,J0069,C00710,2025-10-21 07:32,0.537,medium,64,scorer-v1,rejected,2025-11-04 15:43
A002913,J0039,C00411,2026-06-17 01:13,0.615,medium,70,scorer-v2,hired,2026-07-07 14:48
A002914,J0057,C01010,2026-07-03 12:11,0.061,low,36,scorer-v2,rejected,2026-07-24 16:06
A002915,J0059,C00212,2025-09-30 03:17,0.19,low,45,scorer-v1,rejected,2025-10-18 01:52
A002916,J0002,C00910,2025-11-25 07:43,0.649,medium,58,scorer-v1,rejected,2025-11-30 16:14
A002917,J0061,C00410,2026-06-22 18:24,0.081,low,41,scorer-v2,rejected,2026-06-29 20:41
A002918,J0043,C00339,2025-09-21 04:03,0.556,medium,61,scorer-v1,rejected,2025-10-08 08:06
A002919,J0001,C00421,2025-10-21 09:01,0.441,low,58,scorer-v1,rejected,2025-11-09 12:14
A002920,J0006,C00257,2025-10-05 16:40,0.317,low,23,scorer-v1,,
A002921,J0018,C00728,2025-09-13 13:38,0.078,low,61,scorer-v1,hired,2025-10-06 09:39
A002922,J0076,C00550,2026-03-21 03:51,0.323,low,46,scorer-v2,rejected,2026-03-28 11:34
A002923,J0042,C00090,2026-06-13 04:42,0.602,medium,85,scorer-v2,interviewed,2026-06-16 06:19
A002924,J0022,C00666,2025-11-27 11:17,0.696,medium,69,scorer-v1,rejected,2025-12-24 21:07
A002925,J0018,C00332,2025-09-29 15:25,0.134,low,56,scorer-v1,interviewed,2025-10-04 07:04
A002926,J0001,C00887,2026-05-28 09:30,0.639,medium,71,scorer-v2,hired,2026-06-15 18:30
A002927,J0045,C00388,2026-03-06 20:32,0.186,low,86,scorer-v2,hired,2026-03-27 16:08
A002928,J0018,C01232,2025-11-29 15:21,0.148,low,65,scorer-v1,hired,2025-12-07 15:22
A002929,J0078,C00797,2026-02-15 22:08,0.357,low,56,scorer-v1,rejected,2026-03-12 00:02
A002930,J0012,C00761,2025-09-25 09:33,0.25,low,81,scorer-v1,rejected,2025-10-05 16:51
A002931,J0030,C01281,2026-04-03 01:48,0.116,low,43,scorer-v2,rejected,2026-04-16 09:56
A002932,J0046,C01088,2025-09-27 22:56,0.552,medium,70,scorer-v1,,
A002933,J0015,C01382,2025-10-11 18:38,0.547,medium,46,scorer-v1,rejected,2025-11-09 05:00
A002934,J0053,C00264,2026-01-13 13:00,0.312,low,50,scorer-v1,rejected,2026-02-07 21:07
A002935,J0074,C00958,2026-02-26 01:21,0.3,low,53,scorer-v1,rejected,2026-03-05 23:36
A002936,J0038,C00792,2026-05-11 16:24,0.588,medium,65,scorer-v2,hired,2026-05-29 17:18
A002937,J0003,C01127,2026-01-04 22:50,0.101,low,62,scorer-v1,hired,2026-02-02 02:05
A002938,J0026,C00170,2025-11-17 06:54,0.152,low,65,scorer-v1,,
A002939,J0015,C00559,2025-11-10 22:07,0.43,low,33,scorer-v1,rejected,2025-11-26 07:15
A002940,J0069,C01494,2026-07-21 00:30,0.461,low,45,scorer-v2,rejected,2026-08-06 13:11
A002941,J0072,C00237,2026-01-27 16:37,1.0,good,71,scorer-v1,hired,2026-02-10 00:39
A002942,J0080,C00539,2026-03-03 12:30,0.081,low,72,scorer-v2,hired,2026-03-25 16:19
A002943,J0043,C01255,2025-09-16 02:04,0.69,medium,79,scorer-v1,hired,2025-09-20 00:32
A002944,J0031,C00687,2026-04-01 09:14,0.507,medium,64,scorer-v2,hired,2026-04-05 15:54
A002945,J0039,C00082,2026-04-18 19:43,0.616,medium,80,scorer-v2,rejected,2026-04-25 14:44
A002946,J0067,C00931,2026-02-25 14:12,0.655,medium,71,scorer-v1,hired,2026-03-08 14:19
A002947,J0044,C01087,2025-09-09 17:57,0.534,medium,48,scorer-v1,,
A002948,J0018,C00908,2025-12-02 04:14,0.132,low,64,scorer-v1,interviewed,2025-12-27 17:56
A002949,J0013,C00749,2026-03-02 10:31,0.096,low,55,scorer-v2,rejected,2026-03-25 07:57
A002950,J0072,C00972,2026-02-24 12:07,0.538,medium,63,scorer-v1,rejected,2026-03-13 14:30
A002951,J0030,C00869,2026-06-08 19:57,0.136,low,56,scorer-v2,hired,2026-06-16 12:46
A002952,J0033,C00153,2025-09-26 15:27,0.46,low,54,scorer-v1,rejected,2025-10-25 01:01
A002953,J0045,C00433,2026-07-04 14:05,0.057,low,46,scorer-v2,rejected,2026-07-20 14:49
A002954,J0041,C00731,2025-09-05 00:58,0.631,medium,62,scorer-v1,rejected,2025-09-21 17:37
A002955,J0075,C01316,2025-10-03 07:30,0.165,low,53,scorer-v1,hired,2025-10-07 09:11
A002956,J0068,C01149,2026-04-24 02:05,0.22,low,53,scorer-v2,rejected,2026-04-27 12:04
A002957,J0078,C01238,2026-03-08 13:10,0.88,good,79,scorer-v2,hired,2026-04-06 07:08
A002958,J0040,C01113,2026-03-22 18:07,0.28,low,46,scorer-v2,rejected,2026-04-11 20:05
A002959,J0068,C00995,2026-05-04 00:12,0.928,good,75,scorer-v2,hired,2026-06-01 19:27
A002960,J0041,C01054,2026-02-16 09:44,0.592,medium,62,scorer-v1,rejected,2026-03-10 08:30
A002961,J0031,C01329,2025-09-22 13:38,0.781,medium,99,scorer-v1,hired,2025-09-30 14:23
A002962,J0080,C01060,2026-06-14 16:08,0.196,low,65,scorer-v2,hired,2026-07-12 23:30
A002963,J0069,C01211,2026-02-25 22:16,0.404,low,46,scorer-v1,,
A002964,J0025,C00438,2026-04-20 05:17,0.379,low,73,scorer-v2,rejected,2026-05-07 09:28
A002965,J0030,C00892,2025-12-02 01:06,0.214,low,83,scorer-v1,interviewed,2025-12-15 14:29
A002966,J0075,C01407,2026-02-17 23:11,0.163,low,73,scorer-v1,hired,2026-02-22 08:33
A002967,J0008,C00810,2026-06-10 23:22,0.145,low,24,scorer-v2,hired,2026-07-01 00:00
A002968,J0034,C00589,2025-11-13 06:57,0.586,medium,80,scorer-v1,,
A002969,J0052,C00904,2026-06-07 15:23,0.435,low,66,scorer-v2,interviewed,2026-06-14 18:49
A002970,J0073,C00579,2025-11-13 23:51,0.433,low,71,scorer-v1,interviewed,2025-12-11 00:38
A002971,J0010,C01108,2026-05-21 15:12,0.662,medium,61,scorer-v2,rejected,2026-05-28 17:00
A002972,J0066,C00859,2026-04-08 02:33,0.784,medium,87,scorer-v2,hired,2026-04-19 09:17
A002973,J0033,C00627,2026-03-13 23:52,0.515,medium,46,scorer-v2,hired,2026-04-08 02:16
A002974,J0042,C00472,2026-06-25 17:52,0.418,low,58,scorer-v2,interviewed,2026-07-17 03:20
A002975,J0061,C00810,2025-11-22 08:58,0.596,medium,41,scorer-v1,interviewed,2025-12-22 02:07
A002976,J0058,C01215,2025-11-12 06:28,0.47,low,36,scorer-v1,,
A002977,J0002,C01315,2025-11-22 06:56,0.422,low,70,scorer-v1,rejected,2025-12-12 18:36
A002978,J0026,C01405,2026-04-09 09:49,0.046,low,47,scorer-v2,rejected,2026-05-08 22:45
A002979,J0032,C01032,2026-07-26 07:58,0.368,low,77,scorer-v2,rejected,2026-08-26 03:30
A002980,J0002,C01035,2026-03-22 04:22,0.579,medium,66,scorer-v2,interviewed,2026-04-20 16:02
A002981,J0065,C00342,2026-06-08 17:49,0.522,medium,93,scorer-v2,interviewed,2026-07-05 17:58
A002982,J0057,C01208,2025-10-12 10:48,0.138,low,35,scorer-v1,rejected,2025-11-01 21:11
A002983,J0057,C01189,2026-02-03 07:34,0.086,low,36,scorer-v1,rejected,2026-02-14 19:49
A002984,J0020,C01357,2026-03-27 08:41,0.721,medium,79,scorer-v2,interviewed,2026-04-20 23:48
A002985,J0008,C00349,2026-05-29 11:52,0.18,low,95,scorer-v2,hired,2026-06-02 06:58
A002986,J0062,C01490,2025-12-20 04:30,0.145,low,66,scorer-v1,hired,2026-01-02 21:43
A002987,J0049,C00642,2026-01-08 02:38,0.518,medium,64,scorer-v1,rejected,2026-01-24 20:49
A002988,J0053,C00100,2026-05-12 23:53,0.607,medium,78,scorer-v2,hired,2026-05-31 06:55
A002989,J0017,C01009,2026-06-14 11:13,0.614,medium,63,scorer-v2,rejected,2026-06-23 08:36
A002990,J0049,C01398,2026-02-11 08:29,0.667,medium,85,scorer-v1,rejected,2026-03-02 00:16
A002991,J0033,C00300,2026-05-27 17:51,0.422,low,58,scorer-v2,rejected,2026-06-16 01:33
A002992,J0030,C00368,2026-01-19 00:54,0.226,low,100,scorer-v1,interviewed,2026-02-02 12:59
A002993,J0077,C00150,2026-02-25 15:33,0.179,low,53,scorer-v1,hired,2026-03-26 05:58
A002994,J0015,C00034,2026-05-26 13:24,0.58,medium,65,scorer-v2,hired,2026-06-07 15:43
A002995,J0059,C00762,2025-10-26 09:56,0.55,medium,69,scorer-v1,interviewed,2025-11-16 10:40
A002996,J0005,C00241,2026-06-18 00:03,1.0,good,92,scorer-v2,hired,2026-07-07 08:49
A002997,J0027,C01390,2025-10-18 04:55,0.456,low,70,scorer-v1,rejected,2025-10-25 05:02
A002998,J0037,C00410,2026-03-12 16:19,0.28,low,40,scorer-v2,rejected,2026-04-10 16:19
A002999,J0039,C00069,2025-10-30 17:23,0.469,low,46,scorer-v1,rejected,2025-11-13 07:43
A003000,J0062,C00353,2026-04-06 14:52,0.203,low,100,scorer-v2,interviewed,2026-04-14 16:34
A003001,J0022,C01422,2025-09-19 16:20,0.76,medium,83,scorer-v1,interviewed,2025-09-28 04:14
A003002,J0076,C01111,2026-03-09 19:17,0.668,medium,64,scorer-v2,,
A003003,J0066,C00449,2026-04-24 15:51,0.83,good,100,scorer-v2,interviewed,2026-05-15 08:58
A003004,J0064,C00684,2026-02-09 22:26,0.268,low,37,scorer-v1,rejected,2026-02-15 03:04
A003005,J0065,C00959,2026-02-28 19:19,0.387,low,61,scorer-v1,hired,2026-03-05 16:46
A003006,J0041,C00519,2025-10-13 06:03,0.592,medium,66,scorer-v1,hired,2025-11-06 18:25
A003007,J0074,C00258,2025-11-29 05:26,0.509,medium,56,scorer-v1,rejected,2025-12-08 11:34
A003008,J0035,C00656,2025-12-25 20:40,0.317,low,25,scorer-v1,rejected,2026-01-05 13:01
A003009,J0062,C00647,2026-01-13 18:34,0.182,low,83,scorer-v1,interviewed,2026-01-25 01:10
A003010,J0017,C00894,2025-10-14 09:35,0.643,medium,69,scorer-v1,interviewed,2025-11-12 02:31
A003011,J0015,C00418,2026-04-02 10:25,1.0,good,100,scorer-v2,hired,2026-04-18 17:47
A003012,J0018,C01021,2025-10-08 17:46,0.21,low,63,scorer-v1,interviewed,2025-10-22 22:03
A003013,J0066,C01306,2025-10-02 14:36,0.622,medium,74,scorer-v1,hired,2025-10-28 10:17
A003014,J0030,C00508,2026-03-04 15:11,0.205,low,92,scorer-v2,rejected,2026-03-15 07:32
A003015,J0043,C00407,2026-05-19 03:06,0.549,medium,71,scorer-v2,rejected,2026-06-13 10:23
A003016,J0080,C00411,2026-02-18 18:53,0.128,low,44,scorer-v1,interviewed,2026-03-09 11:28
A003017,J0038,C01048,2026-06-20 05:01,0.644,medium,94,scorer-v2,interviewed,2026-07-12 22:22
A003018,J0011,C01457,2026-06-23 14:37,0.74,medium,77,scorer-v2,hired,2026-07-17 04:20
A003019,J0027,C01376,2026-03-07 11:12,0.507,medium,52,scorer-v2,rejected,2026-04-04 04:21
A003020,J0062,C00904,2025-11-30 22:44,0.217,low,50,scorer-v1,rejected,2025-12-17 05:26
A003021,J0031,C00753,2025-09-25 05:16,0.582,medium,92,scorer-v1,,
A003022,J0045,C00524,2026-01-03 20:21,0.244,low,61,scorer-v1,hired,2026-01-14 03:01
A003023,J0032,C01274,2025-11-11 02:56,0.219,low,31,scorer-v1,,
A003024,J0071,C01240,2026-02-26 03:46,0.499,low,51,scorer-v1,interviewed,2026-03-22 03:51
A003025,J0019,C00226,2026-03-17 12:29,0.366,low,64,scorer-v2,rejected,2026-04-16 12:40
A003026,J0011,C00711,2026-01-07 12:55,0.722,medium,100,scorer-v1,interviewed,2026-01-31 14:08
A003027,J0017,C01283,2026-05-16 23:39,0.843,good,100,scorer-v2,interviewed,2026-05-20 18:51
A003028,J0053,C00523,2026-06-24 17:49,0.964,good,83,scorer-v2,interviewed,2026-07-16 14:56
A003029,J0079,C00504,2025-12-08 06:23,0.56,medium,46,scorer-v1,rejected,2025-12-15 17:58
A003030,J0018,C00146,2026-04-12 06:49,0.079,low,65,scorer-v2,hired,2026-05-07 17:19
A003031,J0006,C00274,2026-01-09 20:01,0.448,low,55,scorer-v1,rejected,2026-02-04 15:45
A003032,J0048,C00285,2026-02-24 19:54,0.943,good,89,scorer-v1,hired,2026-03-21 06:24
A003033,J0075,C01301,2026-05-23 13:12,0.053,low,55,scorer-v2,rejected,2026-06-01 10:27
A003034,J0036,C01029,2026-01-28 13:40,0.16,low,75,scorer-v1,rejected,2026-02-23 13:53
A003035,J0041,C01414,2026-02-05 23:45,0.525,medium,73,scorer-v1,,
A003036,J0078,C00831,2025-12-04 11:37,0.652,medium,66,scorer-v1,hired,2025-12-26 09:36
A003037,J0065,C00381,2026-07-23 08:20,0.407,low,64,scorer-v2,rejected,2026-08-02 14:40
A003038,J0075,C00170,2026-07-13 11:09,0.115,low,76,scorer-v2,interviewed,2026-08-03 15:14
A003039,J0050,C00895,2026-05-29 04:23,0.954,good,100,scorer-v2,interviewed,2026-06-06 06:55
A003040,J0005,C01160,2025-11-28 17:42,0.966,good,78,scorer-v1,hired,2025-12-19 11:40
A003041,J0041,C00224,2025-12-22 22:04,0.581,medium,62,scorer-v1,rejected,2025-12-29 04:08
A003042,J0038,C00505,2025-11-02 07:14,0.845,good,100,scorer-v1,interviewed,2025-11-09 01:29
A003043,J0074,C01500,2026-06-17 21:40,0.432,low,67,scorer-v2,rejected,2026-06-21 14:42
A003044,J0024,C01166,2025-12-29 17:32,0.445,low,40,scorer-v1,rejected,2026-01-25 05:19
A003045,J0077,C01168,2025-12-30 05:42,0.217,low,74,scorer-v1,interviewed,2026-01-09 20:45
A003046,J0019,C01238,2026-03-11 19:30,0.575,medium,66,scorer-v2,interviewed,2026-03-29 05:08
A003047,J0042,C01440,2026-02-12 11:10,0.313,low,30,scorer-v1,,
A003048,J0064,C01493,2026-04-02 10:32,0.685,medium,77,scorer-v2,rejected,2026-04-23 07:02
A003049,J0044,C01176,2026-06-30 22:03,0.353,low,42,scorer-v2,rejected,2026-07-08 22:43
A003050,J0006,C00629,2025-10-30 04:32,0.318,low,47,scorer-v1,rejected,2025-11-07 17:26
A003051,J0042,C00615,2025-10-10 11:18,0.692,medium,66,scorer-v1,,
A003052,J0015,C00022,2026-03-22 09:20,0.301,low,39,scorer-v2,,
A003053,J0048,C01341,2026-04-04 12:44,0.253,low,27,scorer-v2,interviewed,2026-04-15 09:59
A003054,J0008,C01197,2025-10-02 00:13,0.114,low,47,scorer-v1,rejected,2025-10-23 19:24
A003055,J0004,C00042,2025-12-28 07:56,0.399,low,56,scorer-v1,hired,2026-01-13 14:09
A003056,J0070,C00954,2026-07-21 02:43,0.788,medium,81,scorer-v2,hired,2026-07-26 05:10
A003057,J0078,C00579,2026-04-09 23:07,0.573,medium,64,scorer-v2,rejected,2026-04-22 20:19
A003058,J0063,C01488,2026-05-03 00:52,0.181,low,66,scorer-v2,rejected,2026-05-26 23:55
A003059,J0050,C01067,2025-11-30 15:27,0.581,medium,44,scorer-v1,rejected,2025-12-07 02:33
A003060,J0075,C01408,2026-06-10 04:44,0.169,low,74,scorer-v2,,
A003061,J0080,C00293,2026-07-23 10:48,0.212,low,92,scorer-v2,rejected,2026-08-23 08:10
A003062,J0038,C01402,2026-03-07 17:58,0.576,medium,72,scorer-v2,interviewed,2026-03-22 11:16
A003063,J0063,C00042,2026-04-28 16:05,0.182,low,89,scorer-v2,interviewed,2026-05-26 04:35
A003064,J0034,C00636,2026-04-03 21:50,0.529,medium,81,scorer-v2,interviewed,2026-04-17 00:51
A003065,J0019,C00680,2025-09-24 23:17,0.64,medium,68,scorer-v1,hired,2025-09-29 06:24
A003066,J0079,C00909,2026-05-24 12:49,0.207,low,33,scorer-v2,rejected,2026-05-28 16:13
A003067,J0013,C00953,2026-02-24 08:15,0.127,low,81,scorer-v1,interviewed,2026-02-27 09:45
A003068,J0077,C00402,2026-06-18 13:07,0.058,low,40,scorer-v2,hired,2026-06-22 21:01
A003069,J0023,C01126,2026-03-14 03:12,0.507,medium,91,scorer-v2,interviewed,2026-03-21 15:15
A003070,J0072,C00925,2025-11-23 17:41,0.925,good,70,scorer-v1,interviewed,2025-12-06 08:56
A003071,J0072,C01007,2025-12-04 19:09,0.407,low,53,scorer-v1,rejected,2025-12-30 08:30
A003072,J0028,C01087,2026-06-01 02:49,0.423,low,61,scorer-v2,rejected,2026-06-16 11:57
A003073,J0011,C01280,2026-04-18 05:40,0.548,medium,63,scorer-v2,hired,2026-04-21 17:19
A003074,J0073,C00294,2025-10-21 07:34,0.657,medium,65,scorer-v1,interviewed,2025-10-26 07:40
A003075,J0009,C00005,2026-04-13 09:48,0.795,medium,83,scorer-v2,hired,2026-04-30 03:26
A003076,J0070,C00498,2025-09-03 19:00,0.488,low,36,scorer-v1,,
A003077,J0055,C00976,2026-04-04 22:40,0.447,low,41,scorer-v2,hired,2026-04-09 22:19
A003078,J0011,C00102,2026-07-20 05:08,0.775,medium,64,scorer-v2,rejected,2026-07-27 03:26
A003079,J0007,C00003,2026-06-05 07:56,0.855,good,94,scorer-v2,,
A003080,J0004,C00552,2026-01-10 07:39,0.611,medium,100,scorer-v1,hired,2026-01-30 05:08
A003081,J0015,C01234,2026-04-29 07:28,0.984,good,100,scorer-v2,hired,2026-05-28 21:57
A003082,J0025,C00993,2025-11-18 03:30,0.314,low,4,scorer-v1,rejected,2025-11-28 00:20
A003083,J0036,C00508,2026-03-17 13:14,0.141,low,69,scorer-v2,rejected,2026-03-27 04:48
A003084,J0054,C00402,2025-11-27 02:26,0.519,medium,49,scorer-v1,interviewed,2025-12-13 11:22
A003085,J0011,C01384,2026-05-07 14:57,0.911,good,100,scorer-v2,hired,2026-05-30 21:51
A003086,J0077,C01145,2026-03-26 01:22,0.101,low,53,scorer-v2,interviewed,2026-04-02 23:33
A003087,J0009,C00493,2026-06-05 09:27,0.704,medium,72,scorer-v2,interviewed,2026-07-05 23:37
A003088,J0046,C00097,2026-04-11 07:43,0.874,good,66,scorer-v2,rejected,2026-04-25 07:52
A003089,J0073,C01437,2026-06-03 20:33,0.55,medium,76,scorer-v2,interviewed,2026-06-13 14:29
A003090,J0025,C00636,2025-09-26 19:16,0.595,medium,60,scorer-v1,hired,2025-10-26 14:00
A003091,J0051,C00270,2025-12-21 10:39,0.118,low,39,scorer-v1,hired,2025-12-29 17:48
A003092,J0056,C00758,2026-04-02 05:02,0.342,low,53,scorer-v2,,
A003093,J0012,C00953,2026-01-24 22:20,0.146,low,70,scorer-v1,hired,2026-02-21 02:59
A003094,J0049,C01453,2025-11-10 06:50,0.5,medium,46,scorer-v1,rejected,2025-11-19 23:44
A003095,J0060,C00671,2026-02-18 04:35,0.179,low,60,scorer-v1,hired,2026-03-02 07:58
A003096,J0022,C01335,2026-01-05 23:29,0.518,medium,52,scorer-v1,rejected,2026-01-10 12:53
A003097,J0051,C00242,2025-10-26 06:03,0.046,low,62,scorer-v1,rejected,2025-11-10 11:10
A003098,J0050,C00265,2026-05-13 02:20,0.42,low,39,scorer-v2,interviewed,2026-05-18 05:43
A003099,J0073,C00686,2026-02-12 00:19,0.501,medium,65,scorer-v1,hired,2026-03-12 00:38
A003100,J0015,C00871,2025-10-28 23:43,0.351,low,30,scorer-v1,rejected,2025-11-03 18:33
A003101,J0007,C01366,2026-03-16 16:55,0.748,medium,57,scorer-v2,hired,2026-03-21 12:07
A003102,J0067,C01065,2026-04-25 13:57,0.468,low,63,scorer-v2,,
A003103,J0019,C00087,2025-12-26 18:23,0.641,medium,66,scorer-v1,rejected,2026-01-14 15:08
A003104,J0008,C00361,2026-06-27 07:23,0.135,low,71,scorer-v2,interviewed,2026-07-18 16:55
A003105,J0068,C00724,2026-06-09 11:14,0.559,medium,83,scorer-v2,hired,2026-06-15 00:27
A003106,J0027,C00707,2026-07-23 12:43,0.487,low,38,scorer-v2,rejected,2026-08-13 16:53
A003107,J0036,C00650,2026-02-10 22:48,0.147,low,64,scorer-v1,interviewed,2026-03-12 01:27
A003108,J0051,C01009,2025-09-10 20:09,0.059,low,32,scorer-v1,rejected,2025-10-10 16:21
A003109,J0076,C00325,2025-12-04 01:01,0.472,low,66,scorer-v1,interviewed,2025-12-09 18:04
A003110,J0036,C00252,2026-06-28 16:09,0.07,low,68,scorer-v2,rejected,2026-07-09 04:12
A003111,J0014,C00497,2025-11-23 06:34,0.303,low,36,scorer-v1,rejected,2025-12-02 16:48
A003112,J0024,C01327,2026-07-09 03:34,0.582,medium,69,scorer-v2,rejected,2026-08-05 23:43
A003113,J0071,C00246,2025-10-02 05:58,0.933,good,96,scorer-v1,,
A003114,J0062,C01230,2025-11-21 02:26,0.167,low,35,scorer-v1,rejected,2025-12-08 11:05
A003115,J0053,C00992,2026-07-10 15:15,0.483,low,68,scorer-v2,rejected,2026-08-08 05:29
A003116,J0052,C00757,2026-06-17 10:18,0.524,medium,65,scorer-v2,hired,2026-07-08 20:24
A003117,J0057,C01368,2025-09-22 06:10,0.192,low,65,scorer-v1,hired,2025-10-08 04:38
A003118,J0001,C00860,2025-11-30 17:42,0.613,medium,78,scorer-v1,interviewed,2025-12-17 20:54
A003119,J0009,C01495,2026-06-09 21:39,0.584,medium,81,scorer-v2,interviewed,2026-06-29 21:49
A003120,J0073,C00831,2025-09-10 13:13,0.619,medium,71,scorer-v1,rejected,2025-09-15 10:42
A003121,J0072,C00089,2026-02-27 09:01,0.706,medium,70,scorer-v1,rejected,2026-03-05 16:20
A003122,J0030,C00525,2026-05-23 13:10,0.08,low,74,scorer-v2,rejected,2026-06-09 02:31
A003123,J0038,C00537,2026-01-05 19:39,0.793,medium,90,scorer-v1,hired,2026-01-27 23:22
A003124,J0035,C01179,2026-04-01 10:37,0.346,low,60,scorer-v2,rejected,2026-04-12 15:14
A003125,J0049,C01489,2025-11-16 18:56,0.43,low,59,scorer-v1,rejected,2025-12-11 06:10
A003126,J0028,C01037,2026-03-27 20:33,0.528,medium,70,scorer-v2,interviewed,2026-04-10 01:47
A003127,J0061,C00144,2026-02-20 04:13,0.634,medium,72,scorer-v1,hired,2026-03-21 01:23
A003128,J0016,C00241,2025-11-22 06:04,0.963,good,81,scorer-v1,hired,2025-12-01 13:29
A003129,J0027,C00250,2026-07-22 02:44,0.615,medium,77,scorer-v2,hired,2026-08-11 13:22
A003130,J0027,C01319,2026-01-17 00:06,0.708,medium,48,scorer-v1,rejected,2026-02-15 01:11
A003131,J0011,C00007,2026-06-17 04:54,0.41,low,59,scorer-v2,rejected,2026-06-29 04:28
A003132,J0040,C00773,2026-06-14 01:02,0.54,medium,59,scorer-v2,interviewed,2026-07-01 23:06
A003133,J0009,C00083,2026-04-18 02:46,0.63,medium,67,scorer-v2,rejected,2026-04-23 14:15
A003134,J0047,C00443,2025-11-19 01:47,0.026,low,51,scorer-v1,rejected,2025-11-24 04:34
A003135,J0007,C01224,2025-11-03 20:54,0.382,low,55,scorer-v1,rejected,2025-11-19 10:04
A003136,J0006,C00281,2026-06-06 19:00,0.642,medium,79,scorer-v2,,
A003137,J0077,C00145,2026-01-05 03:18,0.166,low,69,scorer-v1,rejected,2026-01-31 20:38
A003138,J0064,C01003,2025-11-25 03:11,0.265,low,42,scorer-v1,rejected,2025-12-23 02:12
A003139,J0072,C00035,2025-09-25 22:16,0.588,medium,66,scorer-v1,rejected,2025-10-08 15:00
A003140,J0063,C00786,2025-11-30 20:29,0.066,low,66,scorer-v1,interviewed,2025-12-24 12:01
A003141,J0055,C00201,2026-06-15 14:23,0.45,low,45,scorer-v2,hired,2026-06-18 23:41
A003142,J0048,C00810,2026-03-02 03:37,0.612,medium,58,scorer-v2,rejected,2026-03-27 08:58
A003143,J0039,C00320,2026-02-25 16:41,0.562,medium,57,scorer-v1,rejected,2026-03-27 08:47
A003144,J0062,C00022,2026-04-23 14:23,0.204,low,78,scorer-v2,hired,2026-05-01 09:34
A003145,J0055,C00786,2026-06-13 15:38,0.641,medium,80,scorer-v2,hired,2026-06-18 09:24
A003146,J0001,C00224,2025-10-10 11:33,0.799,medium,77,scorer-v1,rejected,2025-10-29 12:03
A003147,J0073,C00248,2025-09-26 04:44,0.765,medium,70,scorer-v1,interviewed,2025-10-13 02:31
A003148,J0018,C00797,2026-04-15 15:47,0.245,low,79,scorer-v2,hired,2026-05-14 16:42
A003149,J0023,C00725,2026-01-27 06:05,0.392,low,41,scorer-v1,rejected,2026-02-17 22:02
A003150,J0063,C00130,2026-07-18 16:48,0.132,low,69,scorer-v2,rejected,2026-08-16 09:46
A003151,J0019,C00003,2025-10-05 02:29,0.583,medium,78,scorer-v1,interviewed,2025-10-10 23:24
A003152,J0014,C00895,2026-07-08 10:39,0.907,good,100,scorer-v2,hired,2026-07-29 20:23
A003153,J0032,C00599,2025-09-11 04:41,0.477,low,45,scorer-v1,rejected,2025-09-25 10:57
A003154,J0007,C01474,2026-05-05 02:28,0.685,medium,100,scorer-v2,hired,2026-05-11 19:00
A003155,J0035,C01115,2026-05-20 01:32,0.544,medium,79,scorer-v2,rejected,2026-06-05 14:21
A003156,J0010,C00310,2026-04-10 05:00,0.529,medium,61,scorer-v2,rejected,2026-04-24 22:55
A003157,J0015,C01073,2025-10-23 23:09,0.515,medium,46,scorer-v1,hired,2025-11-20 00:56
A003158,J0004,C00859,2025-09-03 01:01,0.6,medium,74,scorer-v1,rejected,2025-09-16 23:04
A003159,J0043,C00032,2025-11-10 23:27,0.408,low,59,scorer-v1,rejected,2025-11-14 21:56
A003160,J0072,C00439,2025-09-04 11:38,0.608,medium,63,scorer-v1,interviewed,2025-09-28 11:45
A003161,J0010,C01262,2026-07-16 23:22,0.594,medium,69,scorer-v2,interviewed,2026-07-23 19:11
A003162,J0076,C00336,2026-05-25 18:42,0.572,medium,66,scorer-v2,hired,2026-06-02 10:35
A003163,J0055,C00136,2026-06-09 20:51,0.156,low,6,scorer-v2,interviewed,2026-06-24 02:41
A003164,J0012,C01113,2026-07-19 18:43,0.101,low,77,scorer-v2,interviewed,2026-08-18 01:52
A003165,J0033,C00843,2026-03-22 21:43,0.875,good,87,scorer-v2,hired,2026-04-22 12:54
A003166,J0051,C01014,2025-11-22 14:01,0.055,low,72,scorer-v1,rejected,2025-12-13 10:33
A003167,J0013,C01475,2025-12-16 08:13,0.098,low,31,scorer-v1,,
A003168,J0054,C01357,2026-05-21 09:11,1.0,good,99,scorer-v2,hired,2026-05-31 12:35
A003169,J0058,C00504,2026-04-11 15:44,0.649,medium,70,scorer-v2,hired,2026-04-18 11:10
A003170,J0020,C01404,2025-11-23 22:01,0.504,medium,57,scorer-v1,rejected,2025-12-09 14:19
A003171,J0074,C00131,2025-12-19 17:02,0.668,medium,100,scorer-v1,hired,2025-12-26 15:25
A003172,J0029,C00533,2025-10-17 20:37,0.485,low,61,scorer-v1,rejected,2025-11-10 01:42
A003173,J0025,C00577,2026-03-15 22:48,0.389,low,40,scorer-v2,interviewed,2026-04-09 05:35
A003174,J0027,C00948,2026-05-08 23:28,0.55,medium,83,scorer-v2,rejected,2026-06-04 05:59
A003175,J0027,C01111,2025-10-08 23:52,0.505,medium,59,scorer-v1,,
A003176,J0042,C00530,2026-07-17 07:51,0.591,medium,56,scorer-v2,hired,2026-07-23 11:42
A003177,J0057,C00385,2026-05-13 18:30,0.064,low,46,scorer-v2,rejected,2026-05-26 13:06
A003178,J0022,C00175,2026-07-25 13:46,0.681,medium,42,scorer-v2,hired,2026-08-09 09:54
A003179,J0075,C00060,2025-10-31 22:28,0.226,low,69,scorer-v1,rejected,2025-11-14 22:31
A003180,J0031,C00604,2026-03-27 06:58,0.467,low,68,scorer-v2,interviewed,2026-03-31 16:40
A003181,J0037,C00268,2026-02-21 15:28,0.42,low,62,scorer-v1,,
A003182,J0020,C01306,2025-12-07 22:43,0.847,good,90,scorer-v1,interviewed,2025-12-22 09:18
A003183,J0036,C00919,2025-09-24 11:14,0.131,low,63,scorer-v1,hired,2025-09-27 16:58
A003184,J0016,C01420,2025-11-12 06:59,0.483,low,55,scorer-v1,rejected,2025-11-25 13:28
A003185,J0018,C01404,2026-02-21 20:47,0.063,low,60,scorer-v1,rejected,2026-03-10 21:34
A003186,J0064,C00556,2026-03-30 08:39,0.658,medium,68,scorer-v2,rejected,2026-04-22 03:33
A003187,J0072,C00896,2026-06-25 15:41,1.0,good,82,scorer-v2,interviewed,2026-07-15 05:34
A003188,J0022,C01125,2026-05-12 22:03,0.48,low,81,scorer-v2,hired,2026-05-17 11:21
A003189,J0030,C00995,2025-12-02 05:45,0.148,low,55,scorer-v1,rejected,2025-12-29 01:04
A003190,J0016,C00251,2026-02-26 17:41,0.848,good,72,scorer-v1,rejected,2026-03-13 02:22
A003191,J0059,C01190,2026-04-22 01:42,0.718,medium,90,scorer-v2,interviewed,2026-05-22 04:56
A003192,J0026,C01265,2026-03-07 10:20,0.082,low,49,scorer-v2,rejected,2026-03-30 21:03
A003193,J0008,C00136,2026-03-24 23:39,0.172,low,77,scorer-v2,rejected,2026-04-13 08:50
A003194,J0062,C00382,2026-02-11 16:47,0.26,low,85,scorer-v1,hired,2026-03-05 04:10
A003195,J0048,C00057,2026-02-18 07:50,0.382,low,23,scorer-v1,interviewed,2026-03-12 23:56
A003196,J0007,C00376,2026-04-24 04:14,0.726,medium,81,scorer-v2,hired,2026-05-11 18:10
A003197,J0065,C01307,2026-07-20 04:45,0.26,low,40,scorer-v2,rejected,2026-07-28 06:58
A003198,J0063,C00300,2026-02-26 09:16,0.183,low,54,scorer-v1,hired,2026-03-14 14:40
A003199,J0070,C00834,2025-10-21 11:01,0.43,low,38,scorer-v1,rejected,2025-11-17 16:15
A003200,J0013,C00952,2025-09-30 02:06,0.135,low,35,scorer-v1,hired,2025-10-15 04:20
A003201,J0005,C01134,2025-11-01 20:53,0.463,low,59,scorer-v1,rejected,2025-11-17 06:35
A003202,J0022,C01364,2026-03-26 12:24,0.548,medium,81,scorer-v2,hired,2026-03-31 08:29
A003203,J0024,C00479,2025-11-14 19:33,0.193,low,10,scorer-v1,rejected,2025-12-07 21:30
A003204,J0033,C01356,2025-09-23 11:26,0.644,medium,48,scorer-v1,hired,2025-10-06 21:56
A003205,J0061,C00652,2026-02-17 19:53,0.533,medium,43,scorer-v1,rejected,2026-03-04 14:44
A003206,J0032,C00341,2025-12-30 04:07,0.841,good,81,scorer-v1,interviewed,2026-01-09 01:48
A003207,J0037,C01168,2026-03-18 02:15,0.446,low,54,scorer-v2,hired,2026-04-07 03:47
A003208,J0012,C00125,2026-02-05 13:19,0.113,low,55,scorer-v1,interviewed,2026-02-26 21:05
A003209,J0003,C00144,2025-09-10 21:56,0.163,low,68,scorer-v1,hired,2025-10-07 23:34
A003210,J0062,C01078,2026-02-26 06:52,0.196,low,56,scorer-v1,rejected,2026-03-15 04:43
A003211,J0049,C00147,2026-04-07 17:03,0.578,medium,51,scorer-v2,rejected,2026-04-25 04:52
A003212,J0052,C01128,2026-04-17 12:21,0.181,low,69,scorer-v2,rejected,2026-05-04 07:46
A003213,J0014,C00629,2026-07-14 04:24,0.302,low,23,scorer-v2,,
A003214,J0025,C00725,2026-04-11 02:34,0.506,medium,42,scorer-v2,rejected,2026-04-27 18:02
A003215,J0051,C01381,2026-06-28 14:34,0.074,low,47,scorer-v2,rejected,2026-07-24 14:15
A003216,J0036,C00137,2026-05-22 02:20,0.122,low,71,scorer-v2,interviewed,2026-05-30 02:04
A003217,J0033,C01191,2025-10-26 16:33,0.522,medium,65,scorer-v1,rejected,2025-11-10 05:34
A003218,J0063,C01337,2025-12-04 05:49,0.124,low,54,scorer-v1,,
A003219,J0008,C01137,2026-02-07 02:11,0.141,low,46,scorer-v1,interviewed,2026-02-25 19:47
A003220,J0072,C00510,2026-03-07 16:44,0.645,medium,82,scorer-v2,rejected,2026-03-27 07:13
A003221,J0034,C01272,2026-01-05 06:23,0.594,medium,81,scorer-v1,interviewed,2026-02-01 03:22
A003222,J0027,C00802,2026-05-30 15:10,0.78,medium,94,scorer-v2,rejected,2026-06-19 15:18
A003223,J0061,C00566,2026-05-20 10:38,0.955,good,100,scorer-v2,interviewed,2026-06-02 00:01
A003224,J0026,C00612,2025-12-02 19:41,0.11,low,23,scorer-v1,rejected,2026-01-01 00:11
A003225,J0067,C01061,2026-03-08 14:47,0.417,low,34,scorer-v2,rejected,2026-03-24 16:44
A003226,J0035,C01086,2026-01-26 08:43,0.721,medium,93,scorer-v1,rejected,2026-02-02 06:48
A003227,J0064,C00174,2026-03-04 04:31,0.833,good,84,scorer-v2,,
A003228,J0059,C01285,2025-09-24 07:48,0.62,medium,67,scorer-v1,interviewed,2025-10-01 07:28
A003229,J0012,C00081,2026-02-13 05:57,0.133,low,66,scorer-v1,rejected,2026-02-25 20:41
A003230,J0004,C00068,2025-10-01 15:43,0.456,low,64,scorer-v1,interviewed,2025-10-13 09:07
A003231,J0017,C00005,2025-12-30 07:17,0.761,medium,62,scorer-v1,hired,2026-01-24 11:40
A003232,J0035,C00465,2026-01-30 09:52,0.545,medium,79,scorer-v1,interviewed,2026-02-22 19:03
A003233,J0028,C01436,2026-03-04 04:22,0.545,medium,58,scorer-v2,rejected,2026-03-07 06:33
A003234,J0004,C01031,2026-03-31 08:49,0.74,medium,87,scorer-v2,interviewed,2026-04-06 00:59
A003235,J0049,C01405,2025-09-14 22:39,0.689,medium,84,scorer-v1,hired,2025-09-23 01:38
A003236,J0016,C00391,2025-11-11 23:56,0.5,medium,58,scorer-v1,rejected,2025-11-16 00:28
A003237,J0057,C00596,2026-02-19 16:34,0.097,low,74,scorer-v1,rejected,2026-03-12 17:06
A003238,J0058,C00548,2026-02-03 11:45,0.406,low,63,scorer-v1,rejected,2026-02-12 15:49
A003239,J0003,C01036,2026-03-27 20:12,0.218,low,74,scorer-v2,rejected,2026-04-25 22:22
A003240,J0030,C00430,2026-06-27 07:41,0.21,low,100,scorer-v2,rejected,2026-07-06 15:05
A003241,J0072,C00688,2025-09-05 21:31,0.694,medium,56,scorer-v1,rejected,2025-09-17 13:19
A003242,J0061,C00921,2026-05-17 09:44,0.91,good,90,scorer-v2,interviewed,2026-06-02 23:42
A003243,J0002,C01385,2026-07-05 08:07,0.928,good,100,scorer-v2,interviewed,2026-07-23 23:29
A003244,J0074,C00052,2025-10-12 02:10,0.233,low,25,scorer-v1,rejected,2025-10-27 21:11
A003245,J0056,C01062,2026-06-08 02:48,0.831,good,74,scorer-v2,rejected,2026-06-17 02:32
A003246,J0029,C00992,2026-01-22 21:23,0.417,low,47,scorer-v1,rejected,2026-02-03 17:39
A003247,J0004,C01492,2026-05-30 23:40,0.9,good,100,scorer-v2,hired,2026-06-17 08:14
A003248,J0002,C00732,2026-05-19 08:39,0.502,medium,69,scorer-v2,hired,2026-06-13 13:32
A003249,J0018,C00989,2025-11-14 04:11,0.072,low,60,scorer-v1,hired,2025-11-25 22:50
A003250,J0040,C00953,2025-11-13 09:53,0.481,low,49,scorer-v1,rejected,2025-12-11 08:32
A003251,J0030,C00507,2025-09-24 11:13,0.118,low,45,scorer-v1,,
A003252,J0061,C00037,2025-10-04 02:14,0.698,medium,74,scorer-v1,,
A003253,J0010,C00472,2026-03-30 12:23,0.372,low,18,scorer-v2,rejected,2026-04-04 03:52
A003254,J0078,C00820,2025-12-10 05:18,0.713,medium,59,scorer-v1,rejected,2025-12-16 17:17
A003255,J0056,C01208,2026-03-15 02:29,0.78,medium,66,scorer-v2,hired,2026-04-11 21:26
A003256,J0069,C00017,2026-03-08 22:49,0.698,medium,99,scorer-v2,interviewed,2026-03-30 06:02
A003257,J0022,C00730,2026-05-07 05:16,0.603,medium,62,scorer-v2,interviewed,2026-05-30 04:44
A003258,J0037,C00363,2025-11-27 07:32,0.524,medium,60,scorer-v1,hired,2025-12-15 00:28
A003259,J0045,C00544,2025-10-21 10:56,0.045,low,42,scorer-v1,rejected,2025-10-27 12:55
A003260,J0002,C00111,2025-11-06 01:47,0.511,medium,63,scorer-v1,interviewed,2025-11-28 23:36
A003261,J0064,C00311,2025-10-08 10:36,0.698,medium,57,scorer-v1,rejected,2025-10-17 03:37
A003262,J0049,C00604,2025-10-12 15:56,0.377,low,43,scorer-v1,rejected,2025-10-28 14:32
A003263,J0057,C00401,2026-05-03 21:16,0.077,low,46,scorer-v2,rejected,2026-05-23 14:35
A003264,J0066,C00721,2025-09-20 16:30,0.664,medium,71,scorer-v1,hired,2025-10-04 17:02
A003265,J0006,C00098,2025-11-21 02:27,0.697,medium,74,scorer-v1,interviewed,2025-12-20 00:56
A003266,J0068,C00757,2026-03-28 01:36,0.645,medium,89,scorer-v2,rejected,2026-04-04 20:42
A003267,J0080,C01008,2026-06-22 16:11,0.153,low,86,scorer-v2,interviewed,2026-07-16 22:15
A003268,J0041,C01196,2025-09-29 22:15,0.855,good,74,scorer-v1,hired,2025-10-09 01:49
A003269,J0055,C01370,2026-01-31 11:53,0.366,low,20,scorer-v1,interviewed,2026-02-19 10:36
A003270,J0027,C00055,2026-02-12 03:47,0.524,medium,32,scorer-v1,hired,2026-03-13 00:42
A003271,J0004,C00993,2025-12-07 23:10,0.476,low,50,scorer-v1,rejected,2026-01-03 10:05
A003272,J0031,C00810,2025-12-05 04:10,0.511,medium,57,scorer-v1,rejected,2025-12-11 22:00
A003273,J0080,C01421,2026-05-20 09:02,0.097,low,61,scorer-v2,rejected,2026-06-17 05:21
A003274,J0076,C00901,2026-02-15 15:49,0.72,medium,77,scorer-v1,hired,2026-03-17 04:32
A003275,J0040,C01251,2026-04-24 05:16,0.405,low,46,scorer-v2,rejected,2026-05-15 17:55
A003276,J0049,C01136,2025-09-03 10:19,0.365,low,58,scorer-v1,interviewed,2025-09-17 18:06
A003277,J0055,C01496,2026-05-26 07:27,0.546,medium,53,scorer-v2,hired,2026-05-30 12:14
A003278,J0074,C01480,2025-12-28 16:07,0.416,low,64,scorer-v1,rejected,2025-12-31 18:03
A003279,J0073,C00579,2026-03-02 05:04,0.58,medium,70,scorer-v2,rejected,2026-03-10 23:54
A003280,J0001,C00564,2026-07-27 10:16,0.439,low,64,scorer-v2,rejected,2026-08-14 17:19
A003281,J0005,C00692,2026-04-16 23:59,0.656,medium,76,scorer-v2,interviewed,2026-05-17 18:24
A003282,J0036,C00667,2026-03-17 13:59,0.192,low,90,scorer-v2,interviewed,2026-04-16 06:28
A003283,J0074,C00238,2026-07-02 23:35,0.648,medium,79,scorer-v2,rejected,2026-07-31 06:42
A003284,J0018,C01242,2026-04-10 17:50,0.158,low,73,scorer-v2,hired,2026-04-28 14:04
A003285,J0045,C00278,2026-05-28 09:07,0.121,low,37,scorer-v2,rejected,2026-06-04 03:11
A003286,J0052,C01403,2026-03-28 21:48,0.855,good,81,scorer-v2,,
A003287,J0057,C00915,2026-01-12 02:06,0.109,low,36,scorer-v1,rejected,2026-01-28 21:08
A003288,J0009,C00068,2026-04-16 18:51,0.52,medium,81,scorer-v2,rejected,2026-05-09 20:57
A003289,J0075,C01270,2025-11-24 14:08,0.193,low,78,scorer-v1,rejected,2025-12-24 05:56
A003290,J0043,C00925,2025-12-09 23:57,0.937,good,81,scorer-v1,interviewed,2026-01-07 16:43
A003291,J0064,C00095,2026-02-09 13:00,0.256,low,23,scorer-v1,rejected,2026-02-13 01:27
A003292,J0047,C01007,2026-07-09 00:30,0.194,low,73,scorer-v2,interviewed,2026-08-04 11:20
A003293,J0017,C00819,2026-03-17 13:21,0.647,medium,60,scorer-v2,hired,2026-04-05 16:47
A003294,J0066,C00781,2026-03-01 18:09,0.437,low,55,scorer-v2,rejected,2026-03-13 02:11
A003295,J0056,C01046,2026-01-14 01:13,0.85,good,99,scorer-v1,interviewed,2026-01-19 17:00
A003296,J0045,C00039,2026-04-28 07:34,0.06,low,43,scorer-v2,rejected,2026-05-07 01:07
A003297,J0026,C00336,2026-07-21 04:51,0.165,low,79,scorer-v2,hired,2026-08-14 04:56
A003298,J0029,C00757,2026-04-12 19:12,0.45,low,52,scorer-v2,rejected,2026-04-25 19:37
A003299,J0047,C01324,2026-04-29 02:35,0.2,low,91,scorer-v2,hired,2026-05-24 13:15
A003300,J0003,C00956,2026-02-22 04:15,0.132,low,64,scorer-v1,interviewed,2026-03-20 19:51
A003301,J0080,C00598,2025-11-01 23:44,0.179,low,100,scorer-v1,hired,2025-11-17 07:35
A003302,J0053,C00726,2026-02-18 03:05,0.921,good,78,scorer-v1,hired,2026-02-23 20:36
A003303,J0080,C00911,2025-10-19 03:41,0.114,low,49,scorer-v1,hired,2025-11-09 12:08
A003304,J0042,C01333,2026-01-16 07:41,0.234,low,41,scorer-v1,rejected,2026-02-06 18:15
A003305,J0077,C01157,2025-12-14 20:38,0.056,low,37,scorer-v1,rejected,2026-01-08 21:45
A003306,J0048,C00204,2026-05-12 08:37,0.574,medium,57,scorer-v2,hired,2026-06-06 20:33
A003307,J0029,C01413,2026-06-09 01:14,0.394,low,74,scorer-v2,rejected,2026-06-24 23:44
A003308,J0012,C00508,2026-03-26 18:43,0.175,low,68,scorer-v2,rejected,2026-04-04 01:36
A003309,J0055,C00413,2026-06-29 04:08,0.535,medium,59,scorer-v2,rejected,2026-07-06 01:45
A003310,J0066,C00323,2026-01-28 12:25,0.716,medium,81,scorer-v1,interviewed,2026-02-10 09:20
A003311,J0039,C00908,2025-12-07 12:24,0.502,medium,56,scorer-v1,hired,2025-12-24 21:48
A003312,J0032,C01022,2025-12-01 18:16,0.401,low,39,scorer-v1,rejected,2025-12-11 01:42
A003313,J0079,C00623,2026-07-25 02:16,0.71,medium,100,scorer-v2,hired,2026-08-20 10:07
A003314,J0072,C00765,2026-03-14 18:37,0.582,medium,73,scorer-v2,,
A003315,J0017,C00963,2026-06-29 16:39,0.456,low,38,scorer-v2,rejected,2026-07-09 08:56
A003316,J0013,C00413,2025-09-14 13:31,0.122,low,30,scorer-v1,rejected,2025-09-26 06:09
A003317,J0029,C00338,2025-09-23 21:17,0.608,medium,61,scorer-v1,interviewed,2025-10-21 00:03
A003318,J0006,C00671,2026-01-03 02:01,0.836,good,84,scorer-v1,hired,2026-01-18 00:21
A003319,J0068,C00169,2025-12-31 19:30,0.671,medium,72,scorer-v1,interviewed,2026-01-27 07:20
A003320,J0014,C00145,2026-01-11 04:15,0.575,medium,74,scorer-v1,rejected,2026-02-09 07:51
A003321,J0027,C00442,2026-01-01 19:40,0.76,medium,83,scorer-v1,interviewed,2026-01-28 17:41
A003322,J0078,C00565,2025-12-22 01:57,0.583,medium,68,scorer-v1,rejected,2026-01-15 05:09
A003323,J0068,C01481,2026-06-29 13:36,0.617,medium,71,scorer-v2,hired,2026-07-25 02:48
A003324,J0032,C01370,2025-12-17 05:16,0.581,medium,58,scorer-v1,interviewed,2026-01-16 12:29
A003325,J0070,C00207,2025-11-02 08:22,0.684,medium,71,scorer-v1,interviewed,2025-11-08 07:19
A003326,J0019,C00160,2026-02-13 06:37,0.511,medium,66,scorer-v1,interviewed,2026-02-22 15:54
A003327,J0028,C01116,2026-06-02 10:23,0.468,low,62,scorer-v2,rejected,2026-06-06 09:11
A003328,J0060,C00879,2026-07-05 23:39,0.171,low,79,scorer-v2,interviewed,2026-07-21 19:35
A003329,J0007,C01366,2025-10-28 16:25,0.594,medium,65,scorer-v1,hired,2025-11-22 20:50
A003330,J0071,C01329,2026-07-01 08:40,0.537,medium,75,scorer-v2,hired,2026-07-11 06:22
A003331,J0020,C00586,2025-12-08 11:29,0.396,low,51,scorer-v1,,
A003332,J0008,C01136,2026-05-11 02:30,0.157,low,77,scorer-v2,rejected,2026-05-31 03:22
A003333,J0071,C00090,2026-01-22 12:58,0.406,low,23,scorer-v1,hired,2026-02-18 00:52
A003334,J0080,C00353,2026-01-18 02:41,0.168,low,85,scorer-v1,interviewed,2026-02-17 00:26
A003335,J0080,C00281,2026-05-05 00:59,0.059,low,38,scorer-v2,,
A003336,J0013,C00687,2026-07-20 07:56,0.09,low,56,scorer-v2,,
A003337,J0043,C00731,2026-05-01 17:26,0.601,medium,75,scorer-v2,interviewed,2026-05-14 14:45
A003338,J0063,C00595,2026-02-10 09:44,0.11,low,48,scorer-v1,rejected,2026-02-20 15:10
A003339,J0061,C01129,2025-11-30 17:49,0.543,medium,72,scorer-v1,rejected,2025-12-29 11:12
A003340,J0021,C01218,2026-03-25 11:37,0.299,low,40,scorer-v2,rejected,2026-04-03 03:42
A003341,J0056,C01459,2026-05-26 01:12,0.521,medium,31,scorer-v2,hired,2026-06-16 23:31
A003342,J0057,C00306,2025-09-03 06:40,0.054,low,23,scorer-v1,,
A003343,J0003,C00383,2025-11-09 14:55,0.174,low,62,scorer-v1,interviewed,2025-12-04 19:41
A003344,J0041,C00912,2025-12-16 23:39,0.523,medium,55,scorer-v1,interviewed,2026-01-01 03:03
A003345,J0018,C00622,2025-11-27 18:18,0.196,low,65,scorer-v1,hired,2025-12-15 01:08
A003346,J0076,C00767,2025-11-17 16:36,0.298,low,25,scorer-v1,rejected,2025-12-04 10:39
A003347,J0024,C00600,2026-04-27 16:44,0.622,medium,58,scorer-v2,rejected,2026-05-26 17:58
A003348,J0065,C00050,2026-06-29 05:14,0.377,low,43,scorer-v2,rejected,2026-07-25 12:51
A003349,J0005,C00703,2025-11-09 10:02,0.324,low,50,scorer-v1,rejected,2025-12-09 13:58
A003350,J0075,C00088,2026-03-08 00:52,0.144,low,71,scorer-v2,rejected,2026-03-22 08:28
A003351,J0021,C00571,2026-07-07 20:03,0.79,medium,92,scorer-v2,,
A003352,J0036,C00089,2026-01-01 05:56,0.167,low,64,scorer-v1,interviewed,2026-01-05 03:12
A003353,J0055,C00459,2026-02-02 13:21,0.551,medium,57,scorer-v1,rejected,2026-03-02 03:46
A003354,J0017,C00396,2025-11-19 09:46,0.271,low,31,scorer-v1,interviewed,2025-12-05 05:24
A003355,J0031,C00575,2025-12-19 08:47,0.601,medium,60,scorer-v1,rejected,2025-12-22 14:42
A003356,J0060,C00514,2025-09-04 01:41,0.204,low,92,scorer-v1,interviewed,2025-09-17 17:36
A003357,J0075,C00268,2026-04-06 21:54,0.152,low,71,scorer-v2,rejected,2026-04-23 08:01
A003358,J0020,C00256,2026-06-16 10:41,0.568,medium,67,scorer-v2,,
A003359,J0063,C00055,2026-06-21 10:30,0.186,low,64,scorer-v2,hired,2026-07-07 14:34
A003360,J0063,C00318,2025-12-10 08:12,0.122,low,78,scorer-v1,rejected,2025-12-19 05:16
A003361,J0037,C01406,2025-10-04 17:57,0.695,medium,51,scorer-v1,interviewed,2025-10-24 02:29
A003362,J0008,C00676,2026-04-01 12:23,0.167,low,88,scorer-v2,rejected,2026-04-29 10:36
A003363,J0024,C01341,2026-04-07 23:11,0.734,medium,48,scorer-v2,hired,2026-05-02 17:27
A003364,J0077,C01344,2026-06-06 20:24,0.241,low,78,scorer-v2,rejected,2026-06-19 14:19
A003365,J0023,C00833,2026-05-31 00:11,0.316,low,50,scorer-v2,hired,2026-06-08 19:48
A003366,J0029,C00919,2026-03-04 22:16,0.596,medium,69,scorer-v2,rejected,2026-03-23 09:37
A003367,J0053,C00962,2025-10-10 02:15,0.74,medium,61,scorer-v1,hired,2025-10-20 01:30
A003368,J0005,C00227,2026-05-19 01:57,0.76,medium,72,scorer-v2,hired,2026-06-08 01:16
A003369,J0075,C01448,2026-05-24 07:27,0.109,low,74,scorer-v2,interviewed,2026-06-22 13:23
A003370,J0048,C00603,2026-04-11 03:47,0.588,medium,78,scorer-v2,rejected,2026-04-30 04:44
A003371,J0077,C01355,2026-03-11 14:24,0.151,low,63,scorer-v2,hired,2026-03-28 10:22
A003372,J0034,C00795,2025-09-13 21:09,0.778,medium,100,scorer-v1,,
A003373,J0029,C00564,2026-05-04 06:24,0.535,medium,73,scorer-v2,hired,2026-05-08 16:20
A003374,J0053,C00241,2026-01-20 11:39,0.833,good,83,scorer-v1,hired,2026-01-27 22:00
A003375,J0007,C00206,2025-09-16 04:30,0.542,medium,58,scorer-v1,,
A003376,J0025,C00858,2026-07-22 01:01,0.45,low,61,scorer-v2,rejected,2026-08-12 17:34
A003377,J0005,C01334,2026-04-19 16:50,0.821,good,74,scorer-v2,,
A003378,J0012,C01091,2026-02-17 10:54,0.135,low,65,scorer-v1,hired,2026-02-27 18:27
A003379,J0057,C00555,2026-05-04 05:51,0.156,low,57,scorer-v2,interviewed,2026-06-01 12:35
A003380,J0077,C00148,2026-02-24 02:38,0.053,low,37,scorer-v1,rejected,2026-03-24 20:47
A003381,J0070,C01338,2025-12-06 07:27,0.667,medium,48,scorer-v1,rejected,2025-12-13 19:42
A003382,J0007,C00781,2026-05-03 13:22,0.462,low,34,scorer-v2,hired,2026-05-31 23:15
A003383,J0063,C00053,2025-12-28 14:34,0.145,low,44,scorer-v1,rejected,2026-01-18 07:32
A003384,J0059,C01081,2025-10-19 06:07,0.766,medium,78,scorer-v1,,
A003385,J0078,C01120,2026-05-19 02:58,0.479,low,75,scorer-v2,hired,2026-05-22 17:30
A003386,J0025,C00658,2025-10-09 19:16,0.755,medium,64,scorer-v1,hired,2025-11-09 16:48
A003387,J0007,C00890,2026-05-21 07:41,0.544,medium,63,scorer-v2,rejected,2026-06-05 07:30
A003388,J0020,C00033,2026-06-13 14:49,0.872,good,100,scorer-v2,hired,2026-07-03 10:51
A003389,J0048,C00634,2026-07-19 12:12,0.605,medium,69,scorer-v2,rejected,2026-07-23 02:31
A003390,J0034,C00319,2026-06-03 09:27,0.734,medium,100,scorer-v2,rejected,2026-06-23 14:55
A003391,J0001,C00771,2026-04-10 16:54,0.767,medium,68,scorer-v2,,
A003392,J0001,C00759,2026-06-02 07:49,0.331,low,57,scorer-v2,rejected,2026-06-18 18:30
A003393,J0018,C00063,2026-02-03 10:28,0.095,low,58,scorer-v1,interviewed,2026-02-15 19:21
A003394,J0041,C00555,2025-10-19 20:52,0.641,medium,73,scorer-v1,hired,2025-11-10 10:26
A003395,J0038,C01321,2026-07-23 09:40,0.626,medium,73,scorer-v2,hired,2026-08-21 00:04
A003396,J0056,C00729,2026-07-15 03:53,0.6,medium,68,scorer-v2,hired,2026-07-26 08:45
A003397,J0033,C00371,2026-01-02 22:58,0.329,low,46,scorer-v1,rejected,2026-01-20 10:30
A003398,J0052,C01054,2026-01-27 03:26,0.633,medium,65,scorer-v1,hired,2026-02-04 10:56
A003399,J0019,C01401,2026-06-21 05:49,0.432,low,77,scorer-v2,rejected,2026-06-24 22:15
A003400,J0029,C00555,2026-03-12 20:25,0.962,good,100,scorer-v2,hired,2026-03-25 06:49
A003401,J0033,C00583,2026-06-01 03:58,0.856,good,90,scorer-v2,hired,2026-06-16 06:56
A003402,J0057,C01340,2026-05-23 04:29,0.1,low,52,scorer-v2,interviewed,2026-05-26 07:54
A003403,J0076,C01181,2025-09-24 20:29,0.454,low,48,scorer-v1,interviewed,2025-10-10 04:14
A003404,J0023,C01256,2026-03-22 20:21,0.317,low,62,scorer-v2,rejected,2026-04-10 01:59
A003405,J0053,C00243,2026-06-09 17:59,0.485,low,86,scorer-v2,interviewed,2026-06-29 22:01
A003406,J0067,C00981,2026-04-05 10:46,0.449,low,76,scorer-v2,rejected,2026-04-19 12:52
A003407,J0010,C00888,2026-04-14 15:39,0.592,medium,62,scorer-v2,rejected,2026-05-07 18:54
A003408,J0052,C00585,2025-11-06 04:25,0.535,medium,52,scorer-v1,rejected,2025-11-14 22:44
A003409,J0026,C00342,2026-05-15 23:06,0.102,low,90,scorer-v2,rejected,2026-06-06 20:49
A003410,J0024,C01479,2026-01-13 02:59,0.576,medium,30,scorer-v1,hired,2026-02-05 18:18
A003411,J0001,C01495,2026-01-13 03:21,0.618,medium,72,scorer-v1,rejected,2026-01-29 08:53
A003412,J0012,C01445,2026-02-14 12:03,0.195,low,71,scorer-v1,interviewed,2026-03-16 06:26
A003413,J0030,C00886,2025-10-04 05:44,0.175,low,52,scorer-v1,rejected,2025-10-24 21:24
A003414,J0038,C00326,2026-03-18 10:49,0.49,low,57,scorer-v2,rejected,2026-03-31 00:21
A003415,J0070,C00953,2025-12-16 06:45,0.61,medium,62,scorer-v1,rejected,2026-01-08 13:45
A003416,J0056,C00848,2026-04-13 18:12,0.751,medium,92,scorer-v2,interviewed,2026-04-25 23:34
A003417,J0013,C00329,2026-05-09 13:58,0.193,low,57,scorer-v2,interviewed,2026-05-22 17:41
A003418,J0052,C00989,2026-01-02 14:02,0.627,medium,56,scorer-v1,rejected,2026-01-29 10:16
A003419,J0039,C01015,2025-11-25 05:53,0.315,low,48,scorer-v1,interviewed,2025-12-02 18:09
A003420,J0067,C00839,2025-11-14 09:51,0.516,medium,63,scorer-v1,rejected,2025-11-21 22:27
A003421,J0023,C00406,2026-03-01 13:38,0.275,low,36,scorer-v2,rejected,2026-03-19 23:53
A003422,J0038,C00608,2025-09-05 20:26,0.636,medium,82,scorer-v1,hired,2025-09-29 16:02
A003423,J0016,C00541,2026-04-13 04:06,0.985,good,86,scorer-v2,interviewed,2026-05-08 09:24
A003424,J0029,C00441,2025-10-21 20:59,0.46,low,57,scorer-v1,interviewed,2025-11-07 10:27
A003425,J0012,C01289,2026-05-08 07:50,0.119,low,65,scorer-v2,rejected,2026-05-28 04:54
A003426,J0066,C00641,2025-09-29 06:47,0.571,medium,54,scorer-v1,hired,2025-10-06 10:48
A003427,J0033,C00827,2025-12-25 11:07,0.553,medium,59,scorer-v1,hired,2026-01-02 10:35
A003428,J0052,C00482,2026-04-23 07:16,0.587,medium,69,scorer-v2,rejected,2026-05-07 03:36
A003429,J0078,C01309,2026-03-24 11:49,0.546,medium,73,scorer-v2,rejected,2026-04-13 11:32
A003430,J0035,C00239,2026-02-26 08:39,0.721,medium,94,scorer-v1,,
A003431,J0041,C00528,2026-03-08 04:52,0.663,medium,79,scorer-v2,hired,2026-03-30 10:38
A003432,J0060,C00802,2026-03-16 05:46,0.202,low,79,scorer-v2,hired,2026-03-29 17:31
A003433,J0014,C00558,2026-05-09 06:42,0.718,medium,83,scorer-v2,interviewed,2026-05-29 07:18
A003434,J0011,C01157,2025-09-16 07:49,0.241,low,1,scorer-v1,rejected,2025-10-10 22:01
A003435,J0039,C01062,2026-04-28 11:14,0.523,medium,89,scorer-v2,rejected,2026-05-26 08:51
A003436,J0002,C00954,2025-10-14 19:09,0.815,good,71,scorer-v1,,
A003437,J0024,C00193,2026-03-16 23:56,0.54,medium,95,scorer-v2,rejected,2026-04-01 03:08
A003438,J0037,C00177,2026-05-10 03:19,0.786,medium,79,scorer-v2,hired,2026-06-07 15:57
A003439,J0013,C01039,2026-06-17 09:41,0.095,low,68,scorer-v2,rejected,2026-06-28 23:17
A003440,J0009,C01190,2026-02-11 23:45,0.444,low,60,scorer-v1,interviewed,2026-03-11 22:24
A003441,J0037,C00591,2025-09-16 08:13,0.545,medium,50,scorer-v1,hired,2025-10-05 21:20
A003442,J0078,C00243,2026-06-20 10:06,0.659,medium,89,scorer-v2,,
A003443,J0022,C00326,2026-03-30 02:15,0.168,low,41,scorer-v2,rejected,2026-04-20 06:32
A003444,J0039,C01325,2026-04-23 21:38,0.499,low,58,scorer-v2,rejected,2026-05-23 22:45
A003445,J0068,C00141,2026-02-18 21:17,0.685,medium,61,scorer-v1,rejected,2026-03-18 01:25
A003446,J0062,C00442,2026-01-21 03:19,0.158,low,81,scorer-v1,interviewed,2026-02-03 03:19
A003447,J0019,C01293,2026-03-27 00:05,0.536,medium,73,scorer-v2,hired,2026-03-30 02:56
A003448,J0054,C00952,2026-06-13 13:08,0.587,medium,75,scorer-v2,hired,2026-06-29 01:15
A003449,J0013,C01108,2026-03-22 10:43,0.083,low,35,scorer-v2,rejected,2026-04-20 23:30
A003450,J0064,C01240,2026-01-01 06:08,0.343,low,57,scorer-v1,hired,2026-01-18 22:15
A003451,J0024,C00457,2026-04-07 14:38,0.248,low,43,scorer-v2,rejected,2026-04-23 04:23
A003452,J0055,C01396,2026-05-28 11:35,0.741,medium,67,scorer-v2,interviewed,2026-06-25 02:09
A003453,J0010,C00331,2026-07-04 08:26,0.529,medium,45,scorer-v2,interviewed,2026-07-22 04:19
A003454,J0003,C01250,2026-06-28 06:58,0.195,low,74,scorer-v2,interviewed,2026-07-06 17:00
A003455,J0014,C00520,2026-03-26 23:45,0.535,medium,65,scorer-v2,interviewed,2026-04-11 00:06
A003456,J0073,C00289,2026-03-23 11:17,0.489,low,73,scorer-v2,hired,2026-03-28 15:40
A003457,J0046,C00351,2026-04-25 09:03,1.0,good,100,scorer-v2,hired,2026-05-20 17:14
A003458,J0026,C00293,2026-02-24 10:26,0.14,low,73,scorer-v1,interviewed,2026-03-01 20:43
A003459,J0041,C00103,2026-03-04 01:16,0.444,low,77,scorer-v2,rejected,2026-03-16 16:25
A003460,J0063,C00150,2025-09-05 19:25,0.151,low,45,scorer-v1,rejected,2025-09-21 09:40
A003461,J0019,C01011,2026-05-13 01:51,0.405,low,70,scorer-v2,interviewed,2026-05-31 00:34
A003462,J0028,C00827,2025-11-02 15:02,0.55,medium,57,scorer-v1,interviewed,2025-11-28 10:19
A003463,J0003,C00289,2026-07-18 08:44,0.194,low,67,scorer-v2,hired,2026-08-12 18:53
A003464,J0044,C00166,2025-12-28 23:21,0.548,medium,40,scorer-v1,rejected,2026-01-09 18:44
A003465,J0059,C01235,2026-03-11 21:59,0.612,medium,66,scorer-v2,hired,2026-03-29 09:31
A003466,J0036,C00564,2026-02-25 16:37,0.098,low,56,scorer-v1,rejected,2026-03-19 14:22
A003467,J0074,C00804,2026-03-13 03:26,1.0,good,100,scorer-v2,interviewed,2026-04-11 06:19
A003468,J0054,C01325,2026-05-05 07:02,0.646,medium,67,scorer-v2,interviewed,2026-05-18 11:10
A003469,J0018,C00769,2026-04-03 05:10,0.242,low,91,scorer-v2,interviewed,2026-04-27 06:00
A003470,J0080,C00255,2025-10-16 07:33,0.0,low,38,scorer-v1,hired,2025-11-14 02:25
A003471,J0054,C00089,2026-01-21 20:31,0.593,medium,49,scorer-v1,rejected,2026-02-01 05:57
A003472,J0073,C01349,2026-04-08 05:57,0.582,medium,81,scorer-v2,hired,2026-04-16 12:57
A003473,J0005,C01293,2025-11-02 20:58,0.697,medium,72,scorer-v1,rejected,2025-12-03 11:09
A003474,J0047,C00296,2026-07-22 20:59,0.22,low,91,scorer-v2,hired,2026-08-07 11:41
A003475,J0026,C01300,2026-05-24 01:35,0.026,low,40,scorer-v2,rejected,2026-06-01 23:41
A003476,J0076,C01073,2025-09-26 11:23,0.724,medium,87,scorer-v1,rejected,2025-09-30 21:30
A003477,J0014,C01222,2025-09-06 07:27,0.398,low,50,scorer-v1,rejected,2025-09-21 23:09
A003478,J0016,C00060,2026-03-02 00:52,0.531,medium,71,scorer-v2,hired,2026-03-15 00:21
A003479,J0042,C00990,2025-09-02 10:01,0.742,medium,80,scorer-v1,hired,2025-09-25 17:51
A003480,J0074,C00102,2025-11-05 21:01,0.462,low,41,scorer-v1,rejected,2025-11-17 06:39
A003481,J0048,C01358,2026-03-12 17:25,0.465,low,63,scorer-v2,rejected,2026-04-09 13:15
A003482,J0026,C00653,2026-03-17 11:45,0.078,low,67,scorer-v2,rejected,2026-04-17 07:34
A003483,J0044,C00882,2026-03-15 01:00,0.278,low,36,scorer-v2,rejected,2026-04-01 04:41
A003484,J0074,C00086,2026-06-24 02:00,0.567,medium,100,scorer-v2,interviewed,2026-06-27 11:06
A003485,J0041,C01007,2026-06-16 10:56,0.723,medium,79,scorer-v2,rejected,2026-06-25 12:12
A003486,J0018,C01192,2025-10-11 21:27,0.092,low,74,scorer-v1,hired,2025-10-21 04:13
A003487,J0030,C00789,2025-12-21 23:00,0.157,low,100,scorer-v1,hired,2025-12-26 07:36
A003488,J0056,C00356,2025-10-02 08:18,0.297,low,25,scorer-v1,rejected,2025-10-14 21:09
A003489,J0041,C00296,2025-11-10 02:43,0.519,medium,65,scorer-v1,interviewed,2025-12-02 18:02
A003490,J0019,C01001,2026-04-16 21:18,0.743,medium,93,scorer-v2,interviewed,2026-04-22 00:45
A003491,J0014,C00674,2026-04-07 16:05,0.552,medium,56,scorer-v2,rejected,2026-04-23 23:57
A003492,J0064,C00549,2025-10-16 20:45,0.27,low,41,scorer-v1,rejected,2025-10-31 23:11
A003493,J0033,C00525,2026-04-06 12:13,0.664,medium,58,scorer-v2,hired,2026-04-28 16:39
A003494,J0056,C00536,2026-02-09 04:34,0.311,low,33,scorer-v1,rejected,2026-03-03 08:38
A003495,J0010,C01494,2026-07-24 00:29,0.659,medium,87,scorer-v2,hired,2026-08-10 01:03
A003496,J0064,C00497,2026-01-01 05:21,0.81,good,84,scorer-v1,hired,2026-01-30 09:54
A003497,J0035,C00394,2026-04-29 22:20,0.45,low,63,scorer-v2,rejected,2026-05-18 03:38
A003498,J0069,C00393,2026-01-24 23:29,0.872,good,99,scorer-v1,hired,2026-02-07 12:34
A003499,J0017,C01171,2026-01-03 01:33,0.622,medium,63,scorer-v1,hired,2026-01-19 09:05
A003500,J0010,C00400,2025-10-03 16:29,0.392,low,38,scorer-v1,rejected,2025-10-10 20:56
A003501,J0063,C01494,2026-05-29 06:06,0.195,low,90,scorer-v2,interviewed,2026-06-15 06:58
A003502,J0033,C01385,2026-05-28 02:31,0.473,low,60,scorer-v2,hired,2026-06-17 19:06
A003503,J0020,C00639,2025-10-17 06:15,0.583,medium,63,scorer-v1,interviewed,2025-11-07 22:37
A003504,J0034,C00552,2026-07-25 05:59,0.593,medium,77,scorer-v2,rejected,2026-08-11 06:47
A003505,J0048,C01244,2026-01-07 03:11,0.493,low,37,scorer-v1,rejected,2026-01-15 12:18
A003506,J0053,C00399,2026-03-15 22:52,0.874,good,82,scorer-v2,interviewed,2026-04-14 03:36
A003507,J0003,C00252,2026-04-15 23:26,0.094,low,72,scorer-v2,interviewed,2026-04-22 21:50
A003508,J0020,C01154,2026-03-29 14:34,0.731,medium,89,scorer-v2,interviewed,2026-04-03 02:01
A003509,J0071,C00359,2025-12-20 06:48,0.337,low,40,scorer-v1,,
A003510,J0051,C00259,2026-02-20 21:40,0.098,low,52,scorer-v1,rejected,2026-03-03 04:58
A003511,J0079,C00661,2025-12-31 06:04,0.316,low,37,scorer-v1,interviewed,2026-01-22 02:41
A003512,J0054,C01391,2026-05-05 09:47,0.641,medium,68,scorer-v2,interviewed,2026-05-19 14:33
A003513,J0008,C01171,2026-04-28 17:02,0.088,low,55,scorer-v2,rejected,2026-05-14 18:54
A003514,J0020,C01317,2025-10-20 23:46,0.636,medium,65,scorer-v1,hired,2025-10-30 02:06
A003515,J0009,C00884,2026-06-07 16:34,1.0,good,86,scorer-v2,hired,2026-07-03 20:14
A003516,J0029,C00516,2026-05-21 19:11,0.476,low,71,scorer-v2,rejected,2026-06-08 12:04
A003517,J0044,C00405,2025-12-21 10:32,0.623,medium,52,scorer-v1,,
A003518,J0017,C00309,2025-11-27 20:57,0.682,medium,67,scorer-v1,hired,2025-12-12 03:48
A003519,J0003,C00091,2026-04-10 03:29,0.154,low,71,scorer-v2,interviewed,2026-04-24 16:01
A003520,J0006,C00873,2025-11-14 02:06,0.452,low,13,scorer-v1,rejected,2025-12-01 02:12
A003521,J0063,C00233,2025-11-27 02:32,0.219,low,86,scorer-v1,hired,2025-12-20 13:44
A003522,J0074,C00235,2026-06-05 12:33,0.375,low,28,scorer-v2,rejected,2026-07-06 07:51
A003523,J0051,C01392,2026-06-22 10:45,0.149,low,62,scorer-v2,rejected,2026-07-20 10:11
A003524,J0059,C01249,2025-09-12 14:28,0.603,medium,59,scorer-v1,interviewed,2025-10-03 19:10
A003525,J0051,C01006,2026-04-15 20:31,0.142,low,41,scorer-v2,interviewed,2026-04-26 18:07
A003526,J0017,C00808,2025-11-04 18:48,0.459,low,33,scorer-v1,hired,2025-11-20 14:39
A003527,J0059,C01140,2026-03-11 08:00,0.634,medium,69,scorer-v2,hired,2026-03-29 20:09
A003528,J0049,C01335,2026-06-01 23:39,0.541,medium,39,scorer-v2,rejected,2026-06-09 20:53
A003529,J0052,C01413,2026-05-14 18:46,1.0,good,94,scorer-v2,interviewed,2026-06-07 18:12
A003530,J0024,C00059,2026-03-12 14:54,0.555,medium,56,scorer-v2,rejected,2026-03-30 14:03
A003531,J0002,C01479,2026-03-21 21:13,0.79,medium,81,scorer-v2,hired,2026-04-05 14:13
A003532,J0033,C00425,2026-06-11 23:31,0.583,medium,51,scorer-v2,rejected,2026-06-15 13:54
A003533,J0001,C01238,2026-03-16 14:52,0.668,medium,75,scorer-v2,hired,2026-04-10 07:07
A003534,J0007,C01000,2026-07-23 12:08,0.467,low,42,scorer-v2,hired,2026-08-06 01:31
A003535,J0073,C00796,2026-06-11 01:47,0.61,medium,74,scorer-v2,interviewed,2026-06-19 23:46
A003536,J0041,C01063,2025-11-15 21:07,0.53,medium,59,scorer-v1,rejected,2025-12-11 19:00
A003537,J0073,C00564,2026-05-07 09:43,0.656,medium,67,scorer-v2,rejected,2026-06-05 16:41
A003538,J0005,C00875,2025-09-15 11:41,0.806,good,80,scorer-v1,,
A003539,J0002,C00176,2026-01-10 20:27,0.546,medium,75,scorer-v1,interviewed,2026-01-22 14:35
A003540,J0044,C00718,2026-06-12 15:41,0.708,medium,71,scorer-v2,hired,2026-07-03 15:32
A003541,J0016,C00955,2026-07-05 07:44,0.633,medium,76,scorer-v2,rejected,2026-07-21 14:30
A003542,J0013,C01277,2025-12-16 04:44,0.119,low,66,scorer-v1,interviewed,2026-01-04 00:51
A003543,J0022,C01050,2026-01-17 10:03,0.622,medium,87,scorer-v1,rejected,2026-02-01 19:11
A003544,J0055,C00282,2026-06-19 11:21,0.564,medium,45,scorer-v2,rejected,2026-07-04 22:01
A003545,J0060,C00150,2026-01-29 10:05,0.2,low,64,scorer-v1,rejected,2026-02-22 20:31
A003546,J0007,C00083,2025-11-11 17:45,0.687,medium,78,scorer-v1,hired,2025-11-24 14:03
A003547,J0042,C01372,2026-02-15 20:05,0.757,medium,91,scorer-v1,interviewed,2026-03-02 17:12
A003548,J0037,C00586,2026-06-09 23:11,0.52,medium,48,scorer-v2,rejected,2026-06-14 20:01
A003549,J0019,C00557,2026-04-11 13:59,0.451,low,74,scorer-v2,rejected,2026-05-08 08:53
A003550,J0070,C00402,2025-10-04 00:16,0.393,low,33,scorer-v1,hired,2025-10-11 12:27
A003551,J0013,C00438,2025-09-02 10:02,0.231,low,67,scorer-v1,hired,2025-10-02 13:51
A003552,J0005,C01469,2026-04-15 06:47,0.793,medium,84,scorer-v2,hired,2026-04-28 10:28
A003553,J0058,C00220,2026-06-09 11:36,0.547,medium,53,scorer-v2,rejected,2026-06-15 19:13
A003554,J0020,C00976,2026-05-14 10:57,0.424,low,70,scorer-v2,rejected,2026-05-29 12:10
A003555,J0065,C01325,2026-03-07 20:42,0.649,medium,74,scorer-v2,rejected,2026-04-03 15:12
A003556,J0055,C01008,2025-09-22 15:24,0.538,medium,89,scorer-v1,hired,2025-10-16 04:26
A003557,J0076,C00684,2026-04-02 07:35,0.54,medium,71,scorer-v2,hired,2026-04-24 09:29
A003558,J0048,C00947,2025-12-29 16:01,0.503,medium,47,scorer-v1,rejected,2026-01-28 06:00
A003559,J0078,C01293,2025-10-21 00:07,0.458,low,69,scorer-v1,rejected,2025-10-25 07:19
A003560,J0040,C00560,2026-04-17 18:10,0.454,low,47,scorer-v2,rejected,2026-04-24 18:31
A003561,J0070,C00908,2026-04-17 01:30,0.748,medium,70,scorer-v2,,
A003562,J0002,C00827,2026-05-17 14:43,0.536,medium,57,scorer-v2,hired,2026-05-22 00:33
A003563,J0064,C00533,2026-02-15 07:38,0.414,low,47,scorer-v1,rejected,2026-02-27 23:13
A003564,J0002,C00627,2025-12-30 13:52,1.0,good,89,scorer-v1,hired,2026-01-05 09:05
A003565,J0079,C01427,2025-11-21 21:33,0.515,medium,62,scorer-v1,rejected,2025-11-28 03:30
A003566,J0026,C00525,2026-07-09 07:21,0.198,low,67,scorer-v2,rejected,2026-08-02 15:46
A003567,J0012,C00298,2026-02-21 17:33,0.191,low,76,scorer-v1,hired,2026-03-04 13:14
A003568,J0051,C01325,2026-06-03 21:51,0.147,low,70,scorer-v2,rejected,2026-06-07 20:00
A003569,J0030,C01305,2026-05-27 07:11,0.024,low,46,scorer-v2,rejected,2026-06-20 07:08
A003570,J0003,C01094,2025-12-03 04:37,0.135,low,67,scorer-v1,hired,2025-12-13 09:55
A003571,J0009,C00792,2026-03-28 16:08,0.362,low,58,scorer-v2,rejected,2026-04-12 17:23
A003572,J0055,C00270,2026-02-09 12:34,0.697,medium,66,scorer-v1,interviewed,2026-03-08 22:00
A003573,J0016,C00354,2025-09-11 15:32,0.87,good,81,scorer-v1,hired,2025-09-25 13:44
A003574,J0002,C00709,2026-07-19 19:02,0.718,medium,95,scorer-v2,hired,2026-08-05 08:16
A003575,J0020,C00794,2026-07-25 01:48,0.355,low,52,scorer-v2,hired,2026-08-02 12:42
A003576,J0017,C00230,2026-01-03 22:50,0.58,medium,74,scorer-v1,rejected,2026-01-14 11:21
A003577,J0018,C01451,2026-03-09 17:58,0.166,low,77,scorer-v2,,
A003578,J0067,C00996,2025-12-30 03:26,0.679,medium,100,scorer-v1,interviewed,2026-01-26 17:08
A003579,J0031,C01130,2026-02-26 10:23,0.87,good,88,scorer-v1,interviewed,2026-03-18 16:40
A003580,J0013,C00147,2026-04-20 06:13,0.083,low,64,scorer-v2,rejected,2026-05-10 14:43
A003581,J0001,C00252,2026-03-31 23:05,0.329,low,69,scorer-v2,rejected,2026-04-28 01:36
A003582,J0017,C00937,2026-01-13 09:16,0.772,medium,75,scorer-v1,interviewed,2026-01-17 05:37
A003583,J0013,C01443,2026-06-14 00:45,0.227,low,78,scorer-v2,rejected,2026-06-20 23:35
A003584,J0072,C01212,2025-10-03 22:23,0.299,low,58,scorer-v1,,
A003585,J0075,C00526,2026-03-23 02:52,0.193,low,86,scorer-v2,hired,2026-03-29 09:01
A003586,J0048,C00983,2026-06-18 06:13,0.292,low,52,scorer-v2,rejected,2026-07-11 04:28
A003587,J0071,C01471,2026-04-16 08:33,0.387,low,49,scorer-v2,rejected,2026-04-23 00:08
A003588,J0009,C00823,2026-01-16 23:57,0.958,good,83,scorer-v1,hired,2026-01-28 02:57
A003589,J0063,C00437,2025-11-13 05:42,0.231,low,92,scorer-v1,hired,2025-11-22 15:30
A003590,J0066,C00939,2025-10-14 10:54,0.616,medium,63,scorer-v1,interviewed,2025-10-24 09:22
A003591,J0043,C00814,2026-02-02 10:53,0.674,medium,59,scorer-v1,rejected,2026-02-07 11:03
A003592,J0055,C01319,2025-12-15 18:45,0.638,medium,82,scorer-v1,,
A003593,J0073,C00622,2026-04-12 17:21,0.483,low,72,scorer-v2,rejected,2026-05-06 03:57
A003594,J0022,C01443,2025-11-14 11:31,0.525,medium,80,scorer-v1,rejected,2025-11-21 15:38
A003595,J0056,C00078,2026-04-01 05:30,0.599,medium,79,scorer-v2,hired,2026-04-07 05:23
A003596,J0067,C00763,2025-09-21 03:06,0.771,medium,71,scorer-v1,interviewed,2025-10-14 23:45
A003597,J0009,C01142,2026-07-13 04:46,0.522,medium,65,scorer-v2,rejected,2026-08-06 11:13
A003598,J0031,C01198,2026-03-13 09:49,0.465,low,67,scorer-v2,hired,2026-03-17 21:25
A003599,J0071,C00280,2026-04-26 08:00,0.407,low,45,scorer-v2,rejected,2026-05-23 03:46
A003600,J0024,C00207,2026-07-03 14:33,0.494,low,59,scorer-v2,rejected,2026-07-12 19:38
A003601,J0046,C00192,2026-05-20 01:14,0.655,medium,70,scorer-v2,hired,2026-06-15 09:20
A003602,J0038,C01480,2026-07-25 22:34,0.352,low,60,scorer-v2,rejected,2026-08-15 01:00
A003603,J0023,C00542,2025-10-21 10:22,0.202,low,42,scorer-v1,rejected,2025-10-24 16:44
A003604,J0025,C00186,2025-12-16 11:06,0.379,low,38,scorer-v1,rejected,2025-12-31 22:32
A003605,J0006,C00822,2025-12-09 12:03,0.426,low,27,scorer-v1,rejected,2025-12-24 14:15
A003606,J0069,C00168,2026-05-21 07:17,1.0,good,100,scorer-v2,hired,2026-06-15 11:10
A003607,J0049,C01069,2026-02-01 23:28,0.362,low,38,scorer-v1,rejected,2026-02-08 16:24
A003608,J0050,C00862,2025-12-08 07:56,0.367,low,39,scorer-v1,rejected,2025-12-15 07:02
A003609,J0052,C00685,2026-01-13 00:04,0.448,low,62,scorer-v1,rejected,2026-02-11 16:05
A003610,J0071,C00899,2026-06-12 07:59,0.214,low,61,scorer-v2,rejected,2026-06-23 14:18
A003611,J0076,C00745,2026-04-19 17:17,0.275,low,85,scorer-v2,,
A003612,J0080,C01141,2026-03-03 04:11,0.138,low,74,scorer-v2,,
A003613,J0013,C00785,2026-07-20 15:39,0.065,low,78,scorer-v2,hired,2026-07-27 21:45
A003614,J0026,C01236,2025-12-12 02:02,0.2,low,66,scorer-v1,hired,2025-12-31 23:16
A003615,J0059,C00511,2026-05-17 21:07,0.476,low,80,scorer-v2,hired,2026-06-01 05:41
A003616,J0015,C00155,2026-04-21 12:01,0.648,medium,66,scorer-v2,rejected,2026-05-01 13:59
A003617,J0017,C00590,2026-04-12 18:08,0.913,good,79,scorer-v2,interviewed,2026-05-11 21:36
A003618,J0063,C01076,2025-09-21 22:15,0.184,low,100,scorer-v1,hired,2025-10-09 18:18
A003619,J0004,C00871,2026-05-17 23:21,0.474,low,74,scorer-v2,rejected,2026-06-12 10:26
A003620,J0051,C01330,2026-04-20 11:21,0.113,low,61,scorer-v2,hired,2026-05-11 16:56
A003621,J0061,C01347,2026-02-25 01:20,0.813,good,100,scorer-v1,hired,2026-03-27 07:58
A003622,J0050,C00786,2025-09-13 01:10,0.456,low,77,scorer-v1,,
A003623,J0068,C00604,2026-04-24 07:42,0.628,medium,65,scorer-v2,hired,2026-05-10 02:30
A003624,J0070,C00419,2026-01-17 12:26,0.886,good,94,scorer-v1,hired,2026-01-20 14:27
A003625,J0046,C01354,2026-07-11 09:15,0.63,medium,69,scorer-v2,rejected,2026-07-22 09:25
A003626,J0040,C00841,2026-02-18 10:30,0.608,medium,45,scorer-v1,rejected,2026-03-11 14:46
A003627,J0017,C01031,2026-06-07 06:58,0.483,low,51,scorer-v2,hired,2026-06-27 04:32
A003628,J0024,C00712,2025-11-09 16:38,0.615,medium,62,scorer-v1,hired,2025-12-08 15:29
A003629,J0079,C01454,2026-03-30 14:23,0.5,medium,70,scorer-v2,rejected,2026-04-05 16:23
A003630,J0045,C01251,2025-09-29 14:33,0.205,low,74,scorer-v1,hired,2025-10-23 07:56
A003631,J0056,C00522,2026-06-14 15:23,0.195,low,32,scorer-v2,rejected,2026-06-30 01:03
A003632,J0012,C01451,2025-11-12 05:49,0.168,low,73,scorer-v1,rejected,2025-12-10 16:12
A003633,J0032,C00804,2026-04-30 10:04,0.622,medium,78,scorer-v2,rejected,2026-05-03 19:49
A003634,J0010,C01332,2025-11-14 12:11,0.463,low,45,scorer-v1,interviewed,2025-11-19 05:02
A003635,J0016,C00294,2026-02-19 18:32,0.804,good,75,scorer-v1,interviewed,2026-03-07 19:52
A003636,J0059,C01316,2025-12-21 11:30,0.545,medium,60,scorer-v1,hired,2025-12-31 02:13
A003637,J0052,C00427,2026-04-08 12:53,0.695,medium,78,scorer-v2,hired,2026-05-03 15:40
A003638,J0079,C00398,2025-12-14 21:55,0.443,low,38,scorer-v1,rejected,2026-01-07 00:52
A003639,J0058,C01295,2026-07-04 03:16,0.981,good,100,scorer-v2,hired,2026-07-22 17:07
A003640,J0063,C00506,2025-11-08 22:43,0.169,low,90,scorer-v1,interviewed,2025-12-04 06:25
A003641,J0064,C00787,2026-03-07 20:18,0.427,low,67,scorer-v2,rejected,2026-03-17 13:32
A003642,J0068,C01217,2026-01-16 06:05,0.488,low,50,scorer-v1,rejected,2026-01-21 13:16
A003643,J0060,C00879,2025-10-11 05:11,0.19,low,98,scorer-v1,hired,2025-10-17 10:47
A003644,J0031,C00142,2025-10-06 05:51,0.756,medium,90,scorer-v1,interviewed,2025-10-16 20:21
A003645,J0049,C01163,2026-04-08 12:32,0.304,low,57,scorer-v2,rejected,2026-04-16 05:30
A003646,J0078,C00108,2026-07-04 22:03,0.448,low,76,scorer-v2,,
A003647,J0002,C00709,2026-06-05 15:07,0.693,medium,88,scorer-v2,interviewed,2026-07-02 02:13
A003648,J0017,C01198,2026-02-17 15:10,0.577,medium,55,scorer-v1,rejected,2026-02-21 09:57
A003649,J0017,C00871,2026-07-20 09:38,0.888,good,97,scorer-v2,hired,2026-08-13 09:59
A003650,J0048,C00030,2026-03-01 03:43,0.83,good,98,scorer-v2,rejected,2026-03-19 19:21
A003651,J0020,C00638,2026-05-24 22:47,0.467,low,61,scorer-v2,interviewed,2026-06-13 19:48
A003652,J0058,C00291,2025-09-11 07:55,0.627,medium,52,scorer-v1,rejected,2025-10-09 08:12
A003653,J0016,C00610,2026-05-10 08:51,0.507,medium,72,scorer-v2,,
A003654,J0019,C00640,2026-03-19 08:42,0.723,medium,81,scorer-v2,interviewed,2026-04-07 16:16
A003655,J0005,C00682,2026-05-07 22:25,0.29,low,67,scorer-v2,,
A003656,J0038,C01304,2026-04-14 05:00,0.591,medium,83,scorer-v2,hired,2026-04-19 15:06
A003657,J0073,C01414,2026-07-07 01:28,0.321,low,60,scorer-v2,,
A003658,J0019,C00121,2026-03-15 01:19,0.519,medium,65,scorer-v2,hired,2026-04-06 18:16
A003659,J0026,C01247,2026-05-19 15:52,0.165,low,77,scorer-v2,interviewed,2026-05-27 07:48
A003660,J0011,C00539,2026-06-14 10:15,0.644,medium,100,scorer-v2,interviewed,2026-06-27 08:30
A003661,J0037,C00238,2026-01-11 15:26,0.467,low,43,scorer-v1,hired,2026-02-09 01:12
A003662,J0056,C01327,2025-12-14 04:01,0.888,good,84,scorer-v1,hired,2025-12-30 14:02
A003663,J0007,C00571,2025-10-28 17:10,0.329,low,57,scorer-v1,hired,2025-11-12 11:18
A003664,J0067,C00861,2026-04-29 14:13,0.679,medium,80,scorer-v2,interviewed,2026-05-24 22:26
A003665,J0079,C00841,2025-09-17 07:53,0.596,medium,60,scorer-v1,rejected,2025-10-08 07:43
A003666,J0001,C00138,2025-09-04 12:59,0.441,low,47,scorer-v1,rejected,2025-09-25 07:35
A003667,J0009,C00757,2026-06-03 03:34,0.383,low,58,scorer-v2,rejected,2026-06-13 18:53
A003668,J0069,C00927,2025-09-23 18:21,0.318,low,51,scorer-v1,rejected,2025-09-26 23:14
A003669,J0039,C01237,2026-04-15 13:17,0.658,medium,77,scorer-v2,rejected,2026-05-04 18:42
A003670,J0044,C01271,2025-11-17 05:54,0.602,medium,57,scorer-v1,,
A003671,J0023,C00704,2026-02-14 13:01,0.24,low,43,scorer-v1,rejected,2026-03-01 17:04
A003672,J0026,C00827,2025-12-09 08:37,0.141,low,44,scorer-v1,hired,2025-12-14 03:55
A003673,J0051,C00115,2025-10-30 05:47,0.161,low,74,scorer-v1,interviewed,2025-11-09 01:31
A003674,J0026,C00655,2026-02-03 05:28,0.146,low,69,scorer-v1,interviewed,2026-03-02 23:15
A003675,J0031,C00707,2025-11-17 09:44,0.654,medium,74,scorer-v1,interviewed,2025-11-25 13:49
A003676,J0066,C00524,2025-12-13 08:15,0.335,low,22,scorer-v1,rejected,2025-12-31 15:07
A003677,J0059,C00184,2026-05-06 22:29,0.398,low,67,scorer-v2,rejected,2026-06-05 13:16
A003678,J0052,C01451,2025-09-15 13:23,0.618,medium,73,scorer-v1,rejected,2025-10-07 21:02
A003679,J0023,C00416,2025-09-21 06:53,0.565,medium,53,scorer-v1,interviewed,2025-10-04 03:02
A003680,J0003,C01036,2025-11-12 21:26,0.107,low,66,scorer-v1,rejected,2025-11-16 09:45
A003681,J0013,C00026,2025-10-15 10:16,0.144,low,86,scorer-v1,hired,2025-11-10 13:41
A003682,J0073,C01328,2026-07-27 01:49,0.633,medium,80,scorer-v2,hired,2026-08-18 21:08
A003683,J0034,C00978,2026-07-08 23:47,0.634,medium,78,scorer-v2,,
A003684,J0030,C00410,2026-02-02 13:13,0.091,low,29,scorer-v1,rejected,2026-03-03 15:04
A003685,J0045,C00586,2026-07-08 10:21,0.171,low,85,scorer-v2,hired,2026-07-18 20:07
A003686,J0053,C00439,2026-04-19 08:07,0.5,medium,65,scorer-v2,rejected,2026-04-29 11:35
A003687,J0064,C00845,2026-01-10 06:51,0.518,medium,30,scorer-v1,rejected,2026-01-29 06:31
A003688,J0029,C00948,2026-01-26 21:29,0.506,medium,67,scorer-v1,rejected,2026-02-19 17:04
A003689,J0006,C00672,2025-12-26 00:57,0.432,low,53,scorer-v1,rejected,2026-01-01 13:18
A003690,J0030,C01320,2025-11-04 15:30,0.048,low,77,scorer-v1,,
A003691,J0051,C00481,2026-02-19 23:36,0.179,low,60,scorer-v1,interviewed,2026-03-01 15:46
A003692,J0016,C01013,2026-06-07 15:30,0.616,medium,78,scorer-v2,rejected,2026-07-03 18:22
A003693,J0027,C01283,2025-11-13 02:53,0.94,good,80,scorer-v1,,
A003694,J0014,C01483,2025-09-14 19:28,0.992,good,100,scorer-v1,hired,2025-10-03 21:18
A003695,J0069,C00191,2025-11-06 19:36,0.283,low,26,scorer-v1,,
A003696,J0065,C00226,2026-04-30 11:37,0.758,medium,100,scorer-v2,interviewed,2026-05-16 16:13
A003697,J0018,C01380,2026-01-01 09:11,0.149,low,76,scorer-v1,hired,2026-01-24 03:56
A003698,J0033,C01100,2025-12-07 23:37,0.35,low,57,scorer-v1,interviewed,2026-01-03 18:14
A003699,J0002,C00326,2025-10-05 11:24,0.737,medium,79,scorer-v1,hired,2025-10-18 20:30
A003700,J0002,C00475,2025-12-14 20:04,1.0,good,92,scorer-v1,hired,2026-01-14 04:00
A003701,J0067,C01478,2026-06-09 21:43,0.365,low,66,scorer-v2,rejected,2026-07-03 17:54
A003702,J0068,C00302,2026-07-18 13:51,0.596,medium,57,scorer-v2,interviewed,2026-08-07 02:37
A003703,J0054,C00447,2026-06-11 00:17,0.989,good,100,scorer-v2,hired,2026-06-16 01:45
A003704,J0020,C00246,2026-02-22 00:17,0.509,medium,39,scorer-v1,,
A003705,J0055,C01374,2026-07-22 15:44,0.74,medium,85,scorer-v2,hired,2026-08-18 17:22
A003706,J0059,C00746,2025-12-05 07:11,0.632,medium,67,scorer-v1,hired,2025-12-24 05:46
A003707,J0009,C00106,2026-01-30 22:00,0.654,medium,73,scorer-v1,interviewed,2026-02-16 08:33
A003708,J0053,C00407,2026-05-15 08:04,0.715,medium,83,scorer-v2,hired,2026-06-05 01:55
A003709,J0001,C01264,2025-11-16 07:54,0.443,low,63,scorer-v1,rejected,2025-11-29 00:42
A003710,J0006,C00411,2026-07-06 11:13,0.465,low,30,scorer-v2,rejected,2026-07-18 21:53
A003711,J0076,C00001,2026-06-27 01:17,0.414,low,80,scorer-v2,,
A003712,J0018,C01091,2026-01-22 17:12,0.205,low,70,scorer-v1,rejected,2026-02-08 20:05
A003713,J0073,C00084,2025-12-25 16:11,0.557,medium,64,scorer-v1,rejected,2026-01-20 16:38
A003714,J0052,C00021,2026-01-18 23:43,0.419,low,59,scorer-v1,interviewed,2026-01-26 22:40
A003715,J0010,C00263,2026-06-03 03:02,0.873,good,92,scorer-v2,hired,2026-06-25 02:32
A003716,J0076,C00368,2025-12-21 17:21,0.754,medium,90,scorer-v1,hired,2026-01-02 07:44
A003717,J0019,C01257,2026-05-21 07:59,0.61,medium,78,scorer-v2,rejected,2026-06-18 11:15
A003718,J0070,C01104,2025-12-11 22:59,0.843,good,94,scorer-v1,interviewed,2026-01-11 21:21
A003719,J0034,C00790,2026-04-20 09:11,0.641,medium,100,scorer-v2,rejected,2026-05-14 23:08
A003720,J0015,C01379,2026-02-05 23:46,0.717,medium,74,scorer-v1,interviewed,2026-03-06 20:00
A003721,J0070,C00092,2026-05-19 21:39,0.703,medium,100,scorer-v2,,
A003722,J0016,C00529,2026-04-30 18:55,0.63,medium,65,scorer-v2,hired,2026-05-19 01:14
A003723,J0018,C01212,2026-02-10 07:47,0.198,low,68,scorer-v1,interviewed,2026-02-20 01:16
A003724,J0062,C00025,2026-05-23 07:37,0.165,low,87,scorer-v2,rejected,2026-06-04 12:05
A003725,J0038,C00999,2025-10-09 21:45,0.698,medium,61,scorer-v1,interviewed,2025-10-16 16:06
A003726,J0003,C00217,2026-05-21 20:04,0.134,low,73,scorer-v2,hired,2026-05-25 12:51
A003727,J0067,C01354,2025-11-27 12:25,0.545,medium,47,scorer-v1,rejected,2025-12-18 05:19
A003728,J0001,C01236,2025-10-01 19:10,0.434,low,68,scorer-v1,hired,2025-10-06 18:11
A003729,J0057,C01356,2025-12-17 11:43,0.102,low,48,scorer-v1,rejected,2025-12-27 15:49
A003730,J0074,C00689,2026-02-12 19:44,0.47,low,38,scorer-v1,hired,2026-02-21 16:14
A003731,J0032,C00190,2025-10-24 03:29,0.335,low,40,scorer-v1,hired,2025-11-12 05:21
A003732,J0021,C00202,2025-11-16 15:25,0.125,low,34,scorer-v1,rejected,2025-12-03 19:27
A003733,J0037,C00671,2026-03-09 20:22,0.52,medium,75,scorer-v2,interviewed,2026-04-07 13:31
A003734,J0027,C01137,2025-10-05 19:39,0.45,low,64,scorer-v1,hired,2025-10-13 11:01
A003735,J0056,C00771,2025-09-06 15:03,0.659,medium,71,scorer-v1,rejected,2025-09-17 15:29
A003736,J0019,C00574,2026-01-03 17:57,0.616,medium,69,scorer-v1,interviewed,2026-01-25 23:56
A003737,J0048,C00129,2025-10-13 15:32,0.417,low,54,scorer-v1,rejected,2025-11-06 10:26
A003738,J0009,C00108,2026-05-27 07:53,0.606,medium,79,scorer-v2,rejected,2026-06-04 23:01
A003739,J0033,C01489,2025-11-30 09:57,0.475,low,47,scorer-v1,,
A003740,J0033,C00369,2026-07-27 05:06,0.728,medium,83,scorer-v2,rejected,2026-08-22 22:13
A003741,J0030,C00312,2026-01-31 05:06,0.195,low,77,scorer-v1,hired,2026-02-03 11:44
A003742,J0015,C01462,2026-03-23 09:45,0.797,medium,100,scorer-v2,interviewed,2026-04-01 08:49
A003743,J0056,C00404,2026-04-21 13:55,0.75,medium,73,scorer-v2,hired,2026-04-30 11:52
A003744,J0069,C01262,2026-05-20 17:47,0.324,low,39,scorer-v2,rejected,2026-06-03 12:05
A003745,J0032,C00476,2026-04-24 00:35,0.791,medium,76,scorer-v2,interviewed,2026-05-12 01:02
A003746,J0034,C00694,2025-12-20 06:45,0.319,low,35,scorer-v1,rejected,2025-12-27 05:39
A003747,J0042,C00974,2026-03-17 03:05,0.588,medium,65,scorer-v2,interviewed,2026-03-30 03:37
A003748,J0023,C00521,2025-10-13 07:08,0.338,low,59,scorer-v1,rejected,2025-11-11 01:59
A003749,J0026,C00831,2025-12-06 22:48,0.173,low,61,scorer-v1,interviewed,2025-12-12 08:25
A003750,J0075,C00160,2026-05-05 22:34,0.016,low,58,scorer-v2,rejected,2026-05-15 00:45
A003751,J0018,C01451,2026-06-04 05:49,0.198,low,74,scorer-v2,rejected,2026-06-21 08:45
A003752,J0052,C00622,2026-03-10 09:53,0.683,medium,83,scorer-v2,hired,2026-03-23 10:18
A003753,J0012,C01214,2026-04-05 11:00,0.175,low,70,scorer-v2,rejected,2026-04-15 13:12
A003754,J0029,C00565,2026-07-25 02:36,0.431,low,60,scorer-v2,rejected,2026-08-06 20:02
A003755,J0009,C01278,2026-03-07 09:30,0.366,low,63,scorer-v2,interviewed,2026-03-17 23:41
A003756,J0080,C01149,2025-11-13 07:49,0.128,low,89,scorer-v1,,
A003757,J0036,C00910,2026-05-22 21:50,0.167,low,68,scorer-v2,rejected,2026-06-04 08:52
A003758,J0020,C00270,2026-03-17 05:41,0.387,low,43,scorer-v2,rejected,2026-04-01 01:30
A003759,J0027,C00229,2026-02-13 00:26,0.744,medium,66,scorer-v1,rejected,2026-03-12 04:39
A003760,J0078,C00341,2025-11-02 10:05,0.486,low,59,scorer-v1,rejected,2025-11-28 20:47
A003761,J0041,C01417,2025-09-08 18:14,0.446,low,60,scorer-v1,rejected,2025-09-24 06:18
A003762,J0035,C00579,2026-03-15 21:58,0.647,medium,54,scorer-v2,,
A003763,J0013,C01073,2026-07-23 06:41,0.06,low,23,scorer-v2,rejected,2026-08-01 11:25
A003764,J0077,C00653,2026-02-21 07:56,0.116,low,59,scorer-v1,rejected,2026-03-23 21:05
A003765,J0077,C01340,2026-01-04 04:34,0.141,low,42,scorer-v1,rejected,2026-01-21 17:51
A003766,J0066,C01329,2025-09-21 13:01,0.811,good,80,scorer-v1,hired,2025-09-24 14:24
A003767,J0006,C00828,2026-04-25 15:59,0.586,medium,54,scorer-v2,rejected,2026-05-04 06:32
A003768,J0052,C00439,2025-09-28 01:35,0.646,medium,63,scorer-v1,rejected,2025-10-22 10:11
A003769,J0042,C01348,2026-07-14 04:34,0.632,medium,91,scorer-v2,hired,2026-07-22 21:16
A003770,J0021,C00648,2026-04-04 05:19,0.405,low,55,scorer-v2,rejected,2026-04-30 17:55
A003771,J0013,C00852,2025-10-21 21:35,0.22,low,77,scorer-v1,interviewed,2025-11-20 20:36
A003772,J0036,C00760,2026-02-16 12:13,0.182,low,66,scorer-v1,rejected,2026-03-15 19:41
A003773,J0043,C00534,2025-12-08 08:36,0.31,low,63,scorer-v1,rejected,2025-12-21 05:58
A003774,J0034,C00451,2026-06-04 04:40,0.327,low,61,scorer-v2,interviewed,2026-06-15 07:07
A003775,J0013,C01484,2026-04-27 00:55,0.124,low,73,scorer-v2,rejected,2026-05-15 07:55
A003776,J0018,C00428,2025-10-04 19:43,0.111,low,67,scorer-v1,rejected,2025-10-25 02:06
A003777,J0077,C00792,2025-10-18 16:51,0.149,low,40,scorer-v1,rejected,2025-11-06 02:21
A003778,J0071,C00799,2026-01-28 07:48,0.358,low,26,scorer-v1,rejected,2026-02-15 01:27
A003779,J0013,C00632,2026-02-05 19:54,0.275,low,90,scorer-v1,interviewed,2026-02-18 18:00
A003780,J0018,C01298,2026-07-23 00:54,0.145,low,74,scorer-v2,,
A003781,J0013,C01398,2026-07-19 01:46,0.135,low,76,scorer-v2,rejected,2026-07-25 23:45
A003782,J0012,C01407,2025-12-22 15:06,0.157,low,76,scorer-v1,rejected,2026-01-19 04:20
A003783,J0072,C00955,2026-03-28 19:02,0.497,low,75,scorer-v2,rejected,2026-03-31 19:54
A003784,J0031,C00754,2026-03-18 07:23,0.524,medium,61,scorer-v2,rejected,2026-04-16 07:49
A003785,J0063,C00210,2026-03-04 19:25,0.158,low,64,scorer-v2,hired,2026-03-26 12:37
A003786,J0076,C01251,2025-09-09 15:31,0.666,medium,60,scorer-v1,,
A003787,J0043,C00849,2025-11-13 01:33,0.459,low,55,scorer-v1,hired,2025-12-10 00:59
A003788,J0005,C00511,2026-07-11 05:10,0.433,low,76,scorer-v2,interviewed,2026-07-28 16:12
A003789,J0058,C00806,2026-06-01 06:18,0.916,good,93,scorer-v2,,
A003790,J0041,C01053,2026-01-01 18:09,0.498,low,69,scorer-v1,rejected,2026-01-15 08:07
A003791,J0054,C00686,2026-05-09 02:59,0.36,low,65,scorer-v2,rejected,2026-05-24 11:40
A003792,J0009,C00944,2026-06-18 15:54,0.371,low,65,scorer-v2,rejected,2026-07-14 06:34
A003793,J0066,C00675,2026-03-14 07:36,0.604,medium,61,scorer-v2,interviewed,2026-04-03 01:50
A003794,J0023,C01072,2026-02-01 00:13,0.546,medium,30,scorer-v1,rejected,2026-02-27 23:49
A003795,J0066,C00245,2026-01-31 23:26,0.438,low,50,scorer-v1,rejected,2026-02-16 04:55
A003796,J0064,C01358,2026-01-21 19:42,0.663,medium,45,scorer-v1,rejected,2026-01-26 19:51
A003797,J0020,C00616,2026-04-13 03:06,0.737,medium,75,scorer-v2,hired,2026-04-24 03:26
A003798,J0023,C00983,2026-02-23 10:18,0.556,medium,73,scorer-v1,interviewed,2026-03-16 15:04
A003799,J0049,C01343,2025-10-08 14:59,0.652,medium,76,scorer-v1,rejected,2025-10-15 14:14
A003800,J0009,C00751,2026-03-14 05:37,0.503,medium,69,scorer-v2,rejected,2026-03-30 20:11
A003801,J0078,C00783,2026-03-27 23:39,0.555,medium,82,scorer-v2,interviewed,2026-04-26 19:44
A003802,J0037,C01387,2025-11-25 12:22,0.584,medium,24,scorer-v1,hired,2025-12-17 16:18
A003803,J0022,C00476,2026-03-30 07:31,0.54,medium,58,scorer-v2,hired,2026-04-12 13:40
A003804,J0078,C01172,2025-12-03 18:38,0.259,low,51,scorer-v1,interviewed,2025-12-26 02:42
A003805,J0054,C00208,2026-05-23 21:25,0.389,low,56,scorer-v2,hired,2026-06-21 15:53
A003806,J0066,C00638,2026-06-09 13:41,0.683,medium,72,scorer-v2,interviewed,2026-06-21 10:53
A003807,J0074,C01183,2025-10-30 18:11,0.474,low,53,scorer-v1,,
A003808,J0050,C00997,2025-10-27 09:43,0.582,medium,47,scorer-v1,rejected,2025-11-25 15:19
A003809,J0038,C00457,2026-06-03 08:20,0.54,medium,60,scorer-v2,rejected,2026-06-06 23:26
A003810,J0018,C00167,2025-09-20 15:15,0.236,low,77,scorer-v1,rejected,2025-09-25 16:20
A003811,J0029,C01117,2025-10-20 04:43,0.883,good,83,scorer-v1,interviewed,2025-10-31 01:24
A003812,J0048,C00774,2025-12-28 17:56,0.891,good,68,scorer-v1,hired,2026-01-16 21:35
A003813,J0042,C00575,2026-06-26 10:39,0.892,good,71,scorer-v2,interviewed,2026-07-02 08:59
A003814,J0049,C00595,2025-11-15 17:08,0.897,good,81,scorer-v1,interviewed,2025-12-02 02:16
A003815,J0080,C01104,2026-04-02 02:33,0.145,low,49,scorer-v2,hired,2026-04-16 11:41
A003816,J0022,C01456,2025-12-25 02:52,0.578,medium,54,scorer-v1,interviewed,2026-01-21 01:04
A003817,J0011,C00318,2025-10-11 08:22,0.502,medium,71,scorer-v1,rejected,2025-10-23 16:03
A003818,J0068,C01153,2026-04-01 10:38,0.678,medium,82,scorer-v2,hired,2026-04-25 07:28
A003819,J0019,C01096,2025-10-24 20:06,0.297,low,53,scorer-v1,rejected,2025-11-09 06:57
A003820,J0046,C00846,2026-04-05 12:52,0.553,medium,53,scorer-v2,interviewed,2026-04-27 03:28
A003821,J0069,C00589,2025-10-03 23:34,0.532,medium,75,scorer-v1,rejected,2025-11-02 22:10
A003822,J0069,C00205,2025-09-16 08:17,0.526,medium,48,scorer-v1,rejected,2025-09-23 02:10
A003823,J0040,C00020,2025-09-08 04:35,0.463,low,26,scorer-v1,rejected,2025-09-30 07:23
A003824,J0029,C00731,2026-03-12 10:03,0.26,low,65,scorer-v2,rejected,2026-03-23 18:10
A003825,J0067,C00219,2025-11-29 13:45,0.924,good,93,scorer-v1,interviewed,2025-12-27 05:47
A003826,J0036,C00336,2026-07-12 03:39,0.165,low,65,scorer-v2,rejected,2026-07-19 09:35
A003827,J0023,C00182,2026-03-02 17:45,0.868,good,80,scorer-v2,,
A003828,J0030,C01039,2026-07-14 13:04,0.09,low,46,scorer-v2,rejected,2026-07-19 14:22
A003829,J0016,C00426,2025-11-16 18:22,0.579,medium,64,scorer-v1,hired,2025-12-17 09:30
A003830,J0054,C00608,2026-04-28 05:34,0.877,good,94,scorer-v2,hired,2026-05-25 08:33
A003831,J0080,C00893,2026-05-09 14:49,0.1,low,45,scorer-v2,rejected,2026-06-05 10:42
A003832,J0005,C01169,2026-05-13 01:46,0.651,medium,74,scorer-v2,rejected,2026-06-06 10:45
A003833,J0032,C00804,2026-07-09 16:59,0.737,medium,54,scorer-v2,hired,2026-08-08 22:41
A003834,J0064,C01490,2025-12-17 00:49,0.167,low,39,scorer-v1,rejected,2026-01-05 06:11
A003835,J0064,C01157,2026-01-17 17:49,0.28,low,28,scorer-v1,rejected,2026-01-21 04:12
A003836,J0051,C01214,2026-02-23 14:06,0.222,low,65,scorer-v1,rejected,2026-03-17 18:30
A003837,J0005,C01099,2025-09-19 12:38,0.662,medium,71,scorer-v1,interviewed,2025-10-11 11:09
A003838,J0046,C00907,2026-06-16 00:43,0.301,low,30,scorer-v2,hired,2026-07-06 03:05
A003839,J0051,C00305,2026-02-06 07:07,0.153,low,68,scorer-v1,rejected,2026-02-18 09:29
A003840,J0035,C00362,2026-06-02 03:29,0.672,medium,66,scorer-v2,rejected,2026-06-06 07:07
A003841,J0078,C00182,2026-05-31 20:44,0.813,good,91,scorer-v2,hired,2026-06-28 11:29
A003842,J0046,C00698,2025-12-08 16:00,0.522,medium,45,scorer-v1,rejected,2025-12-25 11:42
A003843,J0017,C00707,2026-06-24 22:35,0.452,low,36,scorer-v2,rejected,2026-07-15 07:39
A003844,J0064,C00398,2026-04-25 09:13,0.683,medium,60,scorer-v2,hired,2026-05-12 18:52
A003845,J0005,C01082,2025-11-20 02:12,0.656,medium,66,scorer-v1,rejected,2025-11-30 22:45
A003846,J0070,C00097,2026-04-16 09:46,0.629,medium,67,scorer-v2,interviewed,2026-05-05 19:25
A003847,J0005,C00902,2026-01-06 17:55,0.724,medium,61,scorer-v1,rejected,2026-01-17 07:20
A003848,J0060,C01168,2025-10-02 06:08,0.206,low,77,scorer-v1,hired,2025-10-09 10:14
A003849,J0074,C00617,2025-10-29 21:44,0.704,medium,99,scorer-v1,hired,2025-11-09 13:52
A003850,J0046,C01482,2025-10-24 17:16,1.0,good,73,scorer-v1,hired,2025-10-27 19:20
A003851,J0039,C01032,2026-07-16 23:17,0.655,medium,85,scorer-v2,interviewed,2026-08-01 08:16
A003852,J0047,C00304,2025-10-11 20:07,0.067,low,54,scorer-v1,rejected,2025-11-01 04:21
A003853,J0058,C01474,2025-10-26 00:13,0.809,good,65,scorer-v1,interviewed,2025-11-14 05:25
A003854,J0006,C00973,2025-10-08 17:33,0.441,low,32,scorer-v1,hired,2025-10-28 05:50
A003855,J0022,C00316,2026-03-07 18:56,0.455,low,83,scorer-v2,rejected,2026-03-21 11:19
A003856,J0019,C00965,2026-01-28 06:31,0.632,medium,80,scorer-v1,interviewed,2026-02-15 19:39
A003857,J0045,C01036,2026-02-03 22:14,0.128,low,55,scorer-v1,,
A003858,J0039,C01461,2025-11-30 23:54,0.711,medium,71,scorer-v1,rejected,2025-12-28 16:58
A003859,J0075,C00972,2025-10-18 22:26,0.135,low,80,scorer-v1,interviewed,2025-10-29 17:15
A003860,J0037,C00214,2025-11-05 17:30,0.487,low,53,scorer-v1,interviewed,2025-11-11 11:20
A003861,J0033,C01115,2025-12-22 04:48,0.61,medium,65,scorer-v1,hired,2026-01-01 07:26
A003862,J0036,C00541,2026-01-29 06:43,0.152,low,54,scorer-v1,rejected,2026-02-13 16:40
A003863,J0051,C00175,2026-03-06 13:05,0.19,low,97,scorer-v2,interviewed,2026-03-20 05:37
A003864,J0077,C00229,2026-06-27 04:50,0.199,low,66,scorer-v2,hired,2026-07-07 16:07
A003865,J0016,C01053,2025-10-26 18:21,0.605,medium,69,scorer-v1,rejected,2025-11-06 10:10
A003866,J0001,C00354,2025-10-04 01:21,0.654,medium,80,scorer-v1,interviewed,2025-10-24 12:23
A003867,J0002,C00146,2026-01-17 21:25,0.46,low,56,scorer-v1,hired,2026-02-14 16:44
A003868,J0070,C00656,2025-10-13 09:34,0.652,medium,58,scorer-v1,interviewed,2025-10-20 21:51
A003869,J0054,C01183,2026-02-22 03:15,0.655,medium,66,scorer-v1,hired,2026-03-01 17:16
A003870,J0025,C00967,2026-04-12 19:56,0.757,medium,100,scorer-v2,hired,2026-04-17 19:48
A003871,J0023,C01018,2025-09-30 01:19,0.546,medium,51,scorer-v1,rejected,2025-10-10 18:30
A003872,J0019,C00640,2025-11-01 12:22,0.703,medium,68,scorer-v1,interviewed,2025-11-29 01:13
A003873,J0030,C00990,2026-03-09 13:46,0.226,low,88,scorer-v2,interviewed,2026-04-01 23:26
A003874,J0035,C00119,2026-07-22 16:34,0.56,medium,69,scorer-v2,rejected,2026-08-04 03:27
A003875,J0035,C00421,2025-09-18 21:18,0.606,medium,68,scorer-v1,interviewed,2025-09-22 13:05
A003876,J0053,C00576,2026-02-23 16:26,0.511,medium,62,scorer-v1,rejected,2026-03-15 19:58
A003877,J0058,C00091,2026-06-25 22:53,0.28,low,47,scorer-v2,rejected,2026-07-13 10:12
A003878,J0045,C01159,2026-02-09 05:03,0.173,low,92,scorer-v1,rejected,2026-03-03 05:04
A003879,J0060,C00316,2025-12-18 16:57,0.237,low,89,scorer-v1,hired,2026-01-10 04:35
A003880,J0037,C00178,2026-01-01 06:23,0.573,medium,55,scorer-v1,,
A003881,J0051,C01269,2026-07-16 09:32,0.146,low,40,scorer-v2,rejected,2026-08-12 01:08
A003882,J0046,C01097,2026-05-30 02:28,0.577,medium,64,scorer-v2,interviewed,2026-06-02 04:10
A003883,J0060,C00091,2025-10-08 06:01,0.152,low,68,scorer-v1,interviewed,2025-11-03 08:23
A003884,J0052,C00058,2025-10-19 14:55,0.659,medium,66,scorer-v1,hired,2025-11-12 23:56
A003885,J0059,C00088,2026-06-23 07:29,1.0,good,90,scorer-v2,hired,2026-07-05 17:22
A003886,J0064,C00255,2026-07-27 06:22,0.485,low,42,scorer-v2,rejected,2026-08-10 13:21
A003887,J0007,C00297,2026-05-19 21:28,0.812,good,93,scorer-v2,,
A003888,J0003,C00490,2025-10-03 09:02,0.257,low,75,scorer-v1,rejected,2025-10-17 05:14
A003889,J0070,C00128,2025-12-17 03:59,0.556,medium,70,scorer-v1,hired,2025-12-30 18:53
A003890,J0036,C01196,2026-06-04 04:50,0.162,low,71,scorer-v2,hired,2026-06-17 13:07
A003891,J0060,C00702,2025-12-27 17:44,0.092,low,88,scorer-v1,rejected,2026-01-10 14:39
A003892,J0044,C00861,2026-04-06 15:31,0.412,low,35,scorer-v2,rejected,2026-04-25 20:20
A003893,J0041,C01091,2025-10-02 13:41,0.59,medium,59,scorer-v1,rejected,2025-10-23 08:42
A003894,J0024,C01494,2025-09-30 02:10,0.407,low,50,scorer-v1,rejected,2025-10-31 00:48
A003895,J0007,C00139,2026-06-20 06:59,0.488,low,72,scorer-v2,interviewed,2026-07-11 05:37
A003896,J0069,C00466,2026-06-18 07:00,0.562,medium,62,scorer-v2,rejected,2026-07-03 21:22
A003897,J0064,C01439,2025-10-17 21:08,0.911,good,87,scorer-v1,interviewed,2025-11-16 19:48
A003898,J0027,C01210,2026-06-18 18:17,0.315,low,40,scorer-v2,rejected,2026-06-26 16:48
A003899,J0007,C01312,2026-02-25 20:49,0.503,medium,68,scorer-v1,interviewed,2026-03-26 14:15
A003900,J0016,C00759,2025-09-11 19:44,0.798,medium,70,scorer-v1,hired,2025-09-14 23:53
A003901,J0064,C00071,2026-07-18 01:35,0.547,medium,56,scorer-v2,interviewed,2026-08-14 17:11
A003902,J0003,C01498,2026-04-21 23:55,0.163,low,74,scorer-v2,hired,2026-05-10 03:43
A003903,J0056,C00171,2026-07-19 01:40,0.735,medium,97,scorer-v2,hired,2026-08-17 06:02
A003904,J0064,C00656,2026-01-03 15:28,0.603,medium,71,scorer-v1,interviewed,2026-01-24 11:52
A003905,J0032,C00035,2026-04-03 00:20,0.59,medium,64,scorer-v2,interviewed,2026-04-10 10:18
A003906,J0038,C00857,2026-05-25 05:00,0.628,medium,53,scorer-v2,hired,2026-06-22 07:40
A003907,J0010,C00004,2025-11-17 00:07,0.75,medium,69,scorer-v1,hired,2025-11-20 05:01
A003908,J0051,C01271,2026-07-10 03:10,0.146,low,45,scorer-v2,rejected,2026-07-31 17:17
A003909,J0032,C00174,2026-01-01 22:36,0.539,medium,45,scorer-v1,rejected,2026-01-14 14:53
A003910,J0003,C00137,2026-03-06 07:18,0.299,low,85,scorer-v2,hired,2026-03-23 06:54
A003911,J0034,C00804,2026-02-11 13:36,0.508,medium,49,scorer-v1,interviewed,2026-02-28 20:13
A003912,J0006,C00895,2026-07-15 12:54,0.477,low,60,scorer-v2,rejected,2026-07-20 00:18
A003913,J0032,C00118,2026-05-09 20:37,0.477,low,55,scorer-v2,,
A003914,J0050,C01463,2026-03-13 08:20,0.673,medium,87,scorer-v2,hired,2026-03-16 21:30
A003915,J0016,C01310,2025-09-16 19:04,0.624,medium,66,scorer-v1,rejected,2025-09-25 01:49
A003916,J0026,C00221,2025-12-31 19:11,0.111,low,41,scorer-v1,rejected,2026-01-10 04:19
A003917,J0073,C00991,2026-07-01 12:50,0.481,low,74,scorer-v2,rejected,2026-07-10 10:36
A003918,J0047,C00934,2025-12-24 10:34,0.125,low,63,scorer-v1,,
A003919,J0019,C00910,2025-09-17 16:16,0.658,medium,77,scorer-v1,interviewed,2025-10-10 08:18
A003920,J0050,C00076,2026-07-02 19:23,0.503,medium,46,scorer-v2,interviewed,2026-07-28 19:47
A003921,J0032,C01185,2026-06-02 15:40,0.594,medium,83,scorer-v2,hired,2026-06-20 22:40
A003922,J0056,C00217,2025-09-11 07:01,0.902,good,100,scorer-v1,hired,2025-09-27 19:55
A003923,J0075,C01236,2026-07-03 01:17,0.114,low,55,scorer-v2,,
A003924,J0005,C01182,2026-02-18 15:51,0.884,good,77,scorer-v1,hired,2026-03-21 11:12
A003925,J0059,C00441,2026-01-03 05:26,0.566,medium,58,scorer-v1,rejected,2026-01-25 05:14
A003926,J0065,C00881,2025-12-13 02:29,0.49,low,45,scorer-v1,rejected,2026-01-12 04:17
A003927,J0080,C00542,2025-11-10 14:03,0.101,low,28,scorer-v1,rejected,2025-12-10 04:08
A003928,J0021,C00091,2026-01-10 12:10,0.221,low,19,scorer-v1,rejected,2026-02-05 21:17
A003929,J0055,C00749,2025-10-05 14:22,0.622,medium,56,scorer-v1,hired,2025-11-02 07:46
A003930,J0060,C01067,2025-12-15 08:52,0.114,low,62,scorer-v1,,
A003931,J0056,C00012,2025-10-17 01:31,0.449,low,40,scorer-v1,interviewed,2025-10-30 22:06
A003932,J0033,C00133,2025-12-16 01:17,0.919,good,92,scorer-v1,hired,2026-01-09 06:32
A003933,J0078,C00765,2026-06-26 04:07,0.696,medium,75,scorer-v2,hired,2026-07-24 17:49
A003934,J0045,C01382,2026-03-19 13:37,0.2,low,70,scorer-v2,rejected,2026-04-09 17:02
A003935,J0022,C01198,2025-11-28 13:50,0.539,medium,69,scorer-v1,interviewed,2025-12-06 14:01
A003936,J0070,C00939,2026-06-23 00:08,0.549,medium,57,scorer-v2,hired,2026-06-28 09:42
A003937,J0027,C00372,2026-06-22 00:08,0.505,medium,33,scorer-v2,rejected,2026-07-06 05:30
A003938,J0064,C00430,2026-01-23 16:23,0.649,medium,74,scorer-v1,hired,2026-02-06 01:01
A003939,J0031,C00944,2026-06-25 04:27,0.59,medium,95,scorer-v2,hired,2026-07-02 16:33
A003940,J0016,C01089,2026-02-27 09:38,0.726,medium,66,scorer-v1,hired,2026-03-16 20:12
A003941,J0011,C00858,2026-06-26 22:51,0.87,good,73,scorer-v2,,
A003942,J0014,C01022,2025-09-14 16:25,0.358,low,25,scorer-v1,,
A003943,J0041,C00322,2026-01-29 20:28,0.528,medium,67,scorer-v1,interviewed,2026-03-01 13:14
A003944,J0075,C01339,2025-12-18 12:51,0.086,low,69,scorer-v1,rejected,2026-01-01 08:28
A003945,J0001,C00697,2026-03-02 08:45,0.41,low,71,scorer-v2,,
A003946,J0028,C00670,2026-05-19 03:30,0.516,medium,50,scorer-v2,interviewed,2026-06-09 08:39
A003947,J0003,C01331,2025-11-18 19:00,0.144,low,63,scorer-v1,rejected,2025-12-04 23:01
A003948,J0059,C00581,2026-01-27 17:24,0.432,low,67,scorer-v1,rejected,2026-02-08 10:06
A003949,J0053,C00443,2025-12-05 06:05,0.738,medium,77,scorer-v1,interviewed,2025-12-29 02:31
A003950,J0007,C01229,2025-12-24 22:05,0.782,medium,60,scorer-v1,interviewed,2026-01-01 16:21
A003951,J0058,C01430,2025-10-27 00:37,0.625,medium,57,scorer-v1,hired,2025-11-22 13:06
A003952,J0049,C01290,2026-01-10 17:42,0.448,low,34,scorer-v1,rejected,2026-02-06 08:34
A003953,J0052,C01451,2026-06-01 03:48,0.55,medium,93,scorer-v2,hired,2026-06-15 23:22
A003954,J0065,C01121,2026-05-22 18:15,0.236,low,54,scorer-v2,interviewed,2026-06-05 07:24
A003955,J0021,C01464,2026-04-07 23:30,0.337,low,29,scorer-v2,rejected,2026-04-23 16:46
A003956,J0027,C00696,2025-10-20 15:12,0.311,low,38,scorer-v1,,
A003957,J0062,C01287,2026-04-16 21:34,0.124,low,63,scorer-v2,rejected,2026-04-21 08:15
A003958,J0070,C00843,2025-10-18 08:45,0.932,good,85,scorer-v1,hired,2025-11-13 07:39
A003959,J0011,C01449,2026-05-04 09:56,0.91,good,100,scorer-v2,interviewed,2026-05-25 10:54
A003960,J0075,C01105,2026-06-04 22:00,0.135,low,75,scorer-v2,rejected,2026-06-20 20:29
A003961,J0071,C01064,2026-07-24 16:45,0.775,medium,100,scorer-v2,hired,2026-08-17 02:54
A003962,J0052,C00260,2026-03-18 12:12,0.509,medium,79,scorer-v2,interviewed,2026-04-18 05:41
A003963,J0066,C00632,2025-09-29 08:50,0.518,medium,55,scorer-v1,rejected,2025-10-09 01:06
A003964,J0022,C00204,2026-05-01 20:41,0.548,medium,61,scorer-v2,hired,2026-05-15 04:19
A003965,J0058,C00611,2025-09-04 19:27,0.619,medium,56,scorer-v1,rejected,2025-09-17 04:55
A003966,J0028,C00579,2026-04-11 12:28,0.549,medium,60,scorer-v2,interviewed,2026-04-23 11:08
A003967,J0035,C01476,2026-01-01 11:30,0.541,medium,56,scorer-v1,rejected,2026-01-13 15:35
A003968,J0009,C00243,2026-01-20 21:13,0.677,medium,73,scorer-v1,interviewed,2026-02-16 16:53
A003969,J0011,C00410,2026-07-10 21:42,0.541,medium,69,scorer-v2,rejected,2026-08-10 06:19
A003970,J0033,C00408,2026-03-28 21:57,0.19,low,67,scorer-v2,rejected,2026-04-21 21:20
A003971,J0041,C00706,2025-09-05 15:12,0.469,low,65,scorer-v1,rejected,2025-09-27 16:21
A003972,J0015,C00163,2026-04-24 00:52,0.429,low,32,scorer-v2,rejected,2026-05-15 01:22
A003973,J0062,C00709,2025-12-28 22:56,0.048,low,31,scorer-v1,rejected,2026-01-13 07:43
A003974,J0018,C00209,2026-03-08 10:17,0.164,low,85,scorer-v2,interviewed,2026-03-26 04:27
A003975,J0078,C00289,2026-03-05 06:19,0.5,low,70,scorer-v2,,
A003976,J0007,C00383,2026-07-01 11:44,0.496,low,62,scorer-v2,interviewed,2026-07-24 02:02
A003977,J0008,C00849,2025-09-19 12:31,0.117,low,50,scorer-v1,rejected,2025-10-11 22:12
A003978,J0026,C01493,2026-07-17 13:52,0.107,low,82,scorer-v2,hired,2026-07-26 19:22
A003979,J0013,C00910,2025-09-12 09:17,0.194,low,47,scorer-v1,rejected,2025-10-11 00:41
A003980,J0054,C01449,2026-06-26 03:52,0.792,medium,84,scorer-v2,interviewed,2026-06-30 08:56
A003981,J0045,C01149,2026-07-02 10:05,0.107,low,54,scorer-v2,rejected,2026-07-26 12:26
A003982,J0029,C00117,2025-12-07 13:30,0.225,low,52,scorer-v1,rejected,2025-12-17 05:01
A003983,J0068,C00803,2026-01-13 05:53,0.52,medium,92,scorer-v1,rejected,2026-02-13 01:55
A003984,J0047,C00828,2026-01-30 00:42,0.124,low,54,scorer-v1,hired,2026-02-09 12:26
A003985,J0021,C00629,2026-04-08 03:53,0.398,low,36,scorer-v2,rejected,2026-05-02 17:59
A003986,J0008,C00357,2026-01-09 12:25,0.16,low,59,scorer-v1,rejected,2026-01-21 15:56
A003987,J0034,C01409,2026-07-06 05:06,0.86,good,100,scorer-v2,interviewed,2026-07-12 17:04
A003988,J0078,C00283,2026-06-15 04:41,0.682,medium,68,scorer-v2,rejected,2026-06-22 05:48
A003989,J0032,C00980,2026-02-24 02:05,0.692,medium,50,scorer-v1,hired,2026-03-10 01:20
A003990,J0010,C01306,2026-01-27 03:21,0.719,medium,52,scorer-v1,,
A003991,J0037,C00602,2025-10-08 06:53,0.237,low,14,scorer-v1,rejected,2025-10-29 12:09
A003992,J0041,C00493,2026-01-29 16:47,0.204,low,50,scorer-v1,rejected,2026-02-17 03:04
A003993,J0007,C00841,2026-04-19 17:20,0.69,medium,58,scorer-v2,rejected,2026-04-29 04:16
A003994,J0014,C00892,2026-02-07 16:59,0.609,medium,42,scorer-v1,interviewed,2026-02-20 23:23
A003995,J0045,C00151,2025-12-06 14:32,0.14,low,51,scorer-v1,interviewed,2025-12-26 05:32
A003996,J0040,C00795,2026-04-27 01:49,0.545,medium,99,scorer-v2,rejected,2026-05-27 07:55
A003997,J0019,C00236,2025-12-30 07:11,0.541,medium,68,scorer-v1,,
A003998,J0031,C00981,2026-03-19 01:50,0.486,low,77,scorer-v2,,
A003999,J0001,C00739,2026-07-05 20:36,0.639,medium,78,scorer-v2,hired,2026-08-02 00:11
A004000,J0016,C00493,2026-01-09 18:09,0.525,medium,53,scorer-v1,hired,2026-01-17 09:15
A004001,J0007,C00594,2026-06-01 13:16,0.791,medium,100,scorer-v2,hired,2026-06-14 01:31
A004002,J0016,C00209,2025-12-09 23:47,0.668,medium,69,scorer-v1,rejected,2025-12-31 17:37
A004003,J0021,C00082,2025-11-17 02:11,0.459,low,62,scorer-v1,,
A004004,J0055,C00431,2025-12-10 00:16,0.603,medium,71,scorer-v1,rejected,2026-01-06 19:50
A004005,J0080,C00824,2026-06-26 10:36,0.106,low,55,scorer-v2,interviewed,2026-07-01 11:14
A004006,J0030,C00463,2026-03-24 08:58,0.207,low,100,scorer-v2,rejected,2026-04-20 15:12
A004007,J0020,C01104,2026-01-05 03:46,0.847,good,96,scorer-v1,,
A004008,J0078,C01305,2026-05-14 15:28,0.37,low,66,scorer-v2,hired,2026-05-24 00:06
A004009,J0043,C00146,2026-04-21 02:26,0.867,good,97,scorer-v2,rejected,2026-05-12 01:21
A004010,J0034,C01430,2025-10-17 20:54,0.968,good,75,scorer-v1,,
A004011,J0033,C00715,2026-05-12 05:30,0.271,low,56,scorer-v2,interviewed,2026-06-07 15:30
A004012,J0073,C00906,2026-05-11 11:46,0.346,low,64,scorer-v2,rejected,2026-06-03 08:56
A004013,J0048,C00179,2026-05-17 12:18,0.618,medium,76,scorer-v2,hired,2026-05-24 15:03
A004014,J0033,C00981,2026-01-05 16:17,0.47,low,71,scorer-v1,rejected,2026-01-14 16:20
A004015,J0020,C00039,2025-11-27 06:26,0.537,medium,57,scorer-v1,hired,2025-12-11 04:15
A004016,J0036,C01355,2026-02-13 11:59,0.294,low,80,scorer-v1,,
A004017,J0007,C00171,2026-05-22 03:15,0.751,medium,77,scorer-v2,hired,2026-06-04 13:10
A004018,J0072,C00182,2026-03-04 17:42,0.39,low,67,scorer-v2,interviewed,2026-03-18 23:54
A004019,J0043,C00173,2026-05-09 19:53,0.72,medium,72,scorer-v2,hired,2026-05-14 22:22
A004020,J0054,C01193,2025-12-30 08:38,0.672,medium,62,scorer-v1,hired,2026-01-04 19:31
A004021,J0003,C00534,2026-07-12 22:09,0.161,low,80,scorer-v2,interviewed,2026-08-11 01:21
A004022,J0060,C00545,2026-07-13 00:03,0.134,low,57,scorer-v2,interviewed,2026-07-23 13:34
A004023,J0078,C01146,2026-02-28 13:56,0.322,low,54,scorer-v1,rejected,2026-03-09 21:51
A004024,J0058,C00474,2025-09-10 14:29,0.785,medium,58,scorer-v1,interviewed,2025-10-05 04:32
A004025,J0011,C00828,2026-03-01 09:06,0.666,medium,66,scorer-v2,hired,2026-03-31 01:42
A004026,J0077,C01100,2026-03-06 11:47,0.193,low,74,scorer-v2,hired,2026-03-28 10:19
A004027,J0008,C00658,2026-06-28 07:49,0.096,low,55,scorer-v2,rejected,2026-07-13 05:57
A004028,J0059,C00619,2026-04-09 02:59,1.0,good,87,scorer-v2,hired,2026-04-24 04:51
A004029,J0019,C00029,2026-06-07 18:12,0.413,low,68,scorer-v2,rejected,2026-06-25 20:18
A004030,J0045,C01398,2025-10-19 16:37,0.084,low,59,scorer-v1,rejected,2025-11-04 16:31
A004031,J0009,C01146,2026-04-08 08:45,0.42,low,60,scorer-v2,interviewed,2026-04-26 07:05
A004032,J0043,C01299,2026-01-31 00:40,0.482,low,66,scorer-v1,rejected,2026-02-11 16:31
A004033,J0044,C01382,2025-11-20 13:52,0.385,low,38,scorer-v1,rejected,2025-11-25 03:08
A004034,J0027,C00090,2026-06-04 18:19,0.339,low,26,scorer-v2,rejected,2026-06-09 07:20
A004035,J0055,C00405,2025-12-14 10:23,0.634,medium,63,scorer-v1,interviewed,2026-01-12 18:26
A004036,J0054,C00122,2025-10-15 14:23,0.816,good,65,scorer-v1,rejected,2025-11-11 10:06
A004037,J0010,C00852,2026-01-06 18:19,0.765,medium,72,scorer-v1,hired,2026-01-14 09:44
A004038,J0001,C01025,2026-07-14 00:51,0.546,medium,70,scorer-v2,interviewed,2026-07-28 04:51
A004039,J0047,C01160,2026-01-12 18:44,0.057,low,62,scorer-v1,rejected,2026-01-17 17:49
A004040,J0072,C00620,2026-04-06 02:56,0.565,medium,63,scorer-v2,,
A004041,J0034,C00674,2026-02-19 17:10,0.799,medium,79,scorer-v1,hired,2026-02-23 01:19
A004042,J0064,C00005,2025-10-08 11:45,0.869,good,74,scorer-v1,hired,2025-10-30 23:04
A004043,J0032,C00201,2026-01-12 07:40,0.606,medium,53,scorer-v1,hired,2026-01-30 06:11
A004044,J0025,C00596,2025-09-29 04:26,0.395,low,52,scorer-v1,rejected,2025-10-12 05:46
A004045,J0027,C01489,2025-11-20 06:11,0.569,medium,57,scorer-v1,interviewed,2025-12-15 15:16
A004046,J0022,C00320,2025-10-07 17:51,0.622,medium,53,scorer-v1,hired,2025-10-24 06:32
A004047,J0066,C00601,2026-01-19 05:22,0.512,medium,39,scorer-v1,hired,2026-02-13 22:21
A004048,J0037,C00963,2025-12-13 03:18,0.609,medium,70,scorer-v1,rejected,2025-12-26 12:36
A004049,J0041,C00074,2026-02-16 19:59,0.786,medium,68,scorer-v1,hired,2026-02-25 16:44
A004050,J0009,C01482,2026-02-01 00:37,0.469,low,60,scorer-v1,interviewed,2026-02-10 00:47
A004051,J0054,C01372,2026-02-02 21:24,0.658,medium,71,scorer-v1,interviewed,2026-02-17 04:27
A004052,J0052,C00688,2025-09-29 09:57,0.686,medium,63,scorer-v1,hired,2025-10-14 04:31
A004053,J0016,C01263,2026-04-03 07:18,0.441,low,69,scorer-v2,interviewed,2026-04-24 21:29
A004054,J0026,C00850,2026-04-23 06:32,0.101,low,54,scorer-v2,rejected,2026-05-17 04:09
A004055,J0070,C00400,2025-12-22 19:45,0.42,low,40,scorer-v1,rejected,2026-01-08 23:06
A004056,J0080,C01359,2026-06-24 15:41,0.11,low,56,scorer-v2,rejected,2026-07-07 14:55
A004057,J0057,C00327,2026-03-31 10:14,0.089,low,54,scorer-v2,rejected,2026-04-24 09:34
A004058,J0046,C01288,2026-06-21 07:55,0.57,medium,54,scorer-v2,interviewed,2026-06-28 02:15
A004059,J0048,C01118,2026-04-23 08:41,0.77,medium,87,scorer-v2,hired,2026-05-01 08:19
A004060,J0010,C01155,2026-04-18 13:31,0.454,low,51,scorer-v2,hired,2026-05-16 13:12
A004061,J0031,C00307,2025-11-30 10:26,0.605,medium,63,scorer-v1,,
A004062,J0073,C01172,2026-04-12 18:44,0.585,medium,69,scorer-v2,rejected,2026-04-18 13:51
A004063,J0056,C00784,2026-04-29 18:02,0.821,good,91,scorer-v2,hired,2026-05-16 07:00
A004064,J0018,C01401,2025-09-24 00:55,0.225,low,84,scorer-v1,interviewed,2025-10-02 16:05
A004065,J0056,C00037,2025-09-14 04:13,0.729,medium,84,scorer-v1,hired,2025-10-05 18:37
A004066,J0063,C00846,2025-09-08 22:30,0.105,low,59,scorer-v1,rejected,2025-10-05 15:28
A004067,J0072,C00714,2026-01-15 09:32,0.632,medium,58,scorer-v1,hired,2026-02-03 10:52
A004068,J0010,C00566,2025-09-11 05:34,0.604,medium,57,scorer-v1,hired,2025-09-21 05:59
A004069,J0062,C01227,2025-09-03 04:33,0.159,low,85,scorer-v1,rejected,2025-09-23 08:32
A004070,J0027,C01152,2026-06-12 12:07,0.48,low,45,scorer-v2,interviewed,2026-06-26 17:45
A004071,J0033,C00544,2025-10-01 22:39,0.345,low,47,scorer-v1,rejected,2025-10-23 23:35
A004072,J0018,C00686,2026-04-12 09:30,0.161,low,81,scorer-v2,rejected,2026-04-29 04:07
A004073,J0047,C00088,2026-07-11 11:45,0.095,low,62,scorer-v2,rejected,2026-07-23 09:06
A004074,J0037,C01123,2026-04-02 11:56,0.834,good,51,scorer-v2,,
A004075,J0013,C00786,2026-02-04 05:16,0.092,low,47,scorer-v1,rejected,2026-02-23 18:43
A004076,J0078,C00962,2026-03-18 16:39,0.683,medium,68,scorer-v2,hired,2026-04-05 15:52
A004077,J0054,C01003,2025-12-12 13:11,0.373,low,67,scorer-v1,hired,2026-01-03 21:28
A004078,J0066,C01377,2026-01-10 21:44,0.598,medium,64,scorer-v1,hired,2026-01-14 16:12
A004079,J0009,C00192,2025-12-28 16:40,0.54,medium,63,scorer-v1,rejected,2026-01-12 23:25
A004080,J0020,C01487,2026-05-01 09:49,0.937,good,99,scorer-v2,hired,2026-05-30 20:05
A004081,J0044,C00386,2026-02-14 16:35,0.371,low,34,scorer-v1,,
A004082,J0057,C01377,2026-03-31 12:33,0.108,low,56,scorer-v2,rejected,2026-04-22 13:25
A004083,J0008,C01478,2026-05-04 19:17,0.086,low,30,scorer-v2,,
A004084,J0010,C01405,2026-03-28 15:59,0.805,good,100,scorer-v2,hired,2026-04-26 12:31
A004085,J0009,C00261,2026-07-18 13:03,0.588,medium,79,scorer-v2,rejected,2026-08-07 00:57
A004086,J0076,C01209,2025-11-24 06:44,0.462,low,49,scorer-v1,,
A004087,J0079,C01076,2026-03-17 02:28,0.387,low,36,scorer-v2,interviewed,2026-03-24 00:09
A004088,J0043,C00919,2026-02-13 17:59,0.825,good,72,scorer-v1,,
A004089,J0078,C00741,2026-02-22 12:56,0.73,medium,72,scorer-v1,interviewed,2026-03-09 00:58
A004090,J0074,C00312,2026-01-22 16:37,0.564,medium,53,scorer-v1,interviewed,2026-02-10 10:47
A004091,J0001,C00703,2026-01-01 07:38,0.606,medium,64,scorer-v1,interviewed,2026-01-15 15:28
A004092,J0058,C01382,2026-06-25 23:13,0.485,low,34,scorer-v2,rejected,2026-06-30 23:40
A004093,J0015,C01158,2026-06-08 08:01,0.642,medium,70,scorer-v2,,
A004094,J0034,C00975,2025-10-15 22:13,0.714,medium,62,scorer-v1,interviewed,2025-11-04 20:55
A004095,J0051,C01144,2026-02-04 17:02,0.177,low,72,scorer-v1,hired,2026-02-18 02:10
A004096,J0008,C00827,2026-05-09 14:43,0.108,low,50,scorer-v2,hired,2026-06-06 07:27
A004097,J0057,C00422,2025-09-23 12:03,0.082,low,48,scorer-v1,rejected,2025-10-06 17:14
A004098,J0021,C00947,2026-02-04 06:42,0.735,medium,73,scorer-v1,hired,2026-02-12 03:02
A004099,J0050,C00674,2025-10-18 09:19,0.619,medium,72,scorer-v1,,
A004100,J0024,C01271,2025-11-23 15:32,0.682,medium,62,scorer-v1,hired,2025-12-23 23:19
A004101,J0052,C01085,2025-09-19 17:01,0.294,low,62,scorer-v1,rejected,2025-10-03 11:06
A004102,J0014,C00845,2026-06-30 17:01,0.766,medium,67,scorer-v2,interviewed,2026-07-08 20:52
A004103,J0052,C01328,2025-10-01 05:00,1.0,good,83,scorer-v1,interviewed,2025-10-30 05:46
A004104,J0068,C01460,2026-03-08 14:43,0.566,medium,76,scorer-v2,,
A004105,J0050,C01185,2026-07-17 23:31,0.644,medium,51,scorer-v2,interviewed,2026-07-24 16:33
A004106,J0006,C00920,2026-06-30 10:37,0.272,low,21,scorer-v2,,
A004107,J0019,C00203,2026-06-15 20:53,0.824,good,83,scorer-v2,interviewed,2026-07-05 06:49
A004108,J0046,C01363,2026-06-02 19:09,0.488,low,44,scorer-v2,rejected,2026-07-02 09:28
A004109,J0013,C00554,2025-09-04 18:23,0.01,low,51,scorer-v1,rejected,2025-09-17 16:54
A004110,J0070,C01045,2025-09-19 08:58,0.809,good,82,scorer-v1,rejected,2025-09-25 13:02
A004111,J0064,C00009,2026-05-26 09:46,0.324,low,55,scorer-v2,rejected,2026-06-12 17:45
A004112,J0012,C01226,2025-11-28 09:07,0.173,low,71,scorer-v1,rejected,2025-12-02 23:51
A004113,J0034,C00932,2025-09-28 05:15,0.291,low,23,scorer-v1,rejected,2025-10-09 14:49
A004114,J0017,C00263,2025-11-28 19:34,0.318,low,32,scorer-v1,rejected,2025-12-13 17:46
A004115,J0079,C01008,2026-07-16 14:44,0.576,medium,71,scorer-v2,rejected,2026-08-09 14:45
A004116,J0051,C01476,2025-12-25 05:11,0.123,low,55,scorer-v1,,
A004117,J0060,C01493,2026-01-25 01:53,0.101,low,63,scorer-v1,rejected,2026-02-12 22:01
A004118,J0035,C00402,2025-10-09 13:16,0.34,low,47,scorer-v1,rejected,2025-10-23 08:00
A004119,J0001,C00165,2026-02-04 02:59,0.443,low,66,scorer-v1,rejected,2026-02-15 14:09
A004120,J0072,C00100,2026-03-31 11:09,0.486,low,62,scorer-v2,rejected,2026-04-16 03:17
A004121,J0015,C01417,2026-07-13 17:31,0.466,low,64,scorer-v2,rejected,2026-07-19 22:44
A004122,J0004,C01023,2026-02-15 04:57,0.596,medium,56,scorer-v1,hired,2026-02-26 06:30
A004123,J0042,C00291,2026-02-14 15:42,0.386,low,57,scorer-v1,interviewed,2026-03-01 11:00
A004124,J0039,C00587,2025-10-22 02:58,0.56,medium,68,scorer-v1,rejected,2025-11-02 09:58
A004125,J0075,C01203,2026-04-16 19:52,0.202,low,88,scorer-v2,hired,2026-05-05 15:02
A004126,J0063,C01488,2026-06-03 21:04,0.14,low,56,scorer-v2,rejected,2026-07-04 20:52
A004127,J0025,C00525,2025-10-12 00:03,0.884,good,100,scorer-v1,,
A004128,J0055,C00709,2026-06-07 16:57,0.276,low,55,scorer-v2,rejected,2026-06-30 04:57
A004129,J0048,C00770,2026-01-20 10:04,0.751,medium,84,scorer-v1,rejected,2026-02-19 15:51
A004130,J0011,C00665,2025-12-30 18:53,0.74,medium,87,scorer-v1,hired,2026-01-24 10:16
A004131,J0060,C00070,2025-12-21 01:09,0.196,low,46,scorer-v1,interviewed,2025-12-31 13:10
A004132,J0064,C00221,2026-04-13 06:42,0.504,medium,56,scorer-v2,rejected,2026-05-08 10:37
A004133,J0070,C00138,2026-04-25 12:53,0.681,medium,82,scorer-v2,interviewed,2026-05-01 15:03
A004134,J0022,C00685,2026-01-14 22:59,1.0,good,100,scorer-v1,interviewed,2026-01-18 15:57
A004135,J0012,C00991,2026-04-16 08:18,0.058,low,63,scorer-v2,rejected,2026-05-09 02:12
A004136,J0020,C00996,2026-03-13 10:44,0.774,medium,86,scorer-v2,hired,2026-04-03 06:58
A004137,J0025,C00009,2026-07-27 04:10,0.441,low,47,scorer-v2,rejected,2026-08-18 20:30
A004138,J0032,C00943,2026-04-16 13:49,0.627,medium,79,scorer-v2,hired,2026-04-28 15:29
A004139,J0051,C01006,2026-05-29 09:56,0.15,low,48,scorer-v2,rejected,2026-06-06 04:22
A004140,J0057,C00171,2026-01-25 20:49,0.146,low,93,scorer-v1,interviewed,2026-01-31 17:53
A004141,J0075,C00516,2025-10-11 13:08,0.19,low,77,scorer-v1,hired,2025-10-14 20:19
A004142,J0046,C01313,2026-01-16 01:33,0.315,low,61,scorer-v1,rejected,2026-01-30 12:46
A004143,J0079,C01060,2025-09-01 17:52,0.218,low,29,scorer-v1,rejected,2025-09-30 00:44
A004144,J0045,C01039,2026-05-24 07:00,0.084,low,38,scorer-v2,rejected,2026-06-15 22:54
A004145,J0024,C01143,2026-07-23 05:34,0.424,low,58,scorer-v2,rejected,2026-08-18 18:08
A004146,J0060,C01295,2026-06-20 23:07,0.13,low,62,scorer-v2,,
A004147,J0057,C00070,2026-07-20 00:29,0.065,low,38,scorer-v2,rejected,2026-08-12 05:01
A004148,J0057,C00684,2026-03-16 18:57,0.091,low,50,scorer-v2,rejected,2026-04-08 14:04
A004149,J0017,C01118,2026-06-13 05:49,0.684,medium,82,scorer-v2,,
A004150,J0073,C00484,2026-02-19 05:09,0.292,low,60,scorer-v1,rejected,2026-03-08 02:33
A004151,J0007,C01022,2026-07-23 14:11,0.949,good,91,scorer-v2,interviewed,2026-08-10 07:19
A004152,J0078,C00626,2025-12-17 23:36,0.818,good,73,scorer-v1,rejected,2026-01-14 13:57
A004153,J0051,C00641,2026-06-09 02:06,0.111,low,36,scorer-v2,hired,2026-07-02 13:41
A004154,J0018,C00533,2025-11-24 05:20,0.153,low,57,scorer-v1,interviewed,2025-12-04 22:33
A004155,J0056,C00609,2026-04-26 00:01,0.446,low,57,scorer-v2,rejected,2026-05-17 02:15
A004156,J0075,C01242,2026-02-11 06:51,0.155,low,62,scorer-v1,,
A004157,J0054,C00392,2025-10-27 23:52,0.965,good,89,scorer-v1,hired,2025-11-08 17:34
A004158,J0064,C00017,2025-09-10 08:36,0.433,low,39,scorer-v1,hired,2025-09-22 07:15
A004159,J0063,C00112,2026-05-14 04:30,0.193,low,67,scorer-v2,interviewed,2026-05-25 17:47
A004160,J0006,C00544,2026-06-05 01:12,0.497,low,77,scorer-v2,rejected,2026-06-29 06:13
A004161,J0049,C01061,2026-07-19 09:06,0.954,good,100,scorer-v2,hired,2026-08-02 00:46
A004162,J0003,C00383,2026-04-09 22:51,0.119,low,73,scorer-v2,rejected,2026-05-04 16:41
A004163,J0016,C00298,2026-04-30 14:49,0.641,medium,69,scorer-v2,rejected,2026-05-16 15:30
A004164,J0058,C01463,2025-10-09 03:31,0.332,low,43,scorer-v1,rejected,2025-10-14 00:34
A004165,J0052,C00230,2025-10-17 22:44,0.592,medium,74,scorer-v1,interviewed,2025-11-11 12:08
A004166,J0074,C00441,2026-07-16 21:18,0.399,low,58,scorer-v2,hired,2026-08-07 07:42
A004167,J0042,C00114,2026-04-23 11:37,0.605,medium,79,scorer-v2,interviewed,2026-04-29 12:08
A004168,J0048,C01440,2026-02-14 16:07,0.141,low,17,scorer-v1,rejected,2026-02-24 11:59
A004169,J0038,C00250,2025-10-10 22:47,0.702,medium,58,scorer-v1,interviewed,2025-11-09 09:51
A004170,J0062,C01106,2026-03-13 21:20,0.105,low,79,scorer-v2,rejected,2026-04-03 18:07
A004171,J0005,C01301,2025-09-01 17:43,0.517,medium,75,scorer-v1,rejected,2025-09-11 03:02
A004172,J0007,C00545,2026-02-17 22:03,0.655,medium,77,scorer-v1,interviewed,2026-02-23 19:08
A004173,J0044,C01344,2026-06-16 18:52,0.621,medium,97,scorer-v2,rejected,2026-06-30 06:40
A004174,J0012,C00512,2025-10-11 12:51,0.166,low,81,scorer-v1,interviewed,2025-10-29 21:30
A004175,J0003,C01085,2026-02-03 12:37,0.115,low,60,scorer-v1,rejected,2026-03-03 13:46
A004176,J0003,C01182,2026-05-08 09:35,0.151,low,74,scorer-v2,hired,2026-05-13 07:26
A004177,J0065,C00621,2025-12-24 15:49,0.591,medium,67,scorer-v1,hired,2026-01-16 07:00
A004178,J0073,C00597,2025-09-30 05:36,0.844,good,68,scorer-v1,rejected,2025-10-26 18:54
A004179,J0047,C00283,2025-10-20 03:12,0.139,low,66,scorer-v1,rejected,2025-11-08 14:13
A004180,J0035,C01253,2026-06-22 06:32,0.401,low,55,scorer-v2,rejected,2026-07-05 18:16
A004181,J0026,C01378,2026-01-26 05:24,0.064,low,57,scorer-v1,interviewed,2026-02-19 04:14
A004182,J0043,C00221,2026-02-28 13:27,0.521,medium,64,scorer-v1,rejected,2026-03-29 04:14
A004183,J0034,C01457,2026-06-05 04:46,0.793,medium,87,scorer-v2,,
A004184,J0016,C00003,2026-07-24 18:20,0.581,medium,68,scorer-v2,rejected,2026-07-31 03:43
A004185,J0005,C01254,2026-01-26 11:29,0.669,medium,68,scorer-v1,hired,2026-02-21 07:50
A004186,J0064,C00631,2025-11-27 06:00,0.516,medium,53,scorer-v1,interviewed,2025-11-30 22:06
A004187,J0047,C00041,2026-02-08 13:45,0.139,low,63,scorer-v1,rejected,2026-02-21 06:08
A004188,J0078,C01235,2025-11-17 18:08,0.724,medium,62,scorer-v1,interviewed,2025-11-23 06:02
A004189,J0020,C00636,2026-03-12 20:49,0.963,good,99,scorer-v2,rejected,2026-04-02 16:02
A004190,J0044,C01454,2026-06-15 13:43,0.442,low,53,scorer-v2,hired,2026-06-23 03:43
A004191,J0066,C01038,2025-12-01 11:44,0.615,medium,66,scorer-v1,rejected,2025-12-25 05:43
A004192,J0034,C00460,2025-12-13 01:43,0.594,medium,41,scorer-v1,rejected,2026-01-07 18:26
A004193,J0045,C01470,2026-04-15 11:20,0.153,low,76,scorer-v2,,
A004194,J0013,C00465,2026-05-05 20:55,0.189,low,81,scorer-v2,interviewed,2026-05-23 02:40
A004195,J0006,C01279,2025-12-13 01:39,0.235,low,47,scorer-v1,rejected,2025-12-25 06:59
A004196,J0024,C01046,2025-12-25 21:00,0.537,medium,78,scorer-v1,,
A004197,J0064,C00236,2026-01-07 00:20,0.348,low,54,scorer-v1,rejected,2026-01-20 10:11
A004198,J0028,C01378,2025-11-08 17:17,0.417,low,81,scorer-v1,rejected,2025-11-17 04:10
A004199,J0045,C01005,2026-07-17 02:25,0.075,low,77,scorer-v2,rejected,2026-08-05 02:42
A004200,J0034,C01162,2026-03-14 16:24,0.708,medium,83,scorer-v2,,
A004201,J0011,C00602,2026-03-30 23:40,0.532,medium,75,scorer-v2,,
A004202,J0062,C01421,2026-05-05 02:35,0.111,low,66,scorer-v2,rejected,2026-05-11 17:06
A004203,J0043,C00620,2026-06-28 05:25,0.452,low,58,scorer-v2,rejected,2026-07-21 22:48
A004204,J0021,C01145,2026-07-06 14:03,0.692,medium,73,scorer-v2,hired,2026-08-02 23:27
A004205,J0012,C00026,2025-11-13 22:30,0.148,low,63,scorer-v1,interviewed,2025-11-24 01:43
A004206,J0080,C01295,2025-12-04 06:24,0.142,low,58,scorer-v1,hired,2025-12-19 13:50
A004207,J0061,C00674,2026-03-01 15:27,0.483,low,67,scorer-v2,interviewed,2026-03-21 14:59
A004208,J0019,C00741,2025-10-13 13:19,0.989,good,78,scorer-v1,hired,2025-10-17 00:47
A004209,J0014,C00974,2026-04-28 09:03,0.342,low,43,scorer-v2,rejected,2026-05-11 02:04
A004210,J0001,C01365,2026-07-01 22:43,0.575,medium,78,scorer-v2,hired,2026-07-26 14:18
A004211,J0029,C01276,2026-04-13 13:35,0.646,medium,87,scorer-v2,,
A004212,J0061,C00949,2025-10-23 13:25,0.551,medium,46,scorer-v1,rejected,2025-10-31 02:13
A004213,J0010,C00238,2025-12-28 03:42,0.61,medium,60,scorer-v1,interviewed,2026-01-15 11:47
A004214,J0001,C01434,2026-06-21 18:26,0.486,low,66,scorer-v2,interviewed,2026-07-05 11:51
A004215,J0013,C00605,2025-10-07 18:49,0.09,low,44,scorer-v1,rejected,2025-10-22 23:26
A004216,J0029,C01394,2026-04-02 15:00,0.659,medium,86,scorer-v2,rejected,2026-04-08 16:03
A004217,J0048,C00574,2025-11-23 10:51,0.54,medium,70,scorer-v1,hired,2025-12-07 03:37
A004218,J0028,C01081,2026-03-23 15:01,0.659,medium,61,scorer-v2,interviewed,2026-03-29 13:07
A004219,J0018,C00588,2026-06-12 21:40,0.212,low,71,scorer-v2,,
A004220,J0046,C01115,2025-11-27 04:29,0.822,good,88,scorer-v1,hired,2025-12-10 13:19
A004221,J0061,C01454,2025-11-04 15:41,0.691,medium,51,scorer-v1,rejected,2025-11-08 11:49
A004222,J0042,C00543,2026-05-30 07:03,1.0,good,100,scorer-v2,hired,2026-06-25 05:40
A004223,J0037,C00719,2026-03-11 06:36,0.671,medium,66,scorer-v2,rejected,2026-03-16 20:50
A004224,J0025,C00721,2026-01-12 02:05,0.848,good,93,scorer-v1,hired,2026-02-08 06:02
A004225,J0029,C00038,2026-02-18 04:21,0.451,low,67,scorer-v1,rejected,2026-03-19 20:40
A004226,J0011,C00610,2025-12-29 07:06,0.639,medium,54,scorer-v1,rejected,2026-01-11 08:33
A004227,J0013,C00927,2026-04-04 06:36,0.21,low,74,scorer-v2,rejected,2026-04-19 21:44
A004228,J0067,C00984,2026-03-25 00:29,0.502,medium,51,scorer-v2,rejected,2026-04-01 00:23
A004229,J0072,C01362,2026-01-27 03:01,0.527,medium,72,scorer-v1,interviewed,2026-02-21 09:43
A004230,J0041,C01419,2026-03-10 19:12,0.707,medium,75,scorer-v2,,
A004231,J0019,C00251,2026-04-28 00:55,0.658,medium,71,scorer-v2,hired,2026-05-04 05:15
A004232,J0015,C00404,2026-03-08 13:40,0.641,medium,69,scorer-v2,rejected,2026-04-04 23:54
A004233,J0062,C00095,2025-11-11 05:47,0.135,low,53,scorer-v1,rejected,2025-12-08 07:25
A004234,J0015,C00940,2026-05-25 17:07,0.242,low,47,scorer-v2,rejected,2026-06-06 09:27
A004235,J0040,C00854,2025-09-23 21:31,0.464,low,66,scorer-v1,interviewed,2025-10-22 14:52
A004236,J0041,C00490,2026-04-05 12:47,0.587,medium,69,scorer-v2,hired,2026-04-26 00:07
A004237,J0024,C01205,2026-05-18 00:56,0.544,medium,48,scorer-v2,,
A004238,J0052,C00237,2026-01-31 18:46,0.76,medium,69,scorer-v1,rejected,2026-02-13 15:06
A004239,J0044,C01084,2026-07-16 11:17,0.445,low,60,scorer-v2,rejected,2026-08-08 13:01
A004240,J0021,C00857,2025-10-19 06:23,0.193,low,37,scorer-v1,hired,2025-11-07 18:39
A004241,J0039,C01237,2026-03-14 21:29,0.735,medium,69,scorer-v2,interviewed,2026-03-20 10:50
A004242,J0022,C01023,2026-04-06 19:39,0.46,low,43,scorer-v2,rejected,2026-04-27 13:09
A004243,J0023,C00368,2025-10-26 22:06,0.69,medium,50,scorer-v1,rejected,2025-11-10 05:22
A004244,J0052,C00043,2026-02-06 23:47,0.404,low,70,scorer-v1,rejected,2026-02-23 06:49
A004245,J0014,C01421,2025-10-22 04:46,0.301,low,53,scorer-v1,rejected,2025-11-07 19:29
A004246,J0033,C00907,2026-04-12 03:18,0.469,low,79,scorer-v2,rejected,2026-05-02 07:16
A004247,J0012,C01128,2025-10-13 14:34,0.14,low,65,scorer-v1,,
A004248,J0035,C00037,2026-05-24 18:25,1.0,good,97,scorer-v2,hired,2026-05-31 23:35
A004249,J0073,C01357,2025-10-18 08:07,0.555,medium,67,scorer-v1,,
A004250,J0031,C00833,2026-04-14 03:26,0.857,good,100,scorer-v2,rejected,2026-04-22 03:12
A004251,J0031,C00129,2026-04-14 06:08,0.466,low,60,scorer-v2,rejected,2026-04-20 17:48
A004252,J0060,C00639,2026-02-02 03:57,0.123,low,59,scorer-v1,rejected,2026-02-26 08:25
A004253,J0048,C01020,2026-03-23 18:10,0.821,good,100,scorer-v2,interviewed,2026-04-22 07:39
A004254,J0079,C01461,2026-02-20 12:46,0.31,low,29,scorer-v1,rejected,2026-03-12 14:10
A004255,J0040,C00187,2026-07-21 16:06,0.711,medium,78,scorer-v2,rejected,2026-07-30 12:00
A004256,J0057,C00467,2025-10-22 09:39,0.084,low,24,scorer-v1,hired,2025-11-06 07:46
A004257,J0018,C01393,2026-05-03 00:12,0.169,low,80,scorer-v2,hired,2026-05-07 10:01
A004258,J0002,C00300,2025-09-14 00:55,0.845,good,99,scorer-v1,interviewed,2025-09-21 02:05
A004259,J0025,C01221,2025-12-13 21:59,0.096,low,6,scorer-v1,rejected,2025-12-30 23:13
A004260,J0051,C00683,2026-07-17 10:18,0.176,low,71,scorer-v2,interviewed,2026-07-28 10:31
A004261,J0039,C01428,2025-09-24 06:14,0.53,medium,47,scorer-v1,rejected,2025-10-20 10:23
A004262,J0001,C00739,2026-05-30 00:10,0.426,low,67,scorer-v2,rejected,2026-06-25 15:07
A004263,J0024,C00467,2026-04-02 20:05,0.706,medium,71,scorer-v2,rejected,2026-04-09 15:25
A004264,J0028,C00311,2025-11-14 04:36,0.648,medium,64,scorer-v1,hired,2025-11-24 09:05
A004265,J0073,C00948,2026-01-08 18:50,0.461,low,69,scorer-v1,hired,2026-01-30 12:30
A004266,J0005,C00441,2026-03-27 12:10,0.468,low,60,scorer-v2,rejected,2026-04-22 11:06
A004267,J0008,C00404,2025-11-20 19:57,0.16,low,75,scorer-v1,hired,2025-12-04 00:56
A004268,J0063,C00218,2026-01-03 18:28,0.21,low,71,scorer-v1,interviewed,2026-01-18 15:42
A004269,J0043,C00383,2026-06-20 03:39,0.542,medium,63,scorer-v2,rejected,2026-06-24 10:15
A004270,J0001,C00029,2026-04-29 02:24,0.95,good,90,scorer-v2,interviewed,2026-05-29 04:27
A004271,J0080,C00186,2026-07-01 03:25,0.235,low,97,scorer-v2,interviewed,2026-07-10 12:22
A004272,J0052,C01414,2026-05-10 01:10,0.488,low,72,scorer-v2,hired,2026-06-06 00:45
A004273,J0001,C00906,2026-03-17 21:20,0.837,good,75,scorer-v2,hired,2026-04-15 18:40
A004274,J0067,C00503,2026-02-24 07:11,0.638,medium,52,scorer-v1,rejected,2026-02-28 13:09
A004275,J0076,C01239,2026-01-07 22:35,0.759,medium,76,scorer-v1,interviewed,2026-02-06 00:26
A004276,J0013,C01008,2026-02-23 15:28,0.133,low,77,scorer-v1,rejected,2026-03-18 15:39
A004277,J0065,C01013,2025-12-16 04:37,0.43,low,48,scorer-v1,hired,2026-01-08 03:27
A004278,J0071,C01136,2026-02-27 12:53,0.627,medium,64,scorer-v1,hired,2026-03-14 05:21
A004279,J0051,C01195,2026-07-10 14:45,0.096,low,75,scorer-v2,interviewed,2026-07-14 22:55
A004280,J0061,C00812,2026-06-13 11:26,0.791,medium,59,scorer-v2,interviewed,2026-07-09 12:10
A004281,J0017,C00681,2026-05-15 17:37,0.697,medium,93,scorer-v2,,
A004282,J0044,C01455,2025-09-16 15:26,0.684,medium,50,scorer-v1,interviewed,2025-10-01 14:40
A004283,J0004,C00701,2025-11-25 11:19,0.485,low,59,scorer-v1,interviewed,2025-12-04 14:38
A004284,J0012,C00060,2026-06-06 11:43,0.08,low,66,scorer-v2,,
A004285,J0007,C00325,2025-09-08 03:47,0.678,medium,50,scorer-v1,interviewed,2025-09-14 17:36
A004286,J0032,C00944,2026-07-25 15:58,0.336,low,75,scorer-v2,interviewed,2026-08-07 23:33
A004287,J0069,C00504,2025-12-25 17:29,0.63,medium,59,scorer-v1,rejected,2026-01-18 07:33
A004288,J0016,C00971,2025-11-21 02:02,0.593,medium,60,scorer-v1,interviewed,2025-12-12 08:06
A004289,J0065,C00354,2026-07-21 02:29,0.447,low,69,scorer-v2,interviewed,2026-08-11 23:00
A004290,J0036,C00515,2026-05-09 13:21,0.137,low,67,scorer-v2,interviewed,2026-05-27 00:56
A004291,J0009,C00934,2026-06-17 10:05,0.707,medium,68,scorer-v2,hired,2026-07-01 12:12
A004292,J0054,C00924,2025-11-22 16:26,0.578,medium,65,scorer-v1,rejected,2025-12-12 07:14
A004293,J0011,C00945,2026-02-17 14:49,0.186,low,34,scorer-v1,rejected,2026-02-24 12:35
A004294,J0030,C00805,2026-05-10 05:28,0.13,low,39,scorer-v2,,
A004295,J0018,C00917,2026-06-22 13:04,0.077,low,66,scorer-v2,rejected,2026-07-11 20:45
A004296,J0006,C01358,2025-11-24 17:51,0.305,low,35,scorer-v1,rejected,2025-12-06 12:45
A004297,J0005,C00236,2026-04-21 05:22,0.473,low,75,scorer-v2,interviewed,2026-05-02 05:06
A004298,J0021,C01439,2026-02-20 11:21,0.626,medium,79,scorer-v1,rejected,2026-03-06 04:42
A004299,J0042,C00210,2025-09-21 18:22,0.938,good,96,scorer-v1,hired,2025-09-26 10:40
A004300,J0002,C00359,2026-04-26 22:48,0.389,low,53,scorer-v2,rejected,2026-05-16 09:36
A004301,J0040,C00092,2026-05-16 08:12,0.483,low,81,scorer-v2,hired,2026-05-22 16:17
A004302,J0076,C00571,2026-04-15 04:44,0.595,medium,60,scorer-v2,,
A004303,J0065,C00864,2026-02-17 22:04,0.765,medium,92,scorer-v1,interviewed,2026-03-15 08:13
A004304,J0034,C01444,2026-04-07 19:34,0.413,low,43,scorer-v2,rejected,2026-04-26 19:24
A004305,J0017,C00431,2026-06-16 14:23,0.486,low,77,scorer-v2,rejected,2026-06-27 03:25
A004306,J0046,C00065,2026-04-17 23:39,0.492,low,78,scorer-v2,hired,2026-04-21 16:50
A004307,J0046,C00093,2026-05-25 11:12,0.434,low,65,scorer-v2,rejected,2026-06-12 11:23
A004308,J0052,C00765,2026-04-19 05:45,0.652,medium,72,scorer-v2,rejected,2026-05-18 06:07
A004309,J0023,C00356,2025-11-01 20:30,0.526,medium,41,scorer-v1,rejected,2025-11-22 19:39
A004310,J0061,C00782,2026-05-28 18:15,0.427,low,64,scorer-v2,rejected,2026-06-16 02:35
A004311,J0040,C00859,2026-05-09 05:25,0.28,low,34,scorer-v2,rejected,2026-05-23 01:55
A004312,J0019,C01285,2025-11-24 20:24,0.96,good,83,scorer-v1,hired,2025-12-18 07:15
A004313,J0014,C00742,2025-12-06 21:34,0.384,low,22,scorer-v1,rejected,2025-12-28 14:24
A004314,J0048,C00563,2026-07-25 08:53,0.685,medium,78,scorer-v2,hired,2026-08-22 10:47
A004315,J0024,C00107,2025-10-02 23:44,0.528,medium,59,scorer-v1,rejected,2025-10-11 09:36
A004316,J0010,C01194,2025-11-07 00:34,0.566,medium,57,scorer-v1,rejected,2025-11-24 16:16
A004317,J0051,C00792,2026-01-24 12:31,0.135,low,37,scorer-v1,interviewed,2026-02-08 17:23
A004318,J0037,C01180,2026-07-03 08:05,0.665,medium,54,scorer-v2,hired,2026-07-14 09:25
A004319,J0002,C00984,2026-02-12 15:22,0.652,medium,67,scorer-v1,rejected,2026-02-22 19:09
A004320,J0023,C00302,2025-10-19 17:14,0.408,low,27,scorer-v1,rejected,2025-11-13 20:53
A004321,J0064,C00239,2025-09-27 13:08,0.503,medium,94,scorer-v1,rejected,2025-10-18 06:25
A004322,J0064,C00097,2025-12-14 23:55,0.352,low,36,scorer-v1,rejected,2025-12-28 14:23
A004323,J0039,C00905,2026-06-08 01:32,0.434,low,54,scorer-v2,rejected,2026-06-19 00:46
A004324,J0009,C00237,2026-04-28 23:58,0.474,low,68,scorer-v2,,
A004325,J0013,C01422,2025-12-22 19:47,0.133,low,52,scorer-v1,rejected,2026-01-13 06:39
A004326,J0059,C00038,2026-05-01 15:19,0.462,low,75,scorer-v2,rejected,2026-05-17 15:03
A004327,J0079,C01496,2026-04-20 22:06,0.436,low,52,scorer-v2,rejected,2026-04-30 15:45
A004328,J0004,C00801,2026-05-21 09:29,0.601,medium,76,scorer-v2,hired,2026-06-21 06:43
A004329,J0022,C01278,2025-09-20 23:12,0.852,good,76,scorer-v1,rejected,2025-10-11 15:38
A004330,J0001,C00680,2026-06-25 07:09,0.474,low,75,scorer-v2,interviewed,2026-07-14 15:05
A004331,J0073,C00041,2025-09-23 01:20,0.665,medium,61,scorer-v1,rejected,2025-10-07 13:04
A004332,J0037,C01296,2026-07-03 12:26,0.529,medium,54,scorer-v2,,
A004333,J0018,C01365,2026-03-04 22:39,0.074,low,72,scorer-v2,interviewed,2026-03-25 13:51
A004334,J0053,C00722,2025-11-16 18:08,0.901,good,76,scorer-v1,,
A004335,J0061,C00095,2025-11-08 21:12,0.68,medium,59,scorer-v1,interviewed,2025-12-09 03:08
A004336,J0054,C00392,2026-01-17 21:22,0.941,good,90,scorer-v1,interviewed,2026-01-24 02:20
A004337,J0016,C00731,2025-10-06 23:21,0.708,medium,78,scorer-v1,hired,2025-11-02 22:02
A004338,J0002,C00817,2025-12-20 10:14,0.723,medium,74,scorer-v1,,
A004339,J0042,C01132,2026-07-01 13:47,0.696,medium,64,scorer-v2,hired,2026-07-15 23:11
A004340,J0059,C00965,2026-05-19 10:30,0.501,medium,75,scorer-v2,hired,2026-06-12 19:53
A004341,J0036,C00203,2025-10-08 21:02,0.165,low,61,scorer-v1,rejected,2025-11-06 18:18
A004342,J0040,C00281,2026-02-26 12:06,0.653,medium,87,scorer-v1,hired,2026-03-17 19:44
A004343,J0063,C00191,2025-12-23 06:53,0.088,low,32,scorer-v1,rejected,2025-12-27 10:57
A004344,J0050,C00374,2025-09-22 04:00,0.409,low,46,scorer-v1,rejected,2025-10-05 09:59
A004345,J0072,C01089,2026-06-23 00:03,0.589,medium,74,scorer-v2,rejected,2026-07-04 21:59
A004346,J0014,C00921,2026-02-27 20:43,0.275,low,28,scorer-v1,rejected,2026-03-29 09:15
A004347,J0076,C00388,2026-01-19 04:07,0.596,medium,64,scorer-v1,rejected,2026-02-14 08:28
A004348,J0037,C01499,2026-07-01 06:10,0.934,good,100,scorer-v2,hired,2026-07-28 19:20
A004349,J0028,C01153,2025-10-04 07:15,0.706,medium,89,scorer-v1,hired,2025-10-11 01:50
A004350,J0046,C01078,2026-07-16 08:45,0.538,medium,77,scorer-v2,interviewed,2026-08-10 22:46
A004351,J0044,C01341,2026-02-27 23:24,0.316,low,34,scorer-v1,interviewed,2026-03-04 01:55
A004352,J0017,C01180,2026-01-06 06:00,0.662,medium,84,scorer-v1,hired,2026-01-18 22:11
A004353,J0055,C01439,2026-03-25 21:40,0.901,good,98,scorer-v2,,
A004354,J0002,C00544,2026-04-01 08:25,0.594,medium,55,scorer-v2,hired,2026-04-30 02:34
A004355,J0067,C00632,2025-10-08 09:11,0.588,medium,66,scorer-v1,hired,2025-10-27 17:44
A004356,J0007,C00147,2026-02-11 13:18,1.0,good,92,scorer-v1,interviewed,2026-03-09 13:11
A004357,J0040,C00129,2026-05-12 20:03,0.433,low,52,scorer-v2,rejected,2026-05-27 08:55
A004358,J0056,C00770,2026-06-14 01:20,0.419,low,74,scorer-v2,interviewed,2026-07-11 23:46
A004359,J0009,C01414,2025-09-19 02:54,0.729,medium,68,scorer-v1,interviewed,2025-09-26 14:07
A004360,J0003,C00796,2025-11-27 08:44,0.171,low,54,scorer-v1,hired,2025-12-23 05:25
A004361,J0049,C01058,2026-05-06 06:33,0.346,low,30,scorer-v2,rejected,2026-05-19 11:31
A004362,J0029,C00475,2026-07-08 21:52,0.856,good,89,scorer-v2,interviewed,2026-07-17 10:04
A004363,J0038,C00777,2026-03-28 18:50,0.763,medium,69,scorer-v2,interviewed,2026-04-07 16:39
A004364,J0020,C01020,2026-07-02 21:23,0.553,medium,70,scorer-v2,,
A004365,J0032,C00188,2026-05-19 14:38,0.707,medium,73,scorer-v2,rejected,2026-06-02 14:57
A004366,J0078,C00317,2026-03-14 00:10,0.539,medium,79,scorer-v2,interviewed,2026-03-19 12:22
A004367,J0079,C00001,2025-12-04 12:09,0.537,medium,51,scorer-v1,hired,2025-12-18 19:21
A004368,J0009,C01404,2026-04-25 09:06,0.438,low,82,scorer-v2,interviewed,2026-05-16 05:38
A004369,J0001,C01128,2026-03-25 03:11,0.379,low,71,scorer-v2,rejected,2026-04-03 17:47
A004370,J0015,C01038,2026-06-13 18:57,0.447,low,76,scorer-v2,rejected,2026-06-20 11:43
A004371,J0051,C01102,2025-10-16 05:49,0.143,low,57,scorer-v1,hired,2025-10-30 23:08
A004372,J0021,C00559,2025-12-11 17:56,0.378,low,29,scorer-v1,rejected,2025-12-27 13:51
A004373,J0054,C00853,2026-03-11 13:27,0.368,low,57,scorer-v2,rejected,2026-03-31 11:23
A004374,J0049,C00616,2025-10-22 23:49,0.245,low,36,scorer-v1,interviewed,2025-11-18 22:41
A004375,J0051,C00122,2026-01-08 01:54,0.137,low,74,scorer-v1,hired,2026-01-29 11:46
A004376,J0008,C01250,2026-04-09 03:16,0.173,low,90,scorer-v2,,
A004377,J0077,C01315,2026-03-20 02:57,0.132,low,72,scorer-v2,rejected,2026-03-25 16:07
A004378,J0015,C01154,2025-09-17 22:40,1.0,good,100,scorer-v1,hired,2025-10-06 11:32
A004379,J0064,C00459,2025-12-29 19:53,0.439,low,44,scorer-v1,rejected,2026-01-04 23:24
A004380,J0022,C01337,2026-07-16 15:01,0.62,medium,74,scorer-v2,,
A004381,J0064,C00799,2025-09-23 21:08,0.745,medium,48,scorer-v1,hired,2025-10-01 15:45
A004382,J0001,C00418,2025-10-12 09:54,0.415,low,55,scorer-v1,rejected,2025-10-22 15:00
A004383,J0078,C00337,2026-06-24 03:42,0.291,low,64,scorer-v2,rejected,2026-07-22 05:04
A004384,J0025,C01337,2026-04-29 12:26,0.333,low,41,scorer-v2,rejected,2026-05-05 01:48
A004385,J0051,C01216,2026-03-02 10:53,0.067,low,57,scorer-v2,hired,2026-03-05 17:28
A004386,J0004,C00331,2026-02-27 06:15,0.382,low,48,scorer-v1,,
A004387,J0033,C00300,2025-11-27 11:12,0.399,low,54,scorer-v1,rejected,2025-12-03 06:35
A004388,J0031,C00924,2026-02-22 20:54,0.621,medium,46,scorer-v1,rejected,2026-02-28 19:56
A004389,J0035,C01100,2026-01-26 01:21,0.629,medium,67,scorer-v1,hired,2026-02-25 03:37
A004390,J0048,C00651,2026-02-16 07:05,0.559,medium,54,scorer-v1,rejected,2026-03-13 15:50
A004391,J0004,C00550,2025-10-09 06:43,0.537,medium,40,scorer-v1,rejected,2025-10-16 18:52
A004392,J0076,C00158,2026-06-12 11:24,0.363,low,45,scorer-v2,rejected,2026-06-24 06:12
A004393,J0011,C01218,2026-03-18 01:27,0.747,medium,90,scorer-v2,hired,2026-04-03 09:51
A004394,J0042,C00199,2026-05-16 21:24,0.323,low,55,scorer-v2,rejected,2026-06-11 01:52
A004395,J0056,C00940,2026-05-18 23:26,0.723,medium,54,scorer-v2,rejected,2026-06-06 01:03
A004396,J0072,C00734,2026-04-03 11:22,0.416,low,66,scorer-v2,interviewed,2026-04-26 17:40
A004397,J0010,C00718,2026-07-10 18:21,0.716,medium,80,scorer-v2,interviewed,2026-07-15 04:49
A004398,J0052,C00266,2025-11-18 17:23,0.444,low,56,scorer-v1,rejected,2025-12-08 14:10
A004399,J0013,C01179,2026-02-16 21:36,0.044,low,35,scorer-v1,rejected,2026-03-01 14:09
A004400,J0018,C00040,2026-01-05 10:32,0.142,low,55,scorer-v1,hired,2026-01-16 14:50
A004401,J0002,C00449,2026-06-03 21:54,0.85,good,100,scorer-v2,hired,2026-06-21 14:25
A004402,J0004,C01375,2026-06-27 08:37,0.827,good,85,scorer-v2,interviewed,2026-07-15 05:39
A004403,J0056,C00466,2025-12-28 16:35,0.233,low,57,scorer-v1,rejected,2026-01-04 15:03
A004404,J0006,C01291,2026-06-03 16:29,0.469,low,71,scorer-v2,rejected,2026-07-03 00:00
A004405,J0052,C00083,2026-07-17 21:53,0.683,medium,73,scorer-v2,rejected,2026-07-21 17:18
A004406,J0046,C00877,2026-01-05 19:16,0.349,low,43,scorer-v1,interviewed,2026-02-05 00:35
A004407,J0062,C01165,2026-04-22 11:46,0.162,low,64,scorer-v2,rejected,2026-05-14 04:44
A004408,J0052,C01146,2025-10-11 08:21,0.558,medium,55,scorer-v1,interviewed,2025-11-04 14:09
A004409,J0073,C00360,2026-01-04 16:29,0.602,medium,62,scorer-v1,hired,2026-01-19 07:07
A004410,J0018,C00167,2026-01-03 21:46,0.106,low,69,scorer-v1,rejected,2026-01-23 02:10
A004411,J0037,C00636,2026-06-21 07:24,0.576,medium,83,scorer-v2,hired,2026-07-20 16:19
A004412,J0072,C00528,2026-06-25 22:23,0.366,low,67,scorer-v2,rejected,2026-07-08 04:44
A004413,J0015,C01488,2025-12-06 05:24,0.454,low,27,scorer-v1,rejected,2025-12-09 06:27
A004414,J0011,C01136,2026-01-08 09:08,0.593,medium,50,scorer-v1,rejected,2026-02-04 01:56
A004415,J0065,C00775,2026-01-24 02:42,0.554,medium,60,scorer-v1,rejected,2026-02-02 12:31
A004416,J0006,C01470,2026-01-27 23:10,0.712,medium,100,scorer-v1,interviewed,2026-02-13 03:16
A004417,J0065,C00687,2026-06-08 22:08,0.528,medium,86,scorer-v2,rejected,2026-06-13 11:33
A004418,J0015,C00790,2026-03-21 23:20,0.242,low,55,scorer-v2,rejected,2026-03-31 11:48
A004419,J0067,C00758,2026-01-27 23:00,0.78,medium,100,scorer-v1,,
A004420,J0030,C00447,2025-10-20 13:32,0.103,low,49,scorer-v1,rejected,2025-11-20 10:50
A004421,J0042,C00481,2026-06-13 16:51,0.529,medium,52,scorer-v2,rejected,2026-07-14 06:26
A004422,J0006,C00817,2025-10-19 21:40,0.43,low,42,scorer-v1,rejected,2025-11-02 14:25
A004423,J0044,C01322,2025-09-19 01:08,0.35,low,30,scorer-v1,rejected,2025-09-23 00:56
A004424,J0007,C00952,2026-01-24 13:07,0.654,medium,64,scorer-v1,rejected,2026-02-01 15:35
A004425,J0070,C00031,2026-04-16 10:36,0.858,good,100,scorer-v2,interviewed,2026-05-12 13:43
A004426,J0039,C01090,2026-05-16 14:51,0.454,low,57,scorer-v2,rejected,2026-05-23 02:20
A004427,J0062,C00536,2026-06-07 01:58,0.182,low,58,scorer-v2,rejected,2026-06-12 06:38
A004428,J0053,C00735,2026-01-05 10:15,0.879,good,70,scorer-v1,interviewed,2026-02-03 15:52
A004429,J0060,C00649,2026-04-21 12:21,0.072,low,34,scorer-v2,rejected,2026-05-09 22:28
A004430,J0074,C00023,2026-01-20 23:02,0.795,medium,87,scorer-v1,,
A004431,J0003,C00574,2026-04-24 10:34,0.17,low,84,scorer-v2,hired,2026-05-02 18:00
A004432,J0056,C00157,2026-06-05 22:48,0.59,medium,72,scorer-v2,interviewed,2026-07-04 23:27
A004433,J0052,C00706,2026-05-05 01:02,0.92,good,76,scorer-v2,hired,2026-05-26 05:28
A004434,J0060,C01422,2026-04-07 12:40,0.175,low,90,scorer-v2,,
A004435,J0038,C00580,2026-03-13 09:41,0.48,low,63,scorer-v2,rejected,2026-03-19 06:07
A004436,J0025,C01483,2026-07-18 22:25,0.466,low,62,scorer-v2,hired,2026-08-08 03:43
A004437,J0066,C00448,2025-10-31 15:08,0.437,low,84,scorer-v1,,
A004438,J0027,C00535,2025-11-11 08:02,0.602,medium,52,scorer-v1,hired,2025-11-20 12:49
A004439,J0066,C00440,2026-04-20 13:24,0.612,medium,61,scorer-v2,hired,2026-05-12 07:53
A004440,J0012,C00992,2025-12-06 08:02,0.078,low,42,scorer-v1,rejected,2025-12-09 10:15
A004441,J0029,C01024,2026-03-23 16:50,0.365,low,64,scorer-v2,rejected,2026-04-07 18:36
A004442,J0053,C00439,2025-11-19 20:30,0.702,medium,66,scorer-v1,interviewed,2025-12-11 08:22
A004443,J0070,C00426,2025-09-24 06:33,0.625,medium,61,scorer-v1,interviewed,2025-10-18 09:51
A004444,J0020,C00532,2025-12-13 21:26,0.827,good,80,scorer-v1,interviewed,2025-12-24 21:01
A004445,J0002,C01015,2026-06-07 01:17,0.331,low,56,scorer-v2,rejected,2026-07-01 20:18
A004446,J0069,C00800,2026-07-18 14:36,0.533,medium,100,scorer-v2,rejected,2026-08-05 12:43
A004447,J0043,C00762,2025-09-16 05:05,0.629,medium,75,scorer-v1,interviewed,2025-09-27 12:28
A004448,J0069,C01430,2026-01-14 23:06,0.75,medium,67,scorer-v1,interviewed,2026-01-28 19:48
A004449,J0045,C01488,2026-05-23 12:14,0.188,low,64,scorer-v2,,
A004450,J0024,C00065,2025-11-07 15:52,0.497,low,41,scorer-v1,,
A004451,J0052,C00363,2026-04-06 18:12,0.493,low,68,scorer-v2,rejected,2026-04-29 16:38
A004452,J0041,C00484,2026-01-17 19:25,0.428,low,62,scorer-v1,rejected,2026-02-14 17:05
A004453,J0070,C01272,2026-07-20 09:21,0.594,medium,69,scorer-v2,rejected,2026-07-29 10:43
A004454,J0051,C00331,2026-03-03 08:11,0.205,low,100,scorer-v2,hired,2026-03-19 22:27
A004455,J0018,C01426,2025-10-16 11:00,0.212,low,77,scorer-v1,interviewed,2025-11-05 17:52
A004456,J0032,C00457,2026-07-03 05:28,0.465,low,29,scorer-v2,rejected,2026-07-22 18:45
A004457,J0014,C00392,2025-09-22 14:07,0.544,medium,49,scorer-v1,rejected,2025-10-04 23:47
A004458,J0061,C00497,2026-07-07 09:00,0.438,low,38,scorer-v2,hired,2026-07-25 05:49
A004459,J0002,C00713,2026-06-06 21:44,0.634,medium,75,scorer-v2,hired,2026-06-19 19:40
A004460,J0073,C01160,2026-02-22 19:39,0.411,low,72,scorer-v1,rejected,2026-03-02 21:00
A004461,J0022,C00527,2026-06-26 03:55,0.52,medium,44,scorer-v2,rejected,2026-07-12 14:38
A004462,J0057,C00325,2026-04-29 05:23,0.17,low,73,scorer-v2,interviewed,2026-05-26 06:01
A004463,J0024,C01031,2026-07-05 02:50,0.786,medium,94,scorer-v2,rejected,2026-07-12 13:50
A004464,J0052,C01434,2026-04-20 14:42,0.407,low,71,scorer-v2,hired,2026-05-14 09:07
A004465,J0043,C00260,2026-04-09 00:05,0.608,medium,80,scorer-v2,rejected,2026-04-18 01:02
A004466,J0029,C00220,2025-12-10 07:12,0.421,low,62,scorer-v1,rejected,2025-12-20 12:25
A004467,J0018,C00796,2026-07-05 04:52,0.11,low,72,scorer-v2,interviewed,2026-07-19 02:38
A004468,J0038,C00368,2026-07-05 15:14,0.541,medium,75,scorer-v2,hired,2026-08-01 13:12
A004469,J0078,C00445,2026-03-07 08:04,0.546,medium,69,scorer-v2,hired,2026-03-29 13:51
A004470,J0050,C00479,2025-11-29 08:09,0.882,good,73,scorer-v1,interviewed,2025-12-04 01:43
A004471,J0036,C00588,2026-02-15 10:38,0.203,low,61,scorer-v1,hired,2026-02-19 18:39
A004472,J0074,C00790,2025-11-12 06:41,0.629,medium,71,scorer-v1,,
A004473,J0051,C00418,2025-11-07 13:33,0.078,low,55,scorer-v1,rejected,2025-11-30 13:12
A004474,J0003,C00138,2026-01-23 10:09,0.191,low,78,scorer-v1,hired,2026-02-15 12:18
A004475,J0008,C01004,2025-10-30 05:43,0.161,low,87,scorer-v1,hired,2025-11-11 05:14
A004476,J0035,C01157,2026-06-16 10:33,0.302,low,44,scorer-v2,rejected,2026-06-24 03:30
A004477,J0037,C00239,2026-02-11 07:28,0.623,medium,80,scorer-v1,rejected,2026-02-19 04:44
A004478,J0013,C00704,2026-03-10 17:24,0.247,low,91,scorer-v2,hired,2026-04-02 05:50
A004479,J0020,C00675,2025-12-07 00:57,0.917,good,82,scorer-v1,,
A004480,J0047,C00739,2025-12-31 11:23,0.236,low,75,scorer-v1,rejected,2026-01-12 07:48
A004481,J0080,C00099,2026-05-31 06:28,0.159,low,58,scorer-v2,rejected,2026-06-18 19:54
A004482,J0028,C00139,2025-09-29 10:21,0.574,medium,68,scorer-v1,rejected,2025-10-07 18:12
A004483,J0031,C00603,2026-06-30 01:32,0.419,low,42,scorer-v2,rejected,2026-07-28 11:51
A004484,J0028,C00409,2025-12-19 22:58,0.923,good,76,scorer-v1,hired,2025-12-24 15:05
A004485,J0076,C00311,2026-03-01 03:27,0.794,medium,73,scorer-v2,hired,2026-03-19 01:58
A004486,J0006,C00841,2026-06-21 18:44,0.492,low,52,scorer-v2,rejected,2026-07-14 07:55
A004487,J0062,C00448,2026-06-19 15:03,0.137,low,100,scorer-v2,rejected,2026-06-27 13:56
A004488,J0044,C00997,2025-09-16 22:48,0.415,low,32,scorer-v1,rejected,2025-10-15 07:44
A004489,J0066,C00011,2026-02-25 21:47,0.552,medium,56,scorer-v1,hired,2026-03-10 03:14
A004490,J0037,C00438,2026-02-09 22:30,0.319,low,49,scorer-v1,interviewed,2026-02-22 21:54
A004491,J0010,C00123,2026-01-18 09:42,0.674,medium,72,scorer-v1,rejected,2026-01-30 00:24
A004492,J0054,C00155,2026-03-22 18:04,0.618,medium,80,scorer-v2,interviewed,2026-04-17 01:56
A004493,J0019,C00322,2025-12-19 23:29,0.753,medium,70,scorer-v1,hired,2025-12-23 16:21
A004494,J0077,C00299,2025-11-24 11:51,0.254,low,94,scorer-v1,hired,2025-12-14 23:08
A004495,J0078,C01054,2026-05-10 05:20,0.453,low,70,scorer-v2,,
A004496,J0022,C00338,2026-06-09 15:42,0.52,medium,57,scorer-v2,interviewed,2026-07-06 17:22
A004497,J0061,C00157,2026-06-03 22:38,0.509,medium,55,scorer-v2,interviewed,2026-06-12 10:16
A004498,J0033,C01040,2025-09-03 14:55,0.552,medium,55,scorer-v1,hired,2025-09-12 22:21
A004499,J0064,C01259,2025-12-26 09:36,0.653,medium,60,scorer-v1,hired,2026-01-20 07:27
A004500,J0027,C00126,2026-01-01 08:53,0.51,medium,41,scorer-v1,interviewed,2026-01-18 00:40
A004501,J0067,C00827,2025-12-28 02:18,0.702,medium,92,scorer-v1,interviewed,2026-01-08 08:31
A004502,J0036,C00727,2025-12-10 02:03,0.129,low,63,scorer-v1,hired,2025-12-27 19:28
A004503,J0075,C00060,2026-03-03 19:48,0.182,low,82,scorer-v2,,
A004504,J0017,C00883,2026-07-12 10:35,0.868,good,98,scorer-v2,interviewed,2026-08-09 01:49
A004505,J0007,C00945,2026-07-26 12:58,0.633,medium,73,scorer-v2,interviewed,2026-08-14 13:37
A004506,J0010,C01245,2025-10-04 07:24,0.687,medium,45,scorer-v1,rejected,2025-10-22 10:04
A004507,J0006,C00208,2025-12-28 17:14,0.97,good,99,scorer-v1,hired,2026-01-26 12:43
A004508,J0012,C01105,2025-10-15 11:10,0.135,low,53,scorer-v1,rejected,2025-10-26 02:55
A004509,J0043,C01175,2025-12-29 11:05,0.613,medium,70,scorer-v1,hired,2026-01-24 13:39
A004510,J0078,C01411,2025-09-26 17:52,0.56,medium,62,scorer-v1,interviewed,2025-10-16 23:12
A004511,J0006,C00704,2026-03-25 07:46,0.401,low,56,scorer-v2,rejected,2026-04-13 06:44
A004512,J0026,C00054,2026-03-10 07:24,0.131,low,58,scorer-v2,interviewed,2026-04-06 02:24
A004513,J0061,C00328,2025-09-23 14:20,0.605,medium,67,scorer-v1,rejected,2025-09-28 14:29
A004514,J0010,C00707,2026-02-14 01:15,0.498,low,46,scorer-v1,rejected,2026-03-14 04:25
A004515,J0036,C01427,2026-02-06 07:23,0.159,low,62,scorer-v1,rejected,2026-02-13 15:31
A004516,J0051,C00208,2026-05-05 13:31,0.146,low,49,scorer-v2,hired,2026-05-19 08:34
A004517,J0079,C00696,2026-04-09 01:56,0.366,low,82,scorer-v2,hired,2026-04-19 09:33
A004518,J0023,C00908,2026-03-05 08:18,0.402,low,47,scorer-v2,hired,2026-03-19 07:53
A004519,J0071,C00827,2026-05-08 19:39,0.891,good,91,scorer-v2,hired,2026-05-16 00:39
A004520,J0023,C00781,2025-11-26 22:54,0.578,medium,68,scorer-v1,interviewed,2025-12-16 12:14
A004521,J0055,C00140,2026-05-24 19:57,0.431,low,49,scorer-v2,hired,2026-05-29 09:06
A004522,J0075,C01175,2026-07-26 05:38,0.158,low,79,scorer-v2,rejected,2026-08-24 00:45
A004523,J0052,C01497,2026-06-14 01:25,0.333,low,50,scorer-v2,interviewed,2026-06-29 20:49
A004524,J0078,C00230,2026-05-25 21:36,0.712,medium,76,scorer-v2,interviewed,2026-06-09 10:55
A004525,J0029,C00898,2026-02-27 10:58,0.306,low,44,scorer-v1,rejected,2026-03-19 22:11
A004526,J0005,C01045,2025-12-30 02:28,0.486,low,63,scorer-v1,rejected,2026-01-05 11:23
A004527,J0032,C00391,2026-02-09 21:47,0.56,medium,51,scorer-v1,interviewed,2026-02-24 13:08
A004528,J0043,C00366,2026-07-13 12:31,0.584,medium,75,scorer-v2,rejected,2026-08-04 09:53
A004529,J0034,C00954,2026-02-03 12:06,0.665,medium,67,scorer-v1,hired,2026-02-28 05:10
A004530,J0049,C00233,2026-05-05 03:15,0.686,medium,83,scorer-v2,hired,2026-05-26 03:52
A004531,J0051,C00782,2026-05-22 17:15,0.151,low,93,scorer-v2,,
A004532,J0020,C01370,2026-05-17 09:11,0.697,medium,82,scorer-v2,interviewed,2026-05-22 21:35
A004533,J0048,C01435,2026-03-15 22:56,0.636,medium,55,scorer-v2,hired,2026-04-09 03:37
A004534,J0060,C00790,2026-06-16 03:47,0.106,low,79,scorer-v2,rejected,2026-06-21 20:14
A004535,J0073,C01030,2026-07-10 07:06,0.875,good,71,scorer-v2,hired,2026-07-18 08:43
A004536,J0002,C00016,2026-04-09 13:56,0.333,low,38,scorer-v2,,
A004537,J0043,C01497,2025-10-14 12:58,0.553,medium,73,scorer-v1,rejected,2025-11-03 22:27
A004538,J0032,C01368,2025-12-25 01:44,0.412,low,42,scorer-v1,rejected,2026-01-08 02:22
A004539,J0032,C00390,2026-01-27 12:41,0.698,medium,59,scorer-v1,interviewed,2026-02-14 18:03
A004540,J0036,C00747,2025-12-08 05:35,0.136,low,54,scorer-v1,interviewed,2025-12-20 11:16
A004541,J0033,C00598,2026-06-03 20:13,0.515,medium,78,scorer-v2,rejected,2026-07-04 14:49
A004542,J0036,C01237,2026-02-17 18:34,0.107,low,75,scorer-v1,,
A004543,J0034,C00794,2026-03-03 00:22,0.357,low,36,scorer-v2,rejected,2026-03-28 07:53
A004544,J0027,C01435,2026-04-19 08:45,0.682,medium,79,scorer-v2,hired,2026-05-08 04:38
A004545,J0007,C00175,2025-11-26 22:37,0.694,medium,45,scorer-v1,rejected,2025-12-08 10:49
A004546,J0057,C00090,2026-03-15 23:55,0.045,low,33,scorer-v2,rejected,2026-03-28 17:10
A004547,J0044,C00976,2026-07-27 06:16,0.218,low,31,scorer-v2,rejected,2026-08-02 02:13
A004548,J0063,C01210,2026-06-27 14:08,0.223,low,88,scorer-v2,hired,2026-07-04 18:03
A004549,J0039,C00847,2026-03-05 06:36,0.618,medium,95,scorer-v2,rejected,2026-03-21 00:40
A004550,J0079,C00708,2025-11-05 10:41,0.585,medium,52,scorer-v1,hired,2025-11-11 23:20
A004551,J0020,C00789,2026-02-16 17:31,0.654,medium,72,scorer-v1,rejected,2026-03-05 08:16
A004552,J0029,C01036,2025-11-02 12:07,0.499,low,56,scorer-v1,interviewed,2025-11-22 02:56
A004553,J0007,C00249,2026-05-25 12:45,0.551,medium,70,scorer-v2,interviewed,2026-06-06 23:11
A004554,J0060,C00916,2026-01-18 15:56,0.101,low,55,scorer-v1,hired,2026-02-04 19:08
A004555,J0048,C01402,2026-03-01 09:10,0.352,low,52,scorer-v2,rejected,2026-03-25 02:02
A004556,J0075,C00860,2026-06-07 04:31,0.051,low,72,scorer-v2,rejected,2026-06-21 06:34
A004557,J0033,C00996,2026-01-05 20:31,0.653,medium,70,scorer-v1,rejected,2026-01-11 12:03
A004558,J0049,C01008,2025-12-08 04:19,0.725,medium,82,scorer-v1,interviewed,2025-12-24 21:32
A004559,J0077,C01277,2026-04-27 10:43,0.187,low,85,scorer-v2,hired,2026-05-13 07:50
A004560,J0038,C00071,2026-03-01 00:12,0.738,medium,62,scorer-v2,rejected,2026-03-16 22:23
A004561,J0016,C00424,2026-03-03 08:37,0.684,medium,80,scorer-v2,hired,2026-03-24 14:04
A004562,J0034,C00351,2026-06-26 00:34,0.862,good,100,scorer-v2,hired,2026-06-29 19:22
A004563,J0024,C01480,2026-01-22 13:58,0.886,good,78,scorer-v1,hired,2026-02-18 17:09
A004564,J0016,C01206,2026-03-29 09:07,0.672,medium,74,scorer-v2,hired,2026-04-03 17:03
A004565,J0003,C00167,2025-11-03 05:09,0.075,low,47,scorer-v1,rejected,2025-11-30 16:30
A004566,J0072,C00513,2026-03-11 00:18,0.69,medium,72,scorer-v2,hired,2026-04-09 05:28
A004567,J0043,C00170,2026-04-16 01:35,0.732,medium,76,scorer-v2,hired,2026-05-13 07:28
A004568,J0077,C00071,2025-10-29 03:33,0.065,low,46,scorer-v1,hired,2025-11-06 11:20
A004569,J0076,C00292,2025-11-03 16:50,0.566,medium,53,scorer-v1,rejected,2025-11-26 13:58
A004570,J0065,C01013,2025-09-12 01:02,0.42,low,54,scorer-v1,rejected,2025-10-06 07:39
A004571,J0071,C00753,2026-05-09 12:10,0.32,low,67,scorer-v2,interviewed,2026-05-25 04:02
A004572,J0053,C00903,2026-05-04 09:59,0.515,medium,67,scorer-v2,hired,2026-05-13 09:59
A004573,J0012,C01445,2026-01-12 22:30,0.143,low,68,scorer-v1,interviewed,2026-01-28 09:48
A004574,J0053,C01318,2026-03-29 20:05,0.573,medium,65,scorer-v2,hired,2026-04-17 01:59
A004575,J0038,C00333,2026-07-11 00:06,0.564,medium,86,scorer-v2,interviewed,2026-07-19 11:07
A004576,J0026,C00286,2026-07-17 20:31,0.246,low,93,scorer-v2,hired,2026-07-28 08:26
A004577,J0052,C00523,2026-04-05 10:14,0.693,medium,73,scorer-v2,interviewed,2026-04-08 21:55
A004578,J0013,C00223,2026-04-29 11:09,0.127,low,61,scorer-v2,rejected,2026-05-18 21:16
A004579,J0001,C00390,2025-11-19 16:29,0.366,low,59,scorer-v1,interviewed,2025-12-10 03:48
A004580,J0078,C00765,2026-07-10 09:10,0.543,medium,78,scorer-v2,rejected,2026-07-22 19:27
A004581,J0002,C00080,2026-01-03 07:54,0.479,low,48,scorer-v1,,
A004582,J0015,C00939,2026-06-15 18:03,0.92,good,100,scorer-v2,hired,2026-06-30 06:32
A004583,J0051,C00632,2026-01-10 10:34,0.209,low,100,scorer-v1,interviewed,2026-01-23 10:39
A004584,J0047,C00289,2026-01-21 14:24,0.038,low,62,scorer-v1,rejected,2026-02-19 13:43
A004585,J0028,C00262,2026-02-10 16:11,0.55,medium,47,scorer-v1,rejected,2026-02-24 23:49
A004586,J0015,C00323,2025-12-05 01:08,0.467,low,57,scorer-v1,hired,2025-12-13 00:53
A004587,J0067,C01430,2026-06-07 04:50,0.589,medium,67,scorer-v2,,
A004588,J0049,C01103,2025-10-14 17:31,0.459,low,67,scorer-v1,rejected,2025-11-06 04:12
A004589,J0078,C00087,2025-10-27 11:17,0.481,low,67,scorer-v1,rejected,2025-11-06 10:52
A004590,J0059,C00750,2025-09-13 02:36,0.657,medium,68,scorer-v1,hired,2025-09-17 12:55
A004591,J0038,C00201,2026-01-22 23:13,0.447,low,42,scorer-v1,hired,2026-02-11 04:21
A004592,J0064,C00004,2025-09-28 00:18,0.411,low,8,scorer-v1,rejected,2025-10-01 06:25
A004593,J0047,C00084,2025-11-10 16:42,0.0,low,57,scorer-v1,rejected,2025-11-23 21:51
A004594,J0001,C01113,2025-12-02 13:01,0.517,medium,66,scorer-v1,rejected,2026-01-01 07:55
A004595,J0067,C01019,2026-01-21 10:22,0.209,low,25,scorer-v1,rejected,2026-02-14 00:27
A004596,J0080,C01337,2026-03-17 12:03,0.15,low,69,scorer-v2,hired,2026-03-30 12:39
A004597,J0048,C01313,2025-10-07 02:23,0.439,low,35,scorer-v1,rejected,2025-10-30 03:15
A004598,J0013,C00639,2026-05-09 14:18,0.169,low,53,scorer-v2,rejected,2026-05-12 18:51
A004599,J0035,C00293,2026-03-03 20:49,0.56,medium,67,scorer-v2,rejected,2026-04-02 11:52
A004600,J0024,C01283,2025-10-21 04:00,0.543,medium,61,scorer-v1,hired,2025-11-18 12:38
A004601,J0058,C00364,2025-09-16 22:02,0.522,medium,62,scorer-v1,hired,2025-10-16 23:31
A004602,J0040,C00812,2026-06-24 10:26,0.648,medium,59,scorer-v2,interviewed,2026-07-22 03:08
A004603,J0057,C00012,2026-04-28 23:06,0.139,low,51,scorer-v2,rejected,2026-05-18 20:00
A004604,J0062,C01442,2025-11-07 11:10,0.155,low,41,scorer-v1,interviewed,2025-12-05 22:03
A004605,J0072,C00965,2026-04-11 09:29,0.855,good,98,scorer-v2,hired,2026-05-09 10:05
A004606,J0018,C00693,2026-02-28 16:46,0.066,low,56,scorer-v1,rejected,2026-03-29 11:49
A004607,J0041,C01190,2026-07-03 01:27,0.577,medium,83,scorer-v2,rejected,2026-07-12 12:14
A004608,J0028,C01179,2026-06-07 15:55,0.491,low,45,scorer-v2,rejected,2026-06-14 20:38
A004609,J0053,C00236,2026-06-23 05:20,0.67,medium,70,scorer-v2,hired,2026-07-01 20:51
A004610,J0067,C01040,2026-01-15 01:54,0.588,medium,37,scorer-v1,hired,2026-01-22 21:37
A004611,J0003,C01087,2026-06-04 14:43,0.157,low,66,scorer-v2,interviewed,2026-06-26 21:42
A004612,J0068,C00406,2026-04-26 09:07,0.912,good,85,scorer-v2,interviewed,2026-05-13 06:53
A004613,J0046,C00787,2026-03-29 22:54,0.905,good,98,scorer-v2,hired,2026-04-12 09:55
A004614,J0004,C01383,2026-05-05 00:30,0.538,medium,70,scorer-v2,hired,2026-05-29 23:15
A004615,J0065,C00187,2025-10-13 16:52,0.693,medium,63,scorer-v1,rejected,2025-10-21 12:46
A004616,J0056,C01499,2026-04-17 12:50,0.476,low,55,scorer-v2,hired,2026-05-06 04:49
A004617,J0059,C00734,2026-01-07 13:02,0.51,medium,54,scorer-v1,interviewed,2026-01-29 14:43
A004618,J0046,C00151,2026-03-21 06:50,0.52,medium,63,scorer-v2,interviewed,2026-04-08 19:22
A004619,J0028,C01205,2026-02-26 23:06,0.594,medium,55,scorer-v1,interviewed,2026-03-28 21:36
A004620,J0062,C00928,2026-01-08 03:39,0.16,low,69,scorer-v1,interviewed,2026-01-17 15:28
A004621,J0020,C01402,2026-02-10 03:50,0.574,medium,43,scorer-v1,rejected,2026-02-23 02:32
A004622,J0067,C00795,2025-12-19 02:52,0.189,low,39,scorer-v1,rejected,2025-12-26 10:22
A004623,J0054,C01155,2026-01-05 00:35,0.261,low,17,scorer-v1,hired,2026-01-08 02:15
A004624,J0010,C01237,2025-09-18 05:26,0.817,good,100,scorer-v1,interviewed,2025-10-01 10:25
A004625,J0025,C01454,2025-12-11 01:23,0.417,low,49,scorer-v1,rejected,2026-01-10 07:29
A004626,J0056,C01215,2026-01-27 12:13,0.387,low,45,scorer-v1,rejected,2026-02-26 08:29
A004627,J0055,C00598,2026-06-27 00:29,0.389,low,80,scorer-v2,rejected,2026-07-06 19:07
A004628,J0017,C00055,2025-09-26 09:08,0.527,medium,27,scorer-v1,interviewed,2025-10-17 09:50
A004629,J0073,C00870,2026-02-22 06:21,0.332,low,60,scorer-v1,hired,2026-03-06 23:07
A004630,J0012,C00943,2026-03-15 10:46,0.188,low,75,scorer-v2,interviewed,2026-03-21 09:29
A004631,J0016,C01203,2025-10-27 08:28,0.522,medium,63,scorer-v1,rejected,2025-11-11 16:49
A004632,J0051,C00843,2026-01-14 14:08,0.117,low,58,scorer-v1,interviewed,2026-02-10 03:46
A004633,J0055,C00246,2026-03-29 20:37,0.554,medium,72,scorer-v2,rejected,2026-04-05 15:06
A004634,J0035,C01388,2026-04-05 10:23,0.463,low,63,scorer-v2,rejected,2026-04-26 05:46
A004635,J0036,C00955,2026-01-20 06:24,0.168,low,75,scorer-v1,interviewed,2026-02-02 12:15
A004636,J0068,C00335,2026-03-14 00:38,0.681,medium,76,scorer-v2,rejected,2026-03-28 23:03
A004637,J0060,C00272,2025-09-02 22:22,0.003,low,46,scorer-v1,rejected,2025-09-28 07:42
A004638,J0005,C01080,2026-07-08 20:00,0.736,medium,70,scorer-v2,,
A004639,J0050,C00627,2026-05-03 06:00,0.583,medium,68,scorer-v2,hired,2026-05-09 23:10
A004640,J0067,C01218,2026-03-05 09:04,0.553,medium,70,scorer-v2,rejected,2026-03-18 08:25
A004641,J0006,C00037,2026-07-10 02:51,0.745,medium,97,scorer-v2,hired,2026-07-17 05:53
A004642,J0047,C00041,2026-01-05 01:07,0.081,low,67,scorer-v1,rejected,2026-01-16 21:19
A004643,J0065,C00466,2025-12-31 14:39,0.342,low,54,scorer-v1,rejected,2026-01-14 13:10
A004644,J0024,C00730,2025-09-10 21:09,0.391,low,48,scorer-v1,interviewed,2025-09-20 01:10
A004645,J0022,C00819,2025-11-04 07:11,0.508,medium,59,scorer-v1,rejected,2025-11-27 16:16
A004646,J0034,C00862,2026-04-30 09:29,0.249,low,26,scorer-v2,rejected,2026-05-08 02:35
A004647,J0003,C01082,2026-06-04 07:04,0.156,low,74,scorer-v2,,
A004648,J0005,C01482,2025-11-04 14:21,0.455,low,54,scorer-v1,rejected,2025-11-19 22:57
A004649,J0070,C00413,2026-05-14 03:40,0.602,medium,67,scorer-v2,hired,2026-06-05 13:30
A004650,J0010,C01153,2026-01-10 22:20,0.655,medium,71,scorer-v1,hired,2026-01-14 17:55
A004651,J0024,C00984,2025-12-20 18:46,0.233,low,20,scorer-v1,interviewed,2025-12-30 18:38
A004652,J0049,C00939,2026-05-29 22:00,0.564,medium,60,scorer-v2,rejected,2026-06-24 18:32
A004653,J0052,C01414,2026-05-12 10:14,0.555,medium,82,scorer-v2,rejected,2026-05-25 02:50
A004654,J0033,C01464,2026-06-19 10:25,0.497,low,53,scorer-v2,hired,2026-07-16 09:17
A004655,J0061,C00733,2026-01-10 21:46,0.464,low,51,scorer-v1,rejected,2026-01-20 12:04
A004656,J0016,C00251,2025-10-09 20:24,0.69,medium,62,scorer-v1,hired,2025-11-05 05:12
A004657,J0075,C00290,2026-02-21 00:48,0.078,low,61,scorer-v1,rejected,2026-03-10 04:32
A004658,J0048,C00648,2026-04-17 06:00,0.553,medium,84,scorer-v2,hired,2026-05-08 16:18
A004659,J0068,C01298,2025-12-07 22:10,0.349,low,33,scorer-v1,rejected,2025-12-30 20:09
A004660,J0052,C00783,2026-02-06 09:50,0.565,medium,75,scorer-v1,interviewed,2026-02-25 01:05
A004661,J0005,C00797,2025-12-14 19:35,0.572,medium,65,scorer-v1,hired,2025-12-26 10:36
A004662,J0058,C01433,2025-11-17 15:57,0.542,medium,34,scorer-v1,rejected,2025-11-30 02:46
A004663,J0068,C00254,2025-12-15 03:14,0.629,medium,60,scorer-v1,hired,2025-12-28 23:20
A004664,J0042,C00672,2025-11-23 03:28,0.624,medium,47,scorer-v1,,
A004665,J0039,C00789,2025-10-05 11:16,0.487,low,58,scorer-v1,rejected,2025-10-27 14:05
A004666,J0024,C01064,2026-06-03 08:08,0.665,medium,79,scorer-v2,rejected,2026-06-07 02:01
A004667,J0054,C00104,2026-01-02 15:52,0.521,medium,86,scorer-v1,,
A004668,J0004,C01017,2026-05-18 01:30,0.468,low,57,scorer-v2,rejected,2026-06-02 21:14
A004669,J0077,C01366,2026-02-12 09:20,0.23,low,99,scorer-v1,hired,2026-03-11 05:58
A004670,J0030,C00320,2025-12-29 02:57,0.075,low,23,scorer-v1,rejected,2026-01-02 22:54
A004671,J0047,C00434,2025-12-30 04:48,0.117,low,56,scorer-v1,,
A004672,J0004,C00215,2026-04-06 23:27,0.792,medium,80,scorer-v2,,
A004673,J0032,C01168,2026-07-04 13:00,0.408,low,59,scorer-v2,rejected,2026-08-03 02:38
A004674,J0069,C01171,2026-02-10 13:27,0.473,low,59,scorer-v1,interviewed,2026-02-20 00:06
A004675,J0046,C01474,2025-12-22 17:39,0.51,medium,40,scorer-v1,rejected,2026-01-13 04:46
A004676,J0074,C00361,2026-06-04 09:42,0.383,low,41,scorer-v2,hired,2026-06-08 01:50
A004677,J0050,C01479,2026-01-20 12:09,0.578,medium,41,scorer-v1,hired,2026-01-24 01:30
A004678,J0037,C01377,2026-02-02 21:00,0.602,medium,48,scorer-v1,rejected,2026-02-26 23:02
A004679,J0005,C00051,2026-01-18 09:15,0.847,good,84,scorer-v1,hired,2026-02-14 22:23
A004680,J0069,C00022,2026-05-23 09:37,0.459,low,63,scorer-v2,rejected,2026-06-15 03:10
A004681,J0066,C00359,2025-12-29 16:38,0.569,medium,53,scorer-v1,rejected,2026-01-28 13:13
A004682,J0052,C01134,2025-10-03 11:50,0.378,low,70,scorer-v1,interviewed,2025-10-14 12:59
A004683,J0057,C00920,2026-01-31 19:45,0.171,low,61,scorer-v1,hired,2026-02-28 03:37
A004684,J0007,C00837,2026-05-30 13:42,0.499,low,70,scorer-v2,hired,2026-06-11 16:27
A004685,J0065,C00587,2026-06-11 08:45,0.868,good,69,scorer-v2,rejected,2026-06-19 13:24
A004686,J0020,C00073,2026-01-09 12:22,0.958,good,100,scorer-v1,hired,2026-01-17 09:10
A004687,J0008,C00521,2026-06-17 07:53,0.248,low,100,scorer-v2,hired,2026-07-06 22:20
A004688,J0074,C00290,2026-03-10 08:29,0.846,good,90,scorer-v2,hired,2026-04-08 07:07
A004689,J0014,C00276,2026-06-03 06:17,0.27,low,29,scorer-v2,rejected,2026-06-24 11:06
A004690,J0076,C00416,2026-02-07 19:24,0.482,low,54,scorer-v1,,
A004691,J0054,C01102,2026-01-31 21:17,1.0,good,100,scorer-v1,interviewed,2026-02-17 21:01
A004692,J0056,C00915,2025-11-02 16:48,0.293,low,34,scorer-v1,rejected,2025-11-26 07:57
A004693,J0049,C00128,2026-01-13 00:54,0.42,low,70,scorer-v1,rejected,2026-02-11 10:03
A004694,J0010,C00201,2025-09-25 16:51,0.753,medium,70,scorer-v1,interviewed,2025-10-19 05:11
A004695,J0050,C01224,2025-11-03 16:16,0.847,good,100,scorer-v1,hired,2025-11-18 15:57
A004696,J0003,C00921,2026-03-18 19:01,0.05,low,58,scorer-v2,rejected,2026-03-22 04:34
A004697,J0036,C01342,2025-11-11 01:06,0.063,low,50,scorer-v1,rejected,2025-11-30 08:33
A004698,J0039,C01458,2026-02-01 03:24,0.685,medium,55,scorer-v1,rejected,2026-02-19 09:10
A004699,J0075,C01040,2026-04-25 04:25,0.213,low,79,scorer-v2,hired,2026-05-01 15:19
A004700,J0027,C00669,2026-01-04 07:05,0.543,medium,44,scorer-v1,rejected,2026-01-11 07:26
A004701,J0053,C01001,2025-11-28 18:59,0.65,medium,72,scorer-v1,interviewed,2025-12-11 16:47
A004702,J0011,C00208,2025-10-06 19:19,0.797,medium,79,scorer-v1,hired,2025-10-15 02:54
A004703,J0056,C00450,2026-07-15 17:33,0.403,low,57,scorer-v2,rejected,2026-07-25 07:14
A004704,J0011,C01237,2025-11-03 22:54,0.453,low,55,scorer-v1,interviewed,2025-11-27 04:28
A004705,J0001,C01242,2026-04-25 19:38,0.691,medium,72,scorer-v2,rejected,2026-05-17 09:00
A004706,J0055,C00655,2026-03-01 17:15,0.891,good,98,scorer-v2,interviewed,2026-03-30 00:57
A004707,J0014,C00403,2026-05-14 10:50,0.451,low,59,scorer-v2,rejected,2026-05-24 19:54
A004708,J0043,C00337,2025-09-09 22:59,0.729,medium,66,scorer-v1,interviewed,2025-10-01 10:36
A004709,J0068,C00437,2026-01-28 13:36,0.515,medium,62,scorer-v1,rejected,2026-02-10 05:29
A004710,J0025,C00557,2026-02-14 23:34,0.332,low,60,scorer-v1,hired,2026-03-04 04:24
A004711,J0042,C00413,2025-11-05 06:02,0.643,medium,63,scorer-v1,rejected,2025-11-26 07:46
A004712,J0014,C00065,2025-12-16 15:36,0.673,medium,90,scorer-v1,hired,2026-01-05 03:43
A004713,J0070,C01434,2025-10-04 18:41,0.39,low,35,scorer-v1,rejected,2025-10-21 21:28
A004714,J0075,C00745,2025-11-03 08:24,0.142,low,79,scorer-v1,,
A004715,J0038,C01062,2026-05-19 14:12,0.456,low,90,scorer-v2,,
A004716,J0062,C01496,2026-05-26 19:59,0.122,low,21,scorer-v2,rejected,2026-06-21 05:39
A004717,J0051,C00306,2026-04-08 12:26,0.191,low,47,scorer-v2,rejected,2026-04-11 20:58
A004718,J0063,C00753,2026-05-15 01:39,0.219,low,85,scorer-v2,rejected,2026-06-06 01:34
A004719,J0077,C00500,2025-09-17 02:15,0.101,low,51,scorer-v1,hired,2025-10-03 02:22
A004720,J0062,C01461,2026-05-19 06:16,0.149,low,38,scorer-v2,rejected,2026-05-24 21:28
A004721,J0025,C00804,2026-03-25 02:39,0.7,medium,76,scorer-v2,rejected,2026-04-05 23:27
A004722,J0066,C00916,2026-02-25 22:10,0.363,low,56,scorer-v1,rejected,2026-03-05 11:09
A004723,J0021,C01123,2025-10-01 16:10,0.728,medium,62,scorer-v1,rejected,2025-10-27 11:54
A004724,J0043,C00726,2026-05-16 18:55,0.494,low,64,scorer-v2,rejected,2026-06-05 23:09
A004725,J0067,C00418,2026-04-17 17:20,0.832,good,86,scorer-v2,interviewed,2026-05-15 17:13
A004726,J0014,C00410,2026-04-27 17:45,0.478,low,22,scorer-v2,rejected,2026-05-14 19:47
A004727,J0026,C01500,2026-06-02 13:33,0.173,low,97,scorer-v2,,
A004728,J0002,C00551,2025-10-29 04:07,0.582,medium,77,scorer-v1,rejected,2025-11-27 01:34
A004729,J0058,C00270,2026-03-06 02:43,0.787,medium,73,scorer-v2,interviewed,2026-03-22 22:49
A004730,J0077,C01037,2026-01-12 18:30,0.2,low,63,scorer-v1,hired,2026-02-01 22:15
A004731,J0025,C00333,2025-09-30 15:30,0.624,medium,65,scorer-v1,hired,2025-10-26 20:41
A004732,J0034,C00286,2026-01-10 00:08,0.565,medium,59,scorer-v1,interviewed,2026-01-18 14:43
A004733,J0037,C00254,2025-11-29 20:33,0.663,medium,80,scorer-v1,interviewed,2025-12-08 01:36
A004734,J0066,C00267,2025-10-15 22:50,0.921,good,63,scorer-v1,hired,2025-11-04 11:29
A004735,J0018,C00253,2025-12-15 15:02,0.179,low,83,scorer-v1,hired,2025-12-25 16:53
A004736,J0075,C01445,2025-09-28 10:15,0.183,low,69,scorer-v1,hired,2025-10-29 08:28
A004737,J0078,C01248,2025-10-09 21:03,0.754,medium,72,scorer-v1,hired,2025-10-25 02:46
A004738,J0021,C00168,2025-12-17 11:20,0.329,low,24,scorer-v1,hired,2025-12-31 04:40
A004739,J0070,C01141,2026-01-09 15:19,0.65,medium,70,scorer-v1,rejected,2026-01-27 03:35
A004740,J0011,C00540,2026-02-09 20:14,0.91,good,75,scorer-v1,interviewed,2026-02-13 05:52
A004741,J0027,C01299,2026-03-17 12:44,0.61,medium,60,scorer-v2,,
A004742,J0052,C01407,2026-07-27 08:23,0.527,medium,75,scorer-v2,rejected,2026-08-01 22:51
A004743,J0072,C01142,2026-02-19 09:07,0.579,medium,56,scorer-v1,rejected,2026-02-27 10:01
A004744,J0056,C00262,2025-09-24 13:06,0.671,medium,65,scorer-v1,hired,2025-10-24 13:31
A004745,J0030,C00358,2026-02-21 05:13,0.111,low,46,scorer-v1,rejected,2026-03-17 06:52
A004746,J0046,C01116,2026-02-12 13:51,0.567,medium,66,scorer-v1,hired,2026-02-16 09:42
A004747,J0052,C00860,2026-04-04 01:58,0.511,medium,68,scorer-v2,interviewed,2026-04-26 03:52
A004748,J0063,C00384,2026-01-24 11:00,0.198,low,51,scorer-v1,rejected,2026-02-20 21:13
A004749,J0069,C00834,2025-11-05 14:35,0.515,medium,40,scorer-v1,interviewed,2025-11-14 01:06
A004750,J0063,C01415,2026-02-05 18:31,0.161,low,85,scorer-v1,,
A004751,J0005,C00231,2025-11-18 04:12,0.716,medium,68,scorer-v1,rejected,2025-11-26 14:24
A004752,J0021,C00802,2026-02-05 04:48,0.217,low,21,scorer-v1,rejected,2026-03-07 06:43
A004753,J0054,C00849,2025-11-07 15:14,0.566,medium,59,scorer-v1,hired,2025-11-12 16:39
A004754,J0054,C00832,2026-01-27 22:11,0.66,medium,74,scorer-v1,interviewed,2026-02-15 09:11
A004755,J0065,C01059,2026-02-27 10:56,0.664,medium,66,scorer-v1,interviewed,2026-03-11 21:21
A004756,J0045,C00094,2025-11-21 12:45,0.107,low,51,scorer-v1,hired,2025-12-02 10:29
A004757,J0065,C00913,2025-12-24 20:48,0.856,good,100,scorer-v1,,
A004758,J0078,C00160,2026-06-14 19:53,0.608,medium,78,scorer-v2,,
A004759,J0017,C00066,2026-07-21 02:38,0.728,medium,77,scorer-v2,hired,2026-08-08 13:20
A004760,J0070,C00900,2026-07-18 11:31,0.444,low,74,scorer-v2,rejected,2026-08-17 05:22
A004761,J0073,C00677,2026-04-04 11:34,0.459,low,76,scorer-v2,rejected,2026-04-29 12:44
A004762,J0011,C01315,2025-10-11 23:08,0.374,low,61,scorer-v1,rejected,2025-11-03 14:50
A004763,J0072,C01011,2026-04-23 07:57,0.355,low,71,scorer-v2,hired,2026-05-15 07:31
A004764,J0050,C00023,2025-11-05 16:07,0.404,low,43,scorer-v1,,
A004765,J0048,C01076,2026-05-30 22:53,0.488,low,62,scorer-v2,rejected,2026-06-07 21:03
A004766,J0041,C00692,2026-01-03 03:03,0.559,medium,50,scorer-v1,rejected,2026-01-16 04:29
A004767,J0025,C00221,2026-07-25 03:35,0.673,medium,81,scorer-v2,interviewed,2026-08-10 03:58
A004768,J0058,C01216,2026-05-21 21:00,0.68,medium,85,scorer-v2,rejected,2026-06-07 21:05
A004769,J0009,C00814,2025-12-31 23:28,0.571,medium,58,scorer-v1,rejected,2026-01-18 20:19
A004770,J0002,C00319,2025-09-20 00:32,0.534,medium,84,scorer-v1,hired,2025-10-08 12:24
A004771,J0014,C01392,2026-02-02 02:16,0.344,low,52,scorer-v1,rejected,2026-02-05 15:38
A004772,J0074,C01281,2025-10-25 21:10,0.575,medium,51,scorer-v1,,
A004773,J0070,C01056,2026-06-18 10:40,0.541,medium,59,scorer-v2,rejected,2026-07-13 13:58
A004774,J0018,C00276,2026-07-16 01:10,0.105,low,69,scorer-v2,rejected,2026-08-02 16:55
A004775,J0055,C00639,2026-03-20 09:18,0.492,low,78,scorer-v2,rejected,2026-04-06 21:19
A004776,J0043,C00738,2025-12-08 14:09,0.568,medium,66,scorer-v1,interviewed,2025-12-22 02:37
A004777,J0019,C00750,2025-11-26 13:03,0.748,medium,63,scorer-v1,hired,2025-12-04 10:35
A004778,J0035,C00578,2026-05-09 12:34,0.543,medium,45,scorer-v2,rejected,2026-06-08 19:33
A004779,J0024,C00014,2026-03-22 00:30,0.529,medium,69,scorer-v2,rejected,2026-04-06 17:04
A004780,J0030,C00277,2026-05-29 22:02,0.161,low,65,scorer-v2,rejected,2026-06-17 16:54
A004781,J0005,C00284,2025-11-02 03:49,0.395,low,54,scorer-v1,interviewed,2025-11-10 11:38
A004782,J0053,C00410,2026-03-12 03:36,0.712,medium,74,scorer-v2,hired,2026-04-04 06:10
A004783,J0053,C01053,2025-09-18 11:10,0.4,low,64,scorer-v1,rejected,2025-10-01 17:15
A004784,J0017,C00232,2025-09-25 06:50,0.444,low,54,scorer-v1,interviewed,2025-10-18 21:35
A004785,J0057,C00030,2026-04-26 17:27,0.083,low,56,scorer-v2,interviewed,2026-05-01 05:05
A004786,J0036,C01255,2026-01-29 23:58,0.095,low,57,scorer-v1,rejected,2026-02-22 23:58
A004787,J0042,C01273,2026-03-15 05:13,0.527,medium,77,scorer-v2,rejected,2026-04-10 08:17
A004788,J0071,C00964,2025-09-06 12:17,0.412,low,28,scorer-v1,,
A004789,J0047,C01338,2025-12-27 04:54,0.038,low,44,scorer-v1,hired,2026-01-02 05:15
A004790,J0067,C00459,2026-01-26 16:48,0.734,medium,83,scorer-v1,hired,2026-02-24 02:46
A004791,J0027,C01073,2025-10-08 04:34,0.583,medium,45,scorer-v1,hired,2025-10-27 17:03
A004792,J0026,C00536,2026-05-22 21:05,0.084,low,51,scorer-v2,rejected,2026-06-18 12:05
A004793,J0006,C00080,2025-12-04 19:52,0.573,medium,49,scorer-v1,,
A004794,J0063,C01072,2026-05-13 14:36,0.118,low,62,scorer-v2,rejected,2026-06-04 17:58
A004795,J0056,C01345,2026-07-06 11:10,0.407,low,46,scorer-v2,rejected,2026-07-18 17:13
A004796,J0036,C00662,2026-02-24 23:11,0.188,low,75,scorer-v1,interviewed,2026-03-21 09:11
A004797,J0053,C00002,2026-01-03 23:36,0.645,medium,68,scorer-v1,rejected,2026-01-25 07:51
A004798,J0001,C00622,2026-02-01 08:45,0.135,low,51,scorer-v1,,
A004799,J0072,C00596,2026-03-26 00:48,0.989,good,98,scorer-v2,interviewed,2026-03-30 20:30
A004800,J0024,C00887,2026-02-22 17:41,1.0,good,93,scorer-v1,interviewed,2026-03-11 10:28
A004801,J0043,C01357,2026-05-28 20:32,0.578,medium,60,scorer-v2,interviewed,2026-06-09 00:48
A004802,J0044,C01051,2025-09-14 15:33,0.468,low,47,scorer-v1,interviewed,2025-10-13 03:50
A004803,J0050,C00659,2026-07-14 13:55,0.412,low,36,scorer-v2,rejected,2026-08-09 08:26
A004804,J0003,C00493,2026-02-12 13:37,0.207,low,78,scorer-v1,hired,2026-02-16 15:30
A004805,J0043,C01420,2025-11-25 18:49,0.456,low,47,scorer-v1,rejected,2025-12-23 11:48
A004806,J0044,C01185,2026-01-30 10:27,0.708,medium,58,scorer-v1,rejected,2026-03-01 21:35
A004807,J0010,C00456,2026-06-26 09:03,0.643,medium,74,scorer-v2,interviewed,2026-07-07 14:51
A004808,J0009,C00955,2026-04-09 21:33,0.921,good,91,scorer-v2,hired,2026-04-18 22:32
A004809,J0072,C00750,2026-01-09 17:36,0.479,low,57,scorer-v1,rejected,2026-01-26 00:33
A004810,J0062,C00852,2026-01-24 19:39,0.19,low,88,scorer-v1,hired,2026-02-03 07:37
A004811,J0041,C01468,2026-06-23 17:38,1.0,good,88,scorer-v2,hired,2026-07-09 10:16
A004812,J0020,C00262,2026-04-26 07:27,0.348,low,67,scorer-v2,rejected,2026-04-29 16:32
A004813,J0015,C01000,2026-04-25 15:07,0.339,low,46,scorer-v2,interviewed,2026-05-26 04:01
A004814,J0021,C00386,2025-12-20 04:32,0.33,low,50,scorer-v1,rejected,2026-01-13 18:41
A004815,J0010,C00227,2025-09-13 21:43,0.269,low,36,scorer-v1,rejected,2025-09-29 20:27
A004816,J0074,C01139,2025-10-13 19:33,0.475,low,56,scorer-v1,rejected,2025-10-31 18:01
A004817,J0008,C01224,2026-04-25 07:36,0.128,low,82,scorer-v2,hired,2026-05-09 13:16
A004818,J0017,C00479,2026-07-15 12:04,0.326,low,46,scorer-v2,rejected,2026-07-18 23:17
A004819,J0009,C00298,2025-10-20 19:01,0.546,medium,54,scorer-v1,rejected,2025-11-01 03:56
A004820,J0061,C00642,2026-05-01 07:51,0.763,medium,93,scorer-v2,hired,2026-05-15 14:30
A004821,J0058,C00613,2025-09-11 01:26,0.134,low,32,scorer-v1,,
A004822,J0068,C00999,2025-09-06 15:53,0.489,low,70,scorer-v1,interviewed,2025-09-24 07:44
A004823,J0042,C01161,2026-03-13 19:30,0.867,good,89,scorer-v2,interviewed,2026-03-28 22:07
A004824,J0069,C01286,2026-07-27 17:24,1.0,good,100,scorer-v2,interviewed,2026-08-21 09:26
A004825,J0021,C00307,2026-02-27 03:17,0.325,low,51,scorer-v1,rejected,2026-03-14 12:02
A004826,J0014,C00401,2025-11-20 14:12,0.313,low,31,scorer-v1,rejected,2025-11-24 01:16
A004827,J0029,C00873,2026-03-07 10:04,0.335,low,63,scorer-v2,rejected,2026-03-14 09:50
A004828,J0079,C00613,2026-03-31 14:41,0.361,low,53,scorer-v2,rejected,2026-04-24 16:33
A004829,J0007,C00085,2025-09-23 19:39,0.735,medium,84,scorer-v1,rejected,2025-10-22 11:34
A004830,J0015,C00178,2026-06-22 15:21,0.961,good,93,scorer-v2,,
A004831,J0063,C00491,2026-06-09 16:32,0.069,low,50,scorer-v2,hired,2026-07-05 07:57
A004832,J0065,C01280,2026-03-15 23:27,0.359,low,58,scorer-v2,rejected,2026-03-20 04:10
A004833,J0012,C00003,2026-06-01 18:12,0.155,low,81,scorer-v2,rejected,2026-07-01 21:15
A004834,J0015,C01201,2025-11-10 01:55,0.533,medium,62,scorer-v1,interviewed,2025-11-30 16:07
A004835,J0071,C00968,2026-03-11 03:42,0.551,medium,85,scorer-v2,,
A004836,J0057,C01194,2026-04-28 17:55,0.113,low,75,scorer-v2,rejected,2026-05-15 13:16
A004837,J0027,C00661,2026-06-08 20:33,0.338,low,29,scorer-v2,rejected,2026-06-24 15:39
A004838,J0037,C00446,2025-12-31 20:19,0.545,medium,69,scorer-v1,interviewed,2026-01-24 12:10
A004839,J0009,C01498,2026-07-05 09:28,0.53,medium,69,scorer-v2,rejected,2026-07-08 23:06
A004840,J0076,C00186,2025-10-04 04:41,0.434,low,46,scorer-v1,hired,2025-10-19 21:40
A004841,J0073,C00252,2025-10-15 15:18,0.877,good,77,scorer-v1,hired,2025-10-25 07:00
A004842,J0070,C01230,2025-12-24 03:23,0.451,low,54,scorer-v1,rejected,2026-01-01 17:09
A004843,J0006,C01181,2025-12-11 19:18,0.884,good,81,scorer-v1,hired,2026-01-04 23:14
A004844,J0072,C01044,2025-11-02 22:25,0.61,medium,66,scorer-v1,rejected,2025-11-28 15:50
A004845,J0046,C01243,2026-01-04 08:12,0.567,medium,65,scorer-v1,hired,2026-01-16 22:43
A004846,J0022,C01376,2026-05-30 19:27,0.71,medium,59,scorer-v2,interviewed,2026-06-08 23:45
A004847,J0055,C00454,2026-06-14 20:47,0.371,low,55,scorer-v2,rejected,2026-07-03 21:32
A004848,J0005,C01173,2025-12-24 01:41,0.795,medium,74,scorer-v1,,
A004849,J0018,C01191,2025-12-25 10:35,0.156,low,69,scorer-v1,interviewed,2026-01-10 02:44
A004850,J0034,C01153,2025-10-31 19:21,0.51,medium,60,scorer-v1,interviewed,2025-11-10 02:44
A004851,J0062,C00986,2025-09-20 16:59,0.086,low,14,scorer-v1,rejected,2025-10-12 17:10
A004852,J0021,C00450,2026-03-30 17:11,0.489,low,48,scorer-v2,rejected,2026-04-16 16:12
A004853,J0025,C01429,2025-11-26 16:28,0.239,low,42,scorer-v1,rejected,2025-12-07 18:25
A004854,J0028,C01019,2026-07-13 10:57,0.476,low,46,scorer-v2,rejected,2026-08-10 11:06
A004855,J0047,C00370,2025-11-17 01:55,0.107,low,53,scorer-v1,rejected,2025-11-22 10:29
A004856,J0076,C00777,2026-02-23 07:26,0.747,medium,64,scorer-v1,interviewed,2026-03-06 11:48
A004857,J0025,C00246,2026-03-10 04:18,0.532,medium,57,scorer-v2,interviewed,2026-04-07 16:14
A004858,J0048,C00946,2025-12-21 13:23,0.447,low,31,scorer-v1,hired,2025-12-28 11:29
A004859,J0014,C01119,2026-02-21 08:53,0.337,low,46,scorer-v1,rejected,2026-03-12 13:10
A004860,J0064,C00708,2026-06-07 00:23,0.493,low,47,scorer-v2,rejected,2026-06-11 11:17
A004861,J0007,C00346,2026-02-11 05:44,0.489,low,36,scorer-v1,rejected,2026-02-22 14:40
A004862,J0065,C00946,2026-02-05 10:17,0.475,low,43,scorer-v1,rejected,2026-02-27 01:47
A004863,J0062,C00889,2025-12-14 06:13,0.108,low,81,scorer-v1,rejected,2026-01-03 04:56
A004864,J0067,C00022,2026-06-24 01:19,0.395,low,46,scorer-v2,rejected,2026-07-18 21:49
A004865,J0061,C01366,2026-07-11 17:39,0.585,medium,41,scorer-v2,hired,2026-07-19 12:32
A004866,J0073,C00576,2026-05-08 12:02,0.5,medium,67,scorer-v2,rejected,2026-06-05 11:52
A004867,J0052,C01498,2026-06-15 09:02,0.72,medium,72,scorer-v2,,
A004868,J0080,C01022,2026-01-28 14:19,0.17,low,55,scorer-v1,rejected,2026-02-21 11:12
A004869,J0061,C00343,2025-11-18 06:03,0.712,medium,93,scorer-v1,interviewed,2025-12-09 14:02
A004870,J0050,C01131,2026-07-17 14:26,0.884,good,100,scorer-v2,interviewed,2026-08-11 13:16
A004871,J0032,C00600,2026-06-05 02:11,0.562,medium,73,scorer-v2,rejected,2026-06-14 18:27
A004872,J0053,C00081,2026-07-09 08:36,0.589,medium,63,scorer-v2,interviewed,2026-07-21 01:58
A004873,J0075,C00750,2025-09-07 19:28,0.203,low,77,scorer-v1,,
A004874,J0017,C00979,2026-05-24 17:40,0.29,low,39,scorer-v2,rejected,2026-06-01 01:17
A004875,J0017,C00450,2026-04-13 21:39,0.412,low,51,scorer-v2,rejected,2026-05-07 10:34
A004876,J0074,C00022,2025-12-23 15:47,0.814,good,79,scorer-v1,rejected,2026-01-01 11:12
A004877,J0006,C01207,2026-02-28 10:25,0.665,medium,60,scorer-v1,rejected,2026-03-13 21:49
A004878,J0007,C01246,2025-11-09 09:01,0.824,good,85,scorer-v1,rejected,2025-11-29 12:18
A004879,J0043,C00200,2026-06-08 22:32,0.39,low,84,scorer-v2,rejected,2026-06-14 01:54
A004880,J0035,C00373,2026-03-28 18:21,0.64,medium,81,scorer-v2,hired,2026-04-15 18:45
A004881,J0033,C00804,2026-05-23 02:00,1.0,good,100,scorer-v2,,
A004882,J0026,C01143,2025-12-17 17:57,0.189,low,47,scorer-v1,interviewed,2025-12-25 17:36
A004883,J0050,C00350,2025-09-26 16:31,0.748,medium,100,scorer-v1,hired,2025-10-09 01:44
A004884,J0028,C00545,2026-04-30 14:29,0.593,medium,89,scorer-v2,interviewed,2026-05-06 14:20
A004885,J0056,C00469,2026-07-15 20:43,0.241,low,36,scorer-v2,rejected,2026-08-06 23:52
A004886,J0048,C01366,2026-05-28 08:06,0.513,medium,65,scorer-v2,hired,2026-06-20 03:59
A004887,J0056,C00107,2026-02-05 02:06,0.403,low,21,scorer-v1,rejected,2026-03-04 06:10
A004888,J0029,C01401,2025-10-20 09:02,0.305,low,59,scorer-v1,rejected,2025-11-14 05:55
A004889,J0075,C00865,2025-10-02 17:22,0.194,low,64,scorer-v1,interviewed,2025-10-22 13:32
A004890,J0022,C01163,2025-11-01 14:16,0.271,low,41,scorer-v1,rejected,2025-11-26 14:13
A004891,J0059,C00523,2026-06-24 23:41,0.95,good,82,scorer-v2,hired,2026-07-21 13:21
A004892,J0047,C00977,2025-09-23 03:56,0.191,low,79,scorer-v1,,
A004893,J0076,C00803,2025-12-15 16:00,0.424,low,73,scorer-v1,rejected,2026-01-13 16:58
A004894,J0040,C00532,2026-05-11 02:14,0.507,medium,57,scorer-v2,interviewed,2026-06-01 23:26
A004895,J0048,C01288,2026-07-16 03:04,0.6,medium,85,scorer-v2,hired,2026-07-27 06:00
A004896,J0048,C00775,2025-11-25 17:26,0.496,low,89,scorer-v1,hired,2025-12-23 21:01
A004897,J0035,C01058,2025-10-13 18:33,0.267,low,28,scorer-v1,,
A004898,J0020,C00661,2026-04-03 22:03,0.594,medium,68,scorer-v2,interviewed,2026-04-25 10:29
A004899,J0050,C00504,2025-09-23 23:36,0.626,medium,53,scorer-v1,interviewed,2025-10-21 13:03
A004900,J0076,C00696,2025-10-25 17:40,0.52,medium,57,scorer-v1,rejected,2025-11-04 08:11
A004901,J0051,C00862,2026-05-17 09:57,0.098,low,35,scorer-v2,,
A004902,J0055,C00195,2026-04-11 03:58,0.276,low,40,scorer-v2,rejected,2026-05-01 08:55
A004903,J0068,C00805,2026-06-22 05:44,0.875,good,86,scorer-v2,interviewed,2026-07-17 19:33
A004904,J0034,C00854,2026-06-07 21:01,0.564,medium,97,scorer-v2,rejected,2026-06-14 06:28
A004905,J0019,C00508,2026-01-10 14:05,0.57,medium,75,scorer-v1,interviewed,2026-02-10 10:46
A004906,J0058,C00277,2025-11-08 18:40,0.555,medium,32,scorer-v1,rejected,2025-11-21 22:08
A004907,J0044,C00366,2026-04-30 06:39,0.574,medium,63,scorer-v2,hired,2026-05-11 03:35
A004908,J0022,C00014,2025-11-12 05:00,0.55,medium,57,scorer-v1,hired,2025-12-05 22:40
A004909,J0075,C01386,2026-07-25 07:21,0.197,low,71,scorer-v2,interviewed,2026-08-12 22:46
A004910,J0021,C00310,2025-11-01 19:17,0.265,low,44,scorer-v1,rejected,2025-11-15 22:01
A004911,J0043,C00375,2026-01-23 07:42,0.594,medium,68,scorer-v1,hired,2026-02-15 19:12
A004912,J0042,C01453,2026-07-10 02:50,0.437,low,77,scorer-v2,rejected,2026-07-31 19:12
A004913,J0065,C00472,2026-04-03 02:19,0.399,low,47,scorer-v2,rejected,2026-04-20 06:08
A004914,J0015,C01267,2026-02-14 09:05,0.5,low,43,scorer-v1,hired,2026-02-28 03:01
A004915,J0046,C00550,2026-02-14 10:20,0.753,medium,81,scorer-v1,interviewed,2026-02-18 11:38
A004916,J0018,C00565,2026-07-09 15:25,0.151,low,69,scorer-v2,hired,2026-07-25 15:43
A004917,J0046,C00803,2026-04-18 22:12,0.678,medium,77,scorer-v2,interviewed,2026-05-08 15:20
A004918,J0052,C01252,2026-02-10 10:01,0.547,medium,62,scorer-v1,hired,2026-03-03 03:34
A004919,J0044,C00387,2026-02-07 04:56,0.474,low,49,scorer-v1,hired,2026-03-10 00:06
A004920,J0071,C01209,2026-06-05 06:03,0.868,good,100,scorer-v2,interviewed,2026-06-13 09:26
A004921,J0064,C01207,2025-11-11 19:47,0.548,medium,78,scorer-v1,rejected,2025-11-28 07:37
A004922,J0057,C01343,2026-07-01 16:05,0.059,low,35,scorer-v2,rejected,2026-07-25 23:34
A004923,J0037,C01083,2026-02-16 14:41,0.624,medium,44,scorer-v1,rejected,2026-02-20 09:41
A004924,J0027,C00105,2026-05-24 20:58,0.486,low,51,scorer-v2,interviewed,2026-06-06 08:26
A004925,J0063,C00562,2026-06-16 12:36,0.136,low,81,scorer-v2,hired,2026-06-28 23:25
A004926,J0074,C00651,2026-03-10 10:54,0.735,medium,86,scorer-v2,interviewed,2026-03-14 21:24
A004927,J0035,C01043,2025-11-24 07:06,0.685,medium,65,scorer-v1,interviewed,2025-12-09 12:41
A004928,J0049,C00045,2025-10-23 10:12,0.504,medium,45,scorer-v1,rejected,2025-10-27 19:02
A004929,J0046,C01430,2025-10-15 09:57,1.0,good,100,scorer-v1,hired,2025-11-01 21:29
A004930,J0003,C00760,2026-02-16 15:54,0.186,low,72,scorer-v1,interviewed,2026-03-02 05:48
A004931,J0030,C00122,2026-06-08 21:22,0.13,low,66,scorer-v2,hired,2026-06-23 05:18
A004932,J0058,C00239,2026-02-15 17:54,0.867,good,89,scorer-v1,hired,2026-03-17 12:26
A004933,J0073,C00620,2026-05-04 18:40,0.187,low,65,scorer-v2,rejected,2026-05-21 11:53
A004934,J0062,C00748,2026-02-03 08:14,0.19,low,89,scorer-v1,,
A004935,J0041,C01437,2026-01-29 13:41,0.603,medium,70,scorer-v1,,
A004936,J0034,C00926,2025-12-06 16:31,0.783,medium,52,scorer-v1,interviewed,2026-01-01 08:57
A004937,J0011,C01276,2026-01-22 06:22,0.586,medium,81,scorer-v1,hired,2026-02-08 22:21
A004938,J0020,C00271,2026-04-25 09:32,0.354,low,79,scorer-v2,rejected,2026-04-29 14:44
A004939,J0064,C00661,2025-11-27 04:07,0.362,low,34,scorer-v1,rejected,2025-12-27 04:42
A004940,J0020,C00336,2026-03-01 03:47,0.493,low,43,scorer-v2,rejected,2026-03-13 09:16
A004941,J0020,C00430,2025-09-18 17:59,0.417,low,30,scorer-v1,rejected,2025-10-14 19:46
A004942,J0017,C01438,2026-02-08 18:06,0.509,medium,58,scorer-v1,rejected,2026-03-06 04:46
A004943,J0079,C00145,2025-11-23 10:55,0.669,medium,71,scorer-v1,hired,2025-12-14 15:46
A004944,J0024,C01447,2026-05-22 04:54,0.442,low,54,scorer-v2,rejected,2026-05-26 17:47
A004945,J0026,C00556,2026-01-11 03:37,0.102,low,31,scorer-v1,,
A004946,J0035,C00982,2026-02-04 21:54,0.29,low,47,scorer-v1,rejected,2026-02-13 22:00
A004947,J0018,C00534,2025-12-15 06:47,0.208,low,76,scorer-v1,hired,2026-01-14 15:45
A004948,J0039,C00195,2026-03-30 12:04,0.472,low,58,scorer-v2,hired,2026-04-10 15:27
A004949,J0052,C00587,2025-11-04 19:22,0.579,medium,59,scorer-v1,interviewed,2025-11-24 04:29
A004950,J0026,C01490,2025-12-06 23:04,0.14,low,77,scorer-v1,interviewed,2025-12-30 03:36
A004951,J0056,C01369,2025-09-11 05:36,0.499,low,32,scorer-v1,rejected,2025-09-17 23:38
A004952,J0073,C00912,2026-04-22 17:47,0.605,medium,65,scorer-v2,hired,2026-05-02 11:47
A004953,J0074,C00959,2026-01-08 02:28,0.495,low,65,scorer-v1,rejected,2026-02-02 07:15
A004954,J0034,C01102,2025-09-07 20:34,0.576,medium,55,scorer-v1,,
A004955,J0061,C01288,2025-10-16 21:35,0.823,good,91,scorer-v1,interviewed,2025-11-12 09:39
A004956,J0007,C00150,2025-11-12 03:26,0.85,good,84,scorer-v1,interviewed,2025-12-04 21:59
A004957,J0073,C00081,2026-01-26 06:13,0.509,medium,60,scorer-v1,hired,2026-02-09 03:26
A004958,J0069,C00501,2026-06-28 13:08,0.487,low,67,scorer-v2,hired,2026-07-20 10:22
A004959,J0003,C00170,2025-11-06 04:45,0.182,low,65,scorer-v1,,
A004960,J0044,C01442,2026-04-23 20:03,0.398,low,34,scorer-v2,rejected,2026-04-28 07:02
A004961,J0057,C00147,2026-02-20 21:43,0.129,low,56,scorer-v1,rejected,2026-03-22 14:19
A004962,J0007,C01139,2025-10-08 01:37,0.615,medium,46,scorer-v1,rejected,2025-10-18 21:06
A004963,J0042,C01453,2025-12-02 08:30,0.54,medium,65,scorer-v1,rejected,2026-01-01 00:21
A004964,J0023,C01050,2026-04-04 11:44,0.319,low,81,scorer-v2,rejected,2026-04-08 08:58
A004965,J0071,C00180,2025-09-25 13:13,0.606,medium,90,scorer-v1,rejected,2025-10-12 16:50
A004966,J0080,C00003,2026-03-08 22:21,0.163,low,52,scorer-v2,,
A004967,J0043,C01310,2026-01-05 11:56,0.514,medium,54,scorer-v1,,
A004968,J0039,C00932,2026-07-16 21:37,0.467,low,36,scorer-v2,,
A004969,J0040,C00656,2025-09-18 15:29,0.519,medium,48,scorer-v1,rejected,2025-09-30 08:52
A004970,J0076,C01211,2025-12-30 22:50,0.643,medium,68,scorer-v1,hired,2026-01-23 19:56
A004971,J0038,C01470,2025-09-29 15:18,0.695,medium,69,scorer-v1,interviewed,2025-10-02 21:43
A004972,J0075,C00024,2026-01-23 04:11,0.14,low,61,scorer-v1,rejected,2026-02-18 04:44
A004973,J0035,C00658,2026-07-15 07:08,0.52,medium,62,scorer-v2,hired,2026-07-21 14:02
A004974,J0075,C00755,2026-02-21 02:56,0.128,low,69,scorer-v1,rejected,2026-03-02 01:09
A004975,J0023,C00940,2026-01-27 16:18,0.483,low,49,scorer-v1,,
A004976,J0028,C00270,2025-12-05 07:58,0.675,medium,73,scorer-v1,rejected,2025-12-10 04:29
A004977,J0027,C00398,2025-10-05 20:29,0.594,medium,61,scorer-v1,rejected,2025-10-22 23:03
A004978,J0071,C01390,2026-02-17 15:17,0.573,medium,53,scorer-v1,rejected,2026-02-22 20:53
A004979,J0072,C00224,2026-07-10 09:24,0.571,medium,70,scorer-v2,rejected,2026-08-04 01:32
A004980,J0048,C01461,2025-10-31 07:41,0.357,low,37,scorer-v1,rejected,2025-11-24 21:22
A004981,J0037,C00474,2026-07-17 02:02,0.605,medium,74,scorer-v2,rejected,2026-07-22 23:49
A004982,J0067,C00331,2025-11-15 04:58,0.483,low,62,scorer-v1,hired,2025-12-04 13:46
A004983,J0066,C00352,2025-09-11 22:42,0.792,medium,87,scorer-v1,interviewed,2025-09-23 22:56
A004984,J0023,C00543,2025-09-11 11:31,0.498,low,33,scorer-v1,rejected,2025-09-22 20:00
A004985,J0058,C00113,2025-10-13 00:41,0.408,low,44,scorer-v1,interviewed,2025-10-19 13:53
A004986,J0030,C01366,2026-07-09 14:11,0.209,low,88,scorer-v2,interviewed,2026-07-24 06:44
A004987,J0049,C00262,2025-10-18 08:16,0.43,low,82,scorer-v1,,
A004988,J0021,C00249,2025-12-08 16:06,0.396,low,44,scorer-v1,,
A004989,J0012,C01401,2026-04-22 23:33,0.138,low,100,scorer-v2,,
A004990,J0059,C00523,2026-04-13 22:07,0.837,good,86,scorer-v2,rejected,2026-04-24 12:37
A004991,J0017,C00204,2026-05-06 13:17,0.545,medium,62,scorer-v2,interviewed,2026-05-13 14:18
A004992,J0049,C00349,2026-01-01 08:05,0.512,medium,34,scorer-v1,rejected,2026-01-09 06:52
A004993,J0046,C01004,2026-01-26 12:03,0.299,low,50,scorer-v1,,
A004994,J0020,C01398,2025-12-16 17:00,0.911,good,77,scorer-v1,hired,2025-12-21 06:58
A004995,J0067,C00455,2026-03-07 16:05,0.698,medium,48,scorer-v2,rejected,2026-03-29 09:53
A004996,J0035,C00795,2025-11-23 05:51,0.745,medium,74,scorer-v1,interviewed,2025-11-30 15:40
A004997,J0012,C00012,2025-09-20 06:58,0.175,low,72,scorer-v1,rejected,2025-10-03 05:00
A004998,J0069,C00660,2025-10-12 18:47,0.908,good,100,scorer-v1,interviewed,2025-10-25 23:46
A004999,J0071,C01168,2026-06-14 04:14,0.353,low,57,scorer-v2,interviewed,2026-07-08 09:38
A005000,J0045,C00649,2025-09-10 08:47,0.154,low,50,scorer-v1,rejected,2025-09-27 17:41
A005001,J0069,C00889,2026-06-02 20:05,0.84,good,89,scorer-v2,hired,2026-06-10 14:47
A005002,J0041,C01079,2026-06-30 08:19,0.628,medium,65,scorer-v2,rejected,2026-07-28 02:42
A005003,J0079,C00725,2025-11-08 00:19,0.322,low,30,scorer-v1,rejected,2025-11-24 13:23
A005004,J0073,C00640,2026-02-16 03:22,0.63,medium,65,scorer-v1,hired,2026-03-09 15:08
A005005,J0039,C00588,2025-11-06 07:16,0.659,medium,58,scorer-v1,interviewed,2025-11-26 00:38
A005006,J0076,C00039,2026-04-09 16:12,0.332,low,57,scorer-v2,rejected,2026-04-18 01:09
A005007,J0076,C01286,2025-12-07 08:22,1.0,good,99,scorer-v1,interviewed,2026-01-01 10:55
A005008,J0048,C00889,2026-02-02 21:58,0.31,low,36,scorer-v1,hired,2026-02-13 05:20
A005009,J0068,C00175,2026-01-25 19:42,0.674,medium,62,scorer-v1,,
A005010,J0025,C01130,2026-05-21 00:03,0.294,low,23,scorer-v2,rejected,2026-06-09 15:06
A005011,J0020,C00702,2026-03-06 23:16,0.637,medium,95,scorer-v2,hired,2026-04-06 13:59
A005012,J0030,C00858,2025-09-19 12:19,0.158,low,86,scorer-v1,interviewed,2025-10-01 16:23
A005013,J0077,C00605,2026-05-12 04:12,0.19,low,92,scorer-v2,hired,2026-05-17 17:35
A005014,J0028,C01460,2026-07-12 03:01,0.603,medium,67,scorer-v2,rejected,2026-07-16 14:59
A005015,J0079,C01408,2026-04-24 20:32,0.679,medium,100,scorer-v2,interviewed,2026-05-07 18:47
A005016,J0030,C01043,2026-02-18 17:26,0.051,low,53,scorer-v1,,
A005017,J0067,C00432,2025-10-21 23:06,0.506,medium,67,scorer-v1,hired,2025-10-31 03:29
A005018,J0021,C01317,2026-07-21 14:58,0.742,medium,70,scorer-v2,rejected,2026-08-12 20:35
A005019,J0009,C00961,2026-03-06 20:16,0.521,medium,64,scorer-v2,rejected,2026-03-12 17:50
A005020,J0078,C00453,2025-12-09 04:50,0.54,medium,55,scorer-v1,rejected,2025-12-20 02:21
A005021,J0045,C01141,2025-12-06 22:40,0.186,low,55,scorer-v1,hired,2026-01-06 10:33
A005022,J0002,C01205,2026-06-29 11:37,0.499,low,47,scorer-v2,hired,2026-07-02 21:55
A005023,J0018,C00574,2026-03-20 16:50,0.163,low,65,scorer-v2,rejected,2026-04-15 10:22
A005024,J0059,C01408,2026-01-10 02:37,0.654,medium,67,scorer-v1,hired,2026-02-05 13:22
A005025,J0066,C01350,2026-01-20 15:59,0.49,low,56,scorer-v1,rejected,2026-01-27 16:31
A005026,J0016,C00441,2025-11-13 21:11,0.324,low,63,scorer-v1,interviewed,2025-12-08 04:11
A005027,J0018,C00255,2026-01-08 17:51,0.137,low,65,scorer-v1,,
A005028,J0038,C00308,2026-06-03 11:32,0.647,medium,69,scorer-v2,hired,2026-06-21 18:31
A005029,J0036,C01127,2025-11-26 03:35,0.154,low,70,scorer-v1,rejected,2025-12-26 01:19
A005030,J0005,C01185,2025-09-16 20:19,0.984,good,79,scorer-v1,,
A005031,J0005,C00884,2026-01-02 09:04,0.743,medium,75,scorer-v1,hired,2026-01-06 13:55
A005032,J0045,C00094,2026-07-12 04:35,0.074,low,52,scorer-v2,hired,2026-07-28 13:08
A005033,J0031,C00831,2025-11-24 22:48,0.711,medium,63,scorer-v1,rejected,2025-12-01 06:57
A005034,J0027,C00431,2026-06-09 01:10,0.65,medium,100,scorer-v2,interviewed,2026-07-06 22:33
A005035,J0050,C00403,2025-12-13 17:48,0.408,low,14,scorer-v1,rejected,2025-12-30 23:26
A005036,J0048,C00522,2025-12-23 12:01,0.3,low,26,scorer-v1,rejected,2025-12-31 00:56
A005037,J0075,C00680,2026-03-21 10:14,0.106,low,68,scorer-v2,rejected,2026-04-17 08:54
A005038,J0009,C00820,2026-04-06 10:11,0.394,low,64,scorer-v2,hired,2026-04-13 20:28
A005039,J0072,C01196,2026-02-18 11:20,0.523,medium,61,scorer-v1,interviewed,2026-03-08 19:38
A005040,J0046,C00849,2025-10-01 18:35,0.758,medium,53,scorer-v1,interviewed,2025-10-05 11:29
A005041,J0003,C00989,2025-11-07 20:06,0.161,low,71,scorer-v1,interviewed,2025-11-18 06:22
A005042,J0065,C00938,2026-02-02 10:37,0.619,medium,64,scorer-v1,rejected,2026-02-17 02:30
A005043,J0057,C00878,2025-09-27 11:46,0.132,low,52,scorer-v1,rejected,2025-10-09 02:50
A005044,J0009,C00070,2026-01-20 18:33,0.675,medium,62,scorer-v1,rejected,2026-02-18 18:19
A005045,J0039,C01296,2026-01-14 22:04,0.429,low,29,scorer-v1,rejected,2026-01-30 09:23
A005046,J0016,C01036,2026-01-09 02:53,0.568,medium,66,scorer-v1,rejected,2026-01-27 12:05
A005047,J0052,C00240,2025-12-14 13:38,0.483,low,60,scorer-v1,rejected,2026-01-04 06:18
A005048,J0006,C00509,2025-12-08 00:42,0.356,low,60,scorer-v1,rejected,2025-12-12 20:51
A005049,J0076,C01435,2025-12-30 17:28,0.674,medium,64,scorer-v1,rejected,2026-01-15 16:47
A005050,J0074,C01306,2026-06-21 21:11,0.727,medium,93,scorer-v2,interviewed,2026-07-11 17:21
A005051,J0036,C00965,2026-02-03 05:04,0.128,low,73,scorer-v1,rejected,2026-02-17 17:35
A005052,J0020,C00469,2026-01-30 07:54,0.602,medium,63,scorer-v1,interviewed,2026-02-17 10:43
A005053,J0008,C01034,2025-12-03 12:56,0.281,low,100,scorer-v1,hired,2025-12-18 08:08
A005054,J0064,C01432,2026-06-28 07:01,0.431,low,46,scorer-v2,rejected,2026-07-14 15:43
A005055,J0018,C01133,2026-01-11 02:00,0.116,low,60,scorer-v1,rejected,2026-01-28 09:42
A005056,J0011,C01392,2026-02-25 11:16,0.656,medium,57,scorer-v1,hired,2026-03-11 08:54
A005057,J0037,C00498,2026-03-05 07:23,0.8,good,89,scorer-v2,hired,2026-03-10 21:20
A005058,J0009,C01070,2026-04-21 04:45,0.295,low,74,scorer-v2,rejected,2026-04-28 17:52
A005059,J0002,C00220,2026-03-29 14:52,0.635,medium,52,scorer-v2,interviewed,2026-04-04 00:36
A005060,J0063,C01301,2026-04-10 11:06,0.104,low,93,scorer-v2,interviewed,2026-05-02 17:41
A005061,J0056,C00953,2026-07-05 00:48,0.292,low,45,scorer-v2,,
A005062,J0030,C01147,2025-10-24 21:06,0.136,low,42,scorer-v1,rejected,2025-10-29 13:41
A005063,J0016,C00969,2026-07-11 22:18,0.451,low,59,scorer-v2,hired,2026-07-15 18:24
A005064,J0035,C01469,2025-10-12 15:05,0.605,medium,60,scorer-v1,hired,2025-10-23 07:05
A005065,J0055,C00650,2026-05-25 20:38,0.472,low,51,scorer-v2,interviewed,2026-06-05 06:11
A005066,J0023,C01412,2025-10-22 14:56,0.525,medium,67,scorer-v1,rejected,2025-11-08 12:26
A005067,J0008,C01382,2026-05-13 03:49,0.25,low,100,scorer-v2,hired,2026-06-10 23:19
A005068,J0012,C00496,2025-10-25 22:06,0.2,low,70,scorer-v1,hired,2025-11-14 13:37
A005069,J0074,C00644,2026-05-23 00:04,0.556,medium,50,scorer-v2,rejected,2026-05-29 22:55
A005070,J0065,C00386,2026-01-25 06:22,0.519,medium,51,scorer-v1,,
A005071,J0010,C00163,2025-12-19 01:29,1.0,good,99,scorer-v1,,
A005072,J0013,C01220,2026-02-28 03:40,0.198,low,92,scorer-v1,hired,2026-03-13 05:14
A005073,J0039,C01475,2026-04-14 21:19,0.276,low,40,scorer-v2,rejected,2026-05-07 12:22
A005074,J0049,C00364,2026-04-13 11:09,0.746,medium,76,scorer-v2,hired,2026-05-11 07:33
A005075,J0074,C01279,2025-11-15 21:38,0.24,low,60,scorer-v1,rejected,2025-11-20 08:01
A005076,J0074,C00923,2026-02-06 17:46,0.833,good,86,scorer-v1,hired,2026-02-22 06:35
A005077,J0017,C00408,2026-07-16 18:25,0.183,low,57,scorer-v2,rejected,2026-08-08 15:39
A005078,J0001,C01434,2026-05-12 10:38,0.099,low,52,scorer-v2,,
A005079,J0040,C01129,2025-12-13 08:15,0.522,medium,54,scorer-v1,,
A005080,J0016,C01011,2025-09-20 04:33,0.503,medium,79,scorer-v1,,
A005081,J0080,C00988,2026-06-07 06:00,0.162,low,86,scorer-v2,hired,2026-06-13 05:59
A005082,J0065,C00102,2026-07-18 12:23,0.468,low,59,scorer-v2,hired,2026-08-11 22:00
A005083,J0061,C00932,2026-03-06 19:13,0.515,medium,55,scorer-v2,rejected,2026-03-12 08:37
A005084,J0022,C00437,2025-10-17 17:24,0.613,medium,60,scorer-v1,hired,2025-11-07 21:54
A005085,J0034,C01416,2025-09-12 19:48,0.641,medium,70,scorer-v1,hired,2025-10-11 00:44
A005086,J0043,C00955,2025-10-03 10:42,0.384,low,54,scorer-v1,rejected,2025-10-08 13:16
A005087,J0048,C00723,2026-06-09 13:57,0.484,low,69,scorer-v2,interviewed,2026-07-02 14:15
A005088,J0021,C01187,2026-05-03 21:41,0.849,good,94,scorer-v2,interviewed,2026-05-23 20:52
A005089,J0058,C01181,2026-06-01 09:26,0.578,medium,57,scorer-v2,hired,2026-06-06 19:26
A005090,J0079,C00148,2026-02-23 06:59,0.386,low,22,scorer-v1,hired,2026-03-15 02:15
A005091,J0036,C01305,2026-03-08 04:02,0.073,low,57,scorer-v2,rejected,2026-04-04 22:49
A005092,J0077,C01246,2025-12-06 09:00,0.225,low,72,scorer-v1,rejected,2025-12-12 04:09
A005093,J0021,C00817,2026-01-31 17:37,0.781,medium,100,scorer-v1,interviewed,2026-02-22 14:24
A005094,J0062,C01268,2026-05-04 13:50,0.135,low,44,scorer-v2,rejected,2026-05-27 18:34
A005095,J0049,C00031,2025-09-02 23:58,0.666,medium,80,scorer-v1,interviewed,2025-09-28 14:52
A005096,J0039,C00854,2026-03-09 12:46,0.943,good,100,scorer-v2,hired,2026-03-17 04:41
A005097,J0024,C00771,2026-06-24 08:01,0.823,good,93,scorer-v2,interviewed,2026-07-10 03:43
A005098,J0066,C01164,2025-11-09 00:34,0.525,medium,57,scorer-v1,rejected,2025-12-08 04:49
A005099,J0064,C00990,2026-04-26 06:20,0.597,medium,51,scorer-v2,hired,2026-05-06 09:37
A005100,J0043,C01144,2025-10-02 20:05,0.503,medium,65,scorer-v1,rejected,2025-10-31 14:29
A005101,J0078,C00322,2026-02-07 22:17,0.936,good,71,scorer-v1,interviewed,2026-02-27 01:22
A005102,J0037,C00365,2026-01-05 23:03,0.773,medium,96,scorer-v1,interviewed,2026-01-22 15:53
A005103,J0080,C00047,2026-07-02 19:36,0.085,low,35,scorer-v2,rejected,2026-07-25 01:48
A005104,J0024,C00516,2026-06-05 19:29,0.291,low,55,scorer-v2,rejected,2026-06-17 22:25
A005105,J0003,C00399,2026-04-21 19:11,0.194,low,69,scorer-v2,hired,2026-05-05 11:46
A005106,J0079,C00214,2026-06-23 16:41,0.528,medium,87,scorer-v2,interviewed,2026-07-04 01:44
A005107,J0042,C00700,2025-12-24 09:30,0.502,medium,67,scorer-v1,rejected,2026-01-22 18:43
A005108,J0021,C00544,2025-11-24 02:35,0.301,low,22,scorer-v1,rejected,2025-12-01 20:10
A005109,J0009,C00630,2026-05-26 20:06,0.591,medium,70,scorer-v2,interviewed,2026-06-24 08:20
A005110,J0074,C00856,2025-12-21 07:06,0.64,medium,60,scorer-v1,interviewed,2026-01-02 23:54
A005111,J0059,C00515,2026-01-27 08:55,0.401,low,59,scorer-v1,interviewed,2026-02-25 11:35
A005112,J0074,C01265,2026-07-06 17:12,0.745,medium,87,scorer-v2,rejected,2026-07-24 16:55
A005113,J0038,C01492,2026-02-22 00:45,0.637,medium,50,scorer-v1,interviewed,2026-03-21 01:01
A005114,J0052,C01407,2025-10-02 23:45,0.527,medium,68,scorer-v1,hired,2025-10-14 19:05
A005115,J0016,C00760,2025-11-14 05:41,0.348,low,60,scorer-v1,rejected,2025-12-03 04:30
A005116,J0039,C01034,2026-06-25 21:43,0.645,medium,56,scorer-v2,rejected,2026-07-18 10:19
A005117,J0074,C00974,2025-09-09 20:40,0.482,low,43,scorer-v1,rejected,2025-09-28 16:50
A005118,J0039,C01184,2025-10-12 01:21,0.72,medium,72,scorer-v1,hired,2025-11-11 01:57
A005119,J0075,C01226,2026-06-04 18:43,0.14,low,84,scorer-v2,interviewed,2026-07-01 05:01
A005120,J0034,C00940,2025-12-22 10:13,0.701,medium,65,scorer-v1,hired,2026-01-06 21:01
A005121,J0008,C00076,2025-10-04 18:47,0.261,low,100,scorer-v1,interviewed,2025-10-14 15:32
A005122,J0061,C01307,2026-05-14 19:49,0.692,medium,72,scorer-v2,rejected,2026-05-28 10:01
A005123,J0020,C01298,2026-03-26 09:33,0.643,medium,78,scorer-v2,hired,2026-04-18 00:24
A005124,J0022,C00064,2025-10-16 17:40,0.75,medium,56,scorer-v1,rejected,2025-11-03 01:45
A005125,J0060,C00034,2026-01-12 01:00,0.146,low,74,scorer-v1,rejected,2026-01-17 05:53
A005126,J0045,C00637,2025-12-09 03:47,0.155,low,79,scorer-v1,rejected,2026-01-03 19:31
A005127,J0070,C00886,2025-12-25 23:54,0.8,good,80,scorer-v1,hired,2026-01-25 02:08
A005128,J0080,C01059,2026-03-11 02:53,0.162,low,87,scorer-v2,hired,2026-04-03 00:24
A005129,J0066,C01253,2025-09-10 06:21,0.505,medium,36,scorer-v1,rejected,2025-10-06 07:36
A005130,J0025,C01322,2026-07-04 00:18,0.656,medium,97,scorer-v2,interviewed,2026-07-16 18:58
A005131,J0071,C01399,2026-01-08 17:10,0.733,medium,73,scorer-v1,hired,2026-01-16 10:17
A005132,J0075,C00077,2026-03-22 07:53,0.174,low,84,scorer-v2,rejected,2026-04-12 20:18
A005133,J0021,C01446,2025-09-07 18:31,0.371,low,44,scorer-v1,rejected,2025-09-26 21:56
A005134,J0028,C00050,2026-07-22 17:21,0.892,good,90,scorer-v2,hired,2026-08-04 06:00
A005135,J0057,C01231,2025-12-21 19:42,0.06,low,60,scorer-v1,rejected,2026-01-11 23:19
A005136,J0061,C00940,2026-05-04 07:45,0.48,low,33,scorer-v2,interviewed,2026-05-18 21:27
A005137,J0009,C00152,2026-03-07 05:29,0.751,medium,83,scorer-v2,hired,2026-03-26 05:23
A005138,J0052,C01011,2026-06-30 18:44,0.577,medium,79,scorer-v2,hired,2026-07-29 23:57
A005139,J0059,C00622,2026-05-17 23:54,0.578,medium,71,scorer-v2,rejected,2026-05-21 07:38
A005140,J0021,C01485,2026-03-21 17:33,0.49,low,69,scorer-v2,rejected,2026-04-14 09:02
A005141,J0077,C01152,2025-12-04 00:36,0.267,low,69,scorer-v1,interviewed,2025-12-15 00:52
A005142,J0068,C00640,2026-03-25 01:27,0.591,medium,60,scorer-v2,rejected,2026-04-03 13:30
A005143,J0076,C00079,2026-02-18 19:44,0.782,medium,65,scorer-v1,hired,2026-03-09 22:17
A005144,J0011,C00466,2025-09-18 15:25,0.57,medium,64,scorer-v1,hired,2025-09-22 02:19
A005145,J0074,C00213,2025-09-07 00:36,0.628,medium,67,scorer-v1,rejected,2025-10-07 20:32
A005146,J0060,C00945,2026-07-12 07:28,0.148,low,64,scorer-v2,hired,2026-07-17 09:38
A005147,J0048,C00246,2026-06-16 23:42,0.427,low,67,scorer-v2,rejected,2026-07-14 00:20
A005148,J0033,C00172,2025-12-16 17:49,0.407,low,45,scorer-v1,rejected,2026-01-11 10:19
A005149,J0052,C00338,2026-03-29 07:53,0.649,medium,69,scorer-v2,rejected,2026-04-05 05:41
A005150,J0006,C01317,2026-03-15 00:17,0.288,low,47,scorer-v2,,
A005151,J0037,C00086,2026-06-15 02:10,0.411,low,75,scorer-v2,hired,2026-07-04 20:31
A005152,J0031,C01185,2026-01-26 06:38,0.323,low,51,scorer-v1,rejected,2026-02-25 15:33
A005153,J0003,C01134,2026-05-03 03:48,0.093,low,73,scorer-v2,rejected,2026-05-12 15:44
A005154,J0003,C00576,2026-07-23 12:16,0.092,low,75,scorer-v2,hired,2026-08-19 10:07
A005155,J0009,C00370,2026-05-14 02:28,0.759,medium,86,scorer-v2,,
A005156,J0053,C00453,2025-12-14 09:44,0.698,medium,59,scorer-v1,hired,2025-12-23 12:58
A005157,J0072,C00992,2026-02-22 03:21,0.421,low,50,scorer-v1,rejected,2026-03-22 17:24
A005158,J0015,C00039,2026-07-05 23:04,0.768,medium,95,scorer-v2,interviewed,2026-07-26 23:36
A005159,J0072,C01299,2025-10-06 23:24,0.461,low,63,scorer-v1,rejected,2025-10-23 23:43
A005160,J0022,C01034,2026-01-21 00:44,0.614,medium,56,scorer-v1,rejected,2026-02-12 22:07
A005161,J0001,C01017,2026-07-21 02:15,0.541,medium,83,scorer-v2,interviewed,2026-07-28 14:27
A005162,J0056,C01423,2025-12-21 10:09,0.735,medium,49,scorer-v1,,
A005163,J0037,C01035,2025-09-22 00:14,0.445,low,35,scorer-v1,interviewed,2025-09-28 11:53
A005164,J0040,C01046,2025-09-05 14:39,0.693,medium,71,scorer-v1,,
A005165,J0001,C00977,2026-06-15 17:42,0.485,low,75,scorer-v2,hired,2026-07-05 15:50
A005166,J0034,C00348,2026-04-19 08:41,0.531,medium,59,scorer-v2,hired,2026-04-24 11:21
A005167,J0062,C00591,2026-04-23 03:17,0.234,low,100,scorer-v2,hired,2026-05-09 21:05
A005168,J0073,C00322,2026-04-17 22:58,0.959,good,74,scorer-v2,hired,2026-04-24 21:53
A005169,J0009,C00063,2026-01-15 11:00,0.987,good,79,scorer-v1,hired,2026-01-23 08:40
A005170,J0053,C00003,2026-07-11 12:28,0.626,medium,73,scorer-v2,rejected,2026-07-18 20:43
A005171,J0044,C00033,2026-06-28 09:46,0.582,medium,59,scorer-v2,interviewed,2026-07-22 22:52
A005172,J0037,C01421,2026-02-03 12:11,0.351,low,49,scorer-v1,,
A005173,J0026,C00351,2026-01-27 16:47,0.182,low,81,scorer-v1,hired,2026-02-23 23:00
A005174,J0066,C01496,2026-02-08 07:53,0.615,medium,41,scorer-v1,hired,2026-02-21 23:52
A005175,J0025,C00404,2025-12-29 09:02,0.434,low,49,scorer-v1,rejected,2026-01-03 19:34
A005176,J0036,C00793,2026-01-27 21:00,0.105,low,59,scorer-v1,rejected,2026-02-20 03:51
A005177,J0060,C00213,2026-03-11 02:24,0.137,low,57,scorer-v2,rejected,2026-03-16 13:23
A005178,J0054,C00045,2026-03-31 08:07,0.633,medium,76,scorer-v2,rejected,2026-04-19 15:03
A005179,J0023,C01260,2025-10-24 01:14,0.545,medium,53,scorer-v1,rejected,2025-11-15 08:41
A005180,J0067,C01490,2026-03-23 14:16,0.538,medium,64,scorer-v2,rejected,2026-04-16 19:50
A005181,J0008,C00644,2025-12-26 13:03,0.063,low,18,scorer-v1,rejected,2026-01-06 23:17
A005182,J0023,C00144,2025-09-30 13:00,0.435,low,51,scorer-v1,rejected,2025-10-10 13:11
A005183,J0021,C01005,2025-12-07 23:07,0.353,low,34,scorer-v1,rejected,2025-12-22 02:19
A005184,J0033,C00376,2025-09-24 23:48,0.353,low,29,scorer-v1,interviewed,2025-10-25 13:27
A005185,J0043,C00572,2025-11-13 04:26,0.401,low,59,scorer-v1,rejected,2025-11-28 01:23
A005186,J0037,C00532,2026-05-10 07:39,0.305,low,46,scorer-v2,interviewed,2026-05-14 17:15
A005187,J0016,C01070,2025-09-08 05:28,0.647,medium,77,scorer-v1,rejected,2025-09-11 11:56
A005188,J0064,C01078,2026-03-13 17:19,0.526,medium,57,scorer-v2,rejected,2026-03-23 03:21
A005189,J0027,C01308,2025-10-31 10:30,0.265,low,45,scorer-v1,rejected,2025-11-29 17:54
A005190,J0021,C01300,2026-07-22 19:34,0.46,low,77,scorer-v2,hired,2026-07-29 07:49
A005191,J0069,C00205,2025-09-23 17:24,0.604,medium,81,scorer-v1,hired,2025-10-16 10:06
A005192,J0037,C00058,2025-10-18 00:15,0.954,good,80,scorer-v1,hired,2025-11-17 12:27
A005193,J0079,C01426,2025-09-17 20:58,0.467,low,58,scorer-v1,rejected,2025-10-14 12:19
A005194,J0013,C01066,2026-02-27 10:48,0.114,low,44,scorer-v1,,
A005195,J0076,C00913,2026-02-22 05:25,0.82,good,97,scorer-v1,interviewed,2026-03-25 02:19
A005196,J0053,C00762,2025-11-20 01:14,0.258,low,51,scorer-v1,rejected,2025-12-10 11:22
A005197,J0072,C01414,2025-12-13 01:19,0.522,medium,59,scorer-v1,rejected,2025-12-19 20:01
A005198,J0046,C00673,2025-12-07 04:33,0.552,medium,45,scorer-v1,rejected,2025-12-25 18:16
A005199,J0040,C01298,2025-12-28 06:17,0.811,good,71,scorer-v1,,
A005200,J0044,C00377,2026-07-26 19:52,0.54,medium,53,scorer-v2,rejected,2026-08-01 16:41
A005201,J0018,C00582,2026-04-20 07:11,0.155,low,72,scorer-v2,hired,2026-05-03 12:32
A005202,J0019,C00468,2025-09-06 06:11,0.784,medium,78,scorer-v1,hired,2025-09-29 06:32
A005203,J0030,C00263,2026-05-16 02:01,0.134,low,55,scorer-v2,rejected,2026-05-26 01:36
A005204,J0059,C00516,2026-03-10 05:58,0.778,medium,81,scorer-v2,hired,2026-03-16 16:18
A005205,J0049,C00905,2025-11-20 22:44,0.872,good,82,scorer-v1,interviewed,2025-12-19 14:35
A005206,J0014,C00270,2026-01-21 23:03,0.619,medium,59,scorer-v1,rejected,2026-02-19 00:32
A005207,J0033,C00433,2025-10-11 20:17,0.526,medium,54,scorer-v1,,
A005208,J0068,C00565,2025-11-27 14:51,0.499,low,83,scorer-v1,hired,2025-12-27 23:40
A005209,J0056,C00663,2026-03-10 14:21,0.321,low,49,scorer-v2,rejected,2026-03-19 18:23
A005210,J0027,C00266,2026-05-13 18:04,0.688,medium,75,scorer-v2,hired,2026-05-22 21:43
A005211,J0044,C01266,2026-03-07 15:13,0.383,low,32,scorer-v2,rejected,2026-03-21 07:14
A005212,J0007,C00804,2026-06-04 02:29,0.747,medium,100,scorer-v2,rejected,2026-06-16 19:49
A005213,J0007,C00836,2026-04-20 23:04,0.688,medium,81,scorer-v2,,
A005214,J0036,C00024,2026-02-13 23:42,0.061,low,49,scorer-v1,rejected,2026-02-20 06:24
A005215,J0025,C00533,2026-03-27 16:03,0.583,medium,91,scorer-v2,hired,2026-04-09 16:04
A005216,J0054,C01064,2025-12-10 12:42,0.667,medium,89,scorer-v1,hired,2025-12-18 17:22
A005217,J0048,C00442,2025-10-12 16:48,0.51,medium,28,scorer-v1,rejected,2025-11-05 14:41
A005218,J0043,C00948,2025-11-13 20:42,0.487,low,67,scorer-v1,rejected,2025-12-05 15:32
A005219,J0059,C00761,2026-03-29 22:02,0.581,medium,79,scorer-v2,hired,2026-04-17 10:58
A005220,J0005,C00003,2026-06-02 15:50,0.675,medium,75,scorer-v2,hired,2026-06-17 21:39
A005221,J0037,C01210,2026-02-16 01:07,0.655,medium,60,scorer-v1,interviewed,2026-03-08 07:57
A005222,J0064,C00365,2025-10-03 09:14,0.419,low,38,scorer-v1,rejected,2025-10-22 19:45
A005223,J0023,C00892,2025-11-26 13:31,0.228,low,48,scorer-v1,rejected,2025-12-21 16:11
A005224,J0031,C00027,2026-07-25 16:49,0.542,medium,72,scorer-v2,hired,2026-08-01 01:42
A005225,J0029,C00185,2025-12-13 17:40,0.597,medium,59,scorer-v1,interviewed,2025-12-17 22:27
A005226,J0049,C00129,2025-09-01 15:10,0.8,good,78,scorer-v1,hired,2025-09-21 03:48
A005227,J0030,C00505,2026-01-22 20:20,0.067,low,73,scorer-v1,rejected,2026-01-31 02:21
A005228,J0058,C01119,2026-06-10 07:58,0.181,low,52,scorer-v2,interviewed,2026-06-15 20:34
A005229,J0023,C01396,2025-09-20 10:30,0.656,medium,86,scorer-v1,rejected,2025-10-07 12:57
A005230,J0076,C01391,2026-01-18 11:41,0.705,medium,76,scorer-v1,rejected,2026-02-07 10:28
A005231,J0031,C00637,2025-11-08 18:26,0.521,medium,25,scorer-v1,rejected,2025-11-24 16:34
A005232,J0057,C00780,2025-10-24 00:38,0.164,low,83,scorer-v1,interviewed,2025-11-15 03:58
A005233,J0021,C00709,2026-04-21 12:05,0.536,medium,89,scorer-v2,interviewed,2026-05-20 21:50
A005234,J0041,C00174,2025-11-10 12:11,0.483,low,60,scorer-v1,rejected,2025-11-20 10:03
A005235,J0038,C01168,2026-03-13 12:07,0.505,medium,52,scorer-v2,hired,2026-04-04 13:58
A005236,J0064,C00822,2026-04-13 13:05,0.288,low,52,scorer-v2,rejected,2026-05-07 11:24
A005237,J0073,C00640,2025-12-25 17:52,0.568,medium,62,scorer-v1,rejected,2026-01-18 14:03
A005238,J0024,C01003,2026-05-14 17:04,0.565,medium,80,scorer-v2,rejected,2026-06-14 08:26
A005239,J0060,C00637,2025-12-03 10:04,0.14,low,56,scorer-v1,rejected,2025-12-26 09:23
A005240,J0001,C00778,2026-03-02 05:57,0.743,medium,78,scorer-v2,,
A005241,J0049,C00764,2026-04-10 10:29,0.2,low,44,scorer-v2,rejected,2026-05-06 04:29
A005242,J0037,C00590,2026-03-03 22:01,0.532,medium,71,scorer-v2,rejected,2026-03-12 06:22
A005243,J0026,C00888,2026-05-27 10:24,0.183,low,82,scorer-v2,rejected,2026-06-10 08:25
A005244,J0032,C00037,2025-11-11 22:10,0.615,medium,43,scorer-v1,hired,2025-12-09 11:44
A005245,J0052,C00252,2025-10-18 20:41,0.552,medium,69,scorer-v1,rejected,2025-10-26 13:20
A005246,J0076,C01335,2026-01-18 11:23,0.718,medium,52,scorer-v1,hired,2026-02-06 18:36
A005247,J0024,C00022,2026-03-13 06:39,0.549,medium,70,scorer-v2,interviewed,2026-03-19 02:47
A005248,J0065,C00888,2026-07-22 16:02,0.678,medium,64,scorer-v2,,
A005249,J0057,C00707,2026-02-06 06:47,0.229,low,74,scorer-v1,hired,2026-02-24 09:52
A005250,J0079,C00704,2026-05-19 05:50,0.532,medium,47,scorer-v2,rejected,2026-05-27 06:46
A005251,J0044,C00938,2026-06-17 22:38,0.71,medium,66,scorer-v2,,
A005252,J0014,C00826,2025-12-10 01:35,0.631,medium,100,scorer-v1,interviewed,2025-12-19 05:32
A005253,J0080,C00250,2026-02-27 14:06,0.087,low,25,scorer-v1,rejected,2026-03-12 01:58
A005254,J0043,C00625,2026-01-05 14:16,0.694,medium,69,scorer-v1,rejected,2026-01-25 19:18
A005255,J0018,C01441,2025-10-29 01:56,0.166,low,78,scorer-v1,rejected,2025-11-28 04:56
A005256,J0042,C00356,2026-06-19 22:20,0.615,medium,76,scorer-v2,interviewed,2026-06-23 01:55
A005257,J0067,C00211,2026-02-25 05:30,0.389,low,55,scorer-v1,rejected,2026-03-02 17:49
A005258,J0003,C01172,2026-04-03 10:31,0.133,low,77,scorer-v2,rejected,2026-04-27 13:15
A005259,J0016,C01316,2026-02-04 23:48,0.533,medium,64,scorer-v1,interviewed,2026-02-11 16:09
A005260,J0033,C01158,2025-12-03 22:59,0.319,low,48,scorer-v1,rejected,2025-12-14 14:59
A005261,J0067,C00258,2025-12-23 00:02,0.577,medium,74,scorer-v1,hired,2025-12-29 12:11
A005262,J0015,C00131,2026-01-19 15:30,0.615,medium,60,scorer-v1,interviewed,2026-02-07 03:13
A005263,J0060,C00871,2026-03-01 17:33,0.081,low,32,scorer-v2,hired,2026-03-30 18:34
A005264,J0032,C01288,2026-04-06 12:35,0.872,good,100,scorer-v2,hired,2026-04-21 22:48
A005265,J0080,C00155,2026-04-24 09:40,0.167,low,54,scorer-v2,interviewed,2026-05-19 23:48
A005266,J0059,C00500,2026-06-28 04:37,0.358,low,70,scorer-v2,rejected,2026-07-10 08:13
A005267,J0034,C00740,2026-05-23 13:19,0.581,medium,89,scorer-v2,interviewed,2026-06-13 16:29
A005268,J0080,C01440,2026-03-19 17:44,0.103,low,36,scorer-v2,rejected,2026-04-05 01:41
A005269,J0059,C00360,2025-11-28 02:49,0.917,good,83,scorer-v1,hired,2025-12-12 18:33
A005270,J0034,C00682,2025-12-07 12:09,0.705,medium,90,scorer-v1,hired,2025-12-28 06:40
A005271,J0002,C00542,2026-05-18 18:13,0.5,medium,55,scorer-v2,hired,2026-05-29 07:23
A005272,J0048,C00369,2025-09-12 00:06,0.965,good,98,scorer-v1,hired,2025-09-27 13:20
A005273,J0017,C00953,2025-09-30 15:48,0.37,low,39,scorer-v1,hired,2025-10-25 03:00
A005274,J0033,C00149,2025-10-12 16:31,0.862,good,100,scorer-v1,hired,2025-10-17 15:54
A005275,J0040,C00281,2026-01-08 14:08,0.451,low,48,scorer-v1,interviewed,2026-01-31 06:17
A005276,J0016,C00120,2025-09-07 14:14,0.538,medium,60,scorer-v1,hired,2025-10-05 19:15
A005277,J0016,C00053,2025-09-18 11:41,0.341,low,51,scorer-v1,interviewed,2025-10-05 15:38
A005278,J0077,C00277,2025-12-21 04:35,0.135,low,65,scorer-v1,rejected,2025-12-30 21:10
A005279,J0067,C00235,2025-11-17 10:47,0.781,medium,66,scorer-v1,hired,2025-11-30 19:29
A005280,J0029,C00769,2026-07-02 09:20,0.604,medium,76,scorer-v2,interviewed,2026-07-26 17:35
A005281,J0036,C00077,2026-02-10 19:21,0.105,low,55,scorer-v1,rejected,2026-03-03 06:57
A005282,J0078,C00706,2026-05-13 17:04,0.615,medium,62,scorer-v2,interviewed,2026-05-20 11:54
A005283,J0071,C01183,2026-01-24 12:20,0.396,low,38,scorer-v1,,
A005284,J0031,C00799,2026-01-18 14:09,0.621,medium,59,scorer-v1,rejected,2026-01-23 16:40
A005285,J0035,C01262,2026-03-14 18:50,0.358,low,29,scorer-v2,interviewed,2026-04-05 11:24
A005286,J0035,C00070,2026-05-24 07:11,1.0,good,100,scorer-v2,hired,2026-05-31 20:42
A005287,J0002,C00437,2026-04-18 19:52,0.544,medium,59,scorer-v2,interviewed,2026-04-25 19:58
A005288,J0046,C00810,2026-06-11 08:41,0.746,medium,90,scorer-v2,interviewed,2026-06-19 04:06
A005289,J0047,C00788,2026-06-04 11:18,0.096,low,67,scorer-v2,interviewed,2026-07-04 17:31
A005290,J0017,C00915,2026-05-27 04:21,0.457,low,58,scorer-v2,rejected,2026-06-08 17:25
A005291,J0048,C00968,2025-11-02 07:15,0.568,medium,81,scorer-v1,interviewed,2025-11-05 23:08
A005292,J0010,C00467,2026-03-10 07:03,0.855,good,100,scorer-v2,,
A005293,J0071,C00661,2025-12-02 11:37,0.623,medium,65,scorer-v1,,
A005294,J0039,C00766,2026-03-01 04:06,0.694,medium,100,scorer-v2,hired,2026-03-13 09:57
A005295,J0077,C00431,2026-03-04 00:24,0.138,low,54,scorer-v2,rejected,2026-03-22 00:09
A005296,J0064,C00497,2026-01-19 04:57,0.539,medium,61,scorer-v1,rejected,2026-02-17 19:37
A005297,J0054,C00753,2026-01-22 00:39,0.686,medium,71,scorer-v1,rejected,2026-02-02 14:05
A005298,J0054,C00276,2026-01-07 16:56,1.0,good,100,scorer-v1,hired,2026-01-17 16:32
A005299,J0045,C00776,2025-11-20 02:52,0.18,low,50,scorer-v1,rejected,2025-12-11 21:42
A005300,J0027,C01258,2026-07-01 23:50,0.425,low,65,scorer-v2,,
A005301,J0019,C00108,2026-02-27 12:31,0.636,medium,69,scorer-v1,hired,2026-03-09 13:48
A005302,J0039,C00721,2025-12-27 11:32,0.634,medium,56,scorer-v1,interviewed,2026-01-19 11:11
A005303,J0044,C00535,2025-12-06 02:52,0.714,medium,71,scorer-v1,hired,2025-12-27 07:54
A005304,J0006,C00202,2025-09-13 23:07,0.369,low,36,scorer-v1,rejected,2025-10-06 01:54
A005305,J0068,C01124,2025-10-25 09:58,0.546,medium,51,scorer-v1,interviewed,2025-11-18 02:24
A005306,J0064,C01317,2026-04-24 09:15,0.291,low,45,scorer-v2,rejected,2026-05-21 17:00
A005307,J0029,C00719,2026-06-23 09:17,0.476,low,73,scorer-v2,rejected,2026-07-15 12:02
A005308,J0076,C00277,2025-10-09 14:23,0.658,medium,73,scorer-v1,hired,2025-11-06 17:14
A005309,J0032,C00239,2026-01-01 03:29,0.854,good,93,scorer-v1,hired,2026-01-18 14:23
A005310,J0064,C01481,2026-01-29 11:22,0.206,low,44,scorer-v1,interviewed,2026-02-16 13:41
A005311,J0019,C00800,2026-04-20 18:47,0.669,medium,85,scorer-v2,hired,2026-05-06 06:11
A005312,J0068,C00928,2025-10-12 16:43,0.49,low,51,scorer-v1,interviewed,2025-10-24 13:24
A005313,J0047,C01278,2026-06-19 17:15,0.164,low,61,scorer-v2,rejected,2026-07-07 12:03
A005314,J0040,C00040,2026-05-28 16:56,0.953,good,100,scorer-v2,,
A005315,J0053,C00815,2025-10-14 02:27,0.575,medium,58,scorer-v1,rejected,2025-11-08 05:10
A005316,J0004,C00779,2026-01-02 12:20,0.7,medium,77,scorer-v1,interviewed,2026-01-20 03:45
A005317,J0012,C01473,2025-10-19 05:01,0.216,low,64,scorer-v1,interviewed,2025-11-14 00:20
A005318,J0062,C00930,2026-04-10 12:39,0.109,low,72,scorer-v2,interviewed,2026-05-01 23:48
A005319,J0071,C01428,2026-04-16 11:27,0.523,medium,62,scorer-v2,rejected,2026-04-20 22:55
A005320,J0055,C00258,2025-10-26 10:26,0.313,low,39,scorer-v1,rejected,2025-11-26 03:04
A005321,J0016,C00678,2026-01-08 18:24,0.579,medium,70,scorer-v1,interviewed,2026-01-29 12:52
A005322,J0076,C00455,2026-05-24 17:09,0.777,medium,100,scorer-v2,interviewed,2026-05-28 08:38
A005323,J0048,C01003,2025-09-05 18:48,0.665,medium,84,scorer-v1,hired,2025-09-26 19:20
A005324,J0016,C01302,2026-01-23 09:17,0.911,good,75,scorer-v1,interviewed,2026-02-14 11:20
A005325,J0049,C00524,2025-11-20 00:36,0.535,medium,41,scorer-v1,rejected,2025-12-19 22:01
A005326,J0043,C00310,2025-12-23 18:20,0.548,medium,63,scorer-v1,rejected,2026-01-22 11:46
A005327,J0027,C00351,2026-02-01 16:51,0.345,low,36,scorer-v1,rejected,2026-02-20 15:48
A005328,J0024,C00641,2026-04-09 13:33,0.372,low,53,scorer-v2,rejected,2026-04-14 00:07
A005329,J0052,C00686,2026-04-14 14:10,0.396,low,65,scorer-v2,rejected,2026-05-01 14:50
A005330,J0055,C00005,2026-04-09 00:41,0.843,good,82,scorer-v2,interviewed,2026-05-04 10:35
A005331,J0034,C00478,2026-04-24 09:05,0.544,medium,63,scorer-v2,rejected,2026-05-14 09:45
A005332,J0064,C00645,2026-01-27 06:58,0.316,low,50,scorer-v1,rejected,2026-02-15 23:46
A005333,J0029,C01054,2026-03-01 03:33,0.361,low,63,scorer-v2,rejected,2026-03-21 02:23
A005334,J0002,C00595,2026-03-06 07:29,0.917,good,94,scorer-v2,hired,2026-04-01 06:24
A005335,J0060,C00369,2025-09-06 08:41,0.146,low,43,scorer-v1,hired,2025-09-19 13:04
A005336,J0016,C01030,2026-04-22 21:18,0.692,medium,72,scorer-v2,rejected,2026-04-29 12:36
A005337,J0025,C00537,2026-05-16 18:12,0.585,medium,59,scorer-v2,,
A005338,J0069,C00924,2026-02-20 17:52,0.644,medium,73,scorer-v1,rejected,2026-03-19 11:22
A005339,J0031,C00551,2026-04-01 22:18,0.42,low,76,scorer-v2,,
A005340,J0057,C00827,2025-11-01 04:02,0.206,low,63,scorer-v1,hired,2025-11-22 11:02
A005341,J0065,C00353,2025-11-20 18:34,0.204,low,58,scorer-v1,rejected,2025-12-03 19:15
A005342,J0019,C00493,2026-04-20 06:24,0.486,low,66,scorer-v2,rejected,2026-05-13 20:51
A005343,J0048,C01415,2026-07-16 20:52,0.426,low,39,scorer-v2,rejected,2026-08-12 01:55
A005344,J0010,C00996,2026-04-11 13:24,0.666,medium,77,scorer-v2,interviewed,2026-05-11 04:53
A005345,J0025,C01073,2026-05-25 21:11,0.439,low,55,scorer-v2,hired,2026-06-25 20:06
A005346,J0027,C01210,2026-01-18 07:36,0.241,low,17,scorer-v1,interviewed,2026-02-12 09:52
A005347,J0044,C01164,2026-07-05 07:28,0.595,medium,100,scorer-v2,interviewed,2026-07-21 18:31
A005348,J0017,C01132,2026-05-24 04:04,0.616,medium,77,scorer-v2,interviewed,2026-06-18 07:38
A005349,J0016,C01110,2026-04-02 10:10,0.543,medium,73,scorer-v2,rejected,2026-04-27 20:34
A005350,J0012,C01175,2025-12-21 03:11,0.165,low,64,scorer-v1,interviewed,2025-12-31 04:20
A005351,J0071,C00885,2025-12-30 03:17,0.803,good,78,scorer-v1,hired,2026-01-16 20:00
A005352,J0060,C01059,2025-11-26 10:21,0.115,low,55,scorer-v1,rejected,2025-12-09 07:13
A005353,J0019,C00851,2026-07-20 16:02,0.562,medium,74,scorer-v2,rejected,2026-08-05 14:49
A005354,J0008,C00669,2025-11-19 21:36,0.192,low,86,scorer-v1,rejected,2025-12-04 14:51
A005355,J0064,C00571,2026-02-10 20:27,0.53,medium,39,scorer-v1,rejected,2026-02-20 06:19
A005356,J0066,C00643,2026-05-14 17:47,0.597,medium,62,scorer-v2,hired,2026-06-04 01:47
A005357,J0064,C00403,2026-05-02 03:32,0.597,medium,68,scorer-v2,rejected,2026-05-09 16:44
A005358,J0054,C00656,2025-10-11 14:09,0.631,medium,74,scorer-v1,hired,2025-10-22 19:58
A005359,J0042,C01345,2026-07-15 08:57,0.579,medium,60,scorer-v2,interviewed,2026-07-24 08:46
A005360,J0051,C01459,2026-05-09 02:50,0.058,low,56,scorer-v2,interviewed,2026-05-31 04:55
A005361,J0072,C00049,2025-09-08 02:52,0.392,low,62,scorer-v1,rejected,2025-09-25 09:19
A005362,J0075,C01365,2025-09-23 23:53,0.132,low,67,scorer-v1,rejected,2025-10-16 00:43
A005363,J0050,C01241,2026-06-02 09:02,0.751,medium,72,scorer-v2,interviewed,2026-07-03 04:50
A005364,J0018,C00203,2026-02-27 16:08,0.196,low,70,scorer-v1,interviewed,2026-03-23 12:40
A005365,J0040,C00719,2025-11-19 18:56,0.315,low,38,scorer-v1,rejected,2025-11-25 11:40
A005366,J0004,C01353,2025-09-25 00:26,0.727,medium,57,scorer-v1,interviewed,2025-10-23 16:39
A005367,J0073,C00500,2026-02-12 03:58,0.309,low,53,scorer-v1,rejected,2026-02-25 07:59
A005368,J0004,C01447,2025-12-26 11:08,0.564,medium,83,scorer-v1,hired,2026-01-04 15:08
A005369,J0009,C00021,2026-06-10 04:18,0.369,low,60,scorer-v2,rejected,2026-06-27 13:54
A005370,J0077,C00872,2025-12-15 02:14,0.087,low,68,scorer-v1,hired,2025-12-24 00:40
A005371,J0054,C00715,2025-10-21 15:07,0.566,medium,61,scorer-v1,rejected,2025-11-03 18:57
A005372,J0065,C00577,2026-06-07 16:37,0.269,low,43,scorer-v2,rejected,2026-07-07 22:17
A005373,J0071,C00976,2026-03-02 15:29,0.786,medium,87,scorer-v2,,
A005374,J0072,C00347,2025-11-18 10:44,0.646,medium,61,scorer-v1,hired,2025-12-06 02:53
A005375,J0032,C00425,2025-09-17 22:28,0.353,low,51,scorer-v1,hired,2025-09-29 20:12
A005376,J0055,C00569,2025-09-10 12:42,0.382,low,48,scorer-v1,hired,2025-10-05 12:29
A005377,J0006,C00099,2025-09-17 11:18,0.423,low,46,scorer-v1,rejected,2025-10-18 08:09
A005378,J0068,C00383,2026-05-03 08:09,0.956,good,96,scorer-v2,interviewed,2026-05-19 06:45
A005379,J0011,C01321,2025-11-27 23:39,0.725,medium,69,scorer-v1,,
A005380,J0058,C01179,2025-12-08 01:18,0.649,medium,54,scorer-v1,rejected,2025-12-26 07:00
A005381,J0025,C00472,2025-10-13 00:08,0.245,low,28,scorer-v1,interviewed,2025-10-17 11:52
A005382,J0036,C01186,2026-05-16 01:53,0.015,low,55,scorer-v2,rejected,2026-05-31 02:18
A005383,J0037,C00786,2026-06-22 07:48,0.492,low,73,scorer-v2,rejected,2026-07-20 09:06
A005384,J0014,C01436,2025-11-05 17:38,0.682,medium,79,scorer-v1,rejected,2025-11-19 23:10
A005385,J0075,C00750,2025-10-08 17:23,0.207,low,80,scorer-v1,interviewed,2025-10-23 10:52
A005386,J0023,C01261,2026-02-27 13:50,0.201,low,21,scorer-v1,rejected,2026-03-08 23:11
A005387,J0016,C01342,2026-05-31 04:39,0.709,medium,66,scorer-v2,interviewed,2026-06-28 16:21
A005388,J0077,C01271,2025-09-21 04:02,0.15,low,66,scorer-v1,interviewed,2025-10-21 09:55
A005389,J0036,C01036,2025-12-12 18:58,0.158,low,61,scorer-v1,rejected,2025-12-17 03:05
A005390,J0050,C00288,2025-09-23 08:47,0.411,low,40,scorer-v1,rejected,2025-10-18 17:41
A005391,J0056,C01121,2025-10-13 16:54,0.363,low,44,scorer-v1,rejected,2025-11-09 12:41
A005392,J0063,C01098,2026-06-28 18:56,0.193,low,73,scorer-v2,rejected,2026-07-25 08:06
A005393,J0040,C01246,2026-05-15 16:45,0.898,good,90,scorer-v2,,
A005394,J0001,C00324,2026-06-10 01:43,0.815,good,74,scorer-v2,interviewed,2026-06-30 10:03
A005395,J0017,C01422,2025-09-22 04:37,0.598,medium,55,scorer-v1,interviewed,2025-10-22 05:54
A005396,J0011,C01180,2026-03-02 12:06,0.641,medium,60,scorer-v2,rejected,2026-03-14 23:12
A005397,J0027,C00883,2026-01-17 11:07,0.956,good,82,scorer-v1,hired,2026-01-22 23:02
A005398,J0019,C00106,2025-12-24 18:33,0.265,low,68,scorer-v1,rejected,2026-01-14 11:33
A005399,J0007,C00377,2026-03-28 15:34,0.598,medium,72,scorer-v2,interviewed,2026-04-14 18:31
A005400,J0001,C00101,2025-10-13 20:24,0.383,low,60,scorer-v1,rejected,2025-11-12 17:06
A005401,J0016,C01417,2026-04-01 13:00,0.78,medium,76,scorer-v2,interviewed,2026-04-24 18:25
A005402,J0029,C00831,2025-12-28 01:03,0.5,medium,58,scorer-v1,interviewed,2026-01-11 07:36
A005403,J0040,C00365,2026-05-01 00:11,0.387,low,66,scorer-v2,rejected,2026-05-26 12:36
A005404,J0060,C00810,2025-10-28 14:13,0.134,low,28,scorer-v1,interviewed,2025-11-20 19:45
A005405,J0006,C00017,2026-06-24 20:44,0.299,low,54,scorer-v2,rejected,2026-07-02 18:34
A005406,J0041,C01049,2026-06-12 09:49,0.591,medium,91,scorer-v2,rejected,2026-06-21 09:41
A005407,J0011,C01247,2025-11-18 23:28,0.595,medium,44,scorer-v1,rejected,2025-12-06 01:18
A005408,J0063,C01342,2026-05-29 00:10,0.081,low,72,scorer-v2,rejected,2026-06-23 15:59
A005409,J0028,C01083,2026-04-26 06:09,0.582,medium,84,scorer-v2,rejected,2026-05-16 08:13
A005410,J0001,C01041,2026-01-22 19:33,0.877,good,69,scorer-v1,hired,2026-02-14 22:21
A005411,J0007,C00949,2026-05-21 15:25,0.894,good,100,scorer-v2,hired,2026-06-07 00:37
A005412,J0015,C00727,2026-06-17 09:28,0.538,medium,64,scorer-v2,,
A005413,J0014,C00315,2026-01-19 14:12,0.597,medium,47,scorer-v1,hired,2026-01-29 19:47
A005414,J0005,C00484,2026-05-08 11:30,0.183,low,65,scorer-v2,rejected,2026-06-06 08:34
A005415,J0061,C00780,2025-09-09 19:30,0.66,medium,70,scorer-v1,rejected,2025-10-03 20:29
A005416,J0024,C00342,2025-11-21 22:53,0.701,medium,81,scorer-v1,interviewed,2025-12-10 23:29
A005417,J0061,C01193,2026-01-11 00:06,0.455,low,62,scorer-v1,rejected,2026-02-09 10:02
A005418,J0078,C00807,2025-12-08 04:58,0.828,good,78,scorer-v1,interviewed,2025-12-22 17:08
A005419,J0002,C00355,2026-06-18 04:49,0.691,medium,81,scorer-v2,rejected,2026-06-28 22:18
A005420,J0015,C00781,2025-09-03 09:10,0.62,medium,46,scorer-v1,rejected,2025-09-12 14:01
A005421,J0039,C00604,2026-04-19 11:09,0.78,medium,87,scorer-v2,hired,2026-04-23 07:42
A005422,J0017,C01291,2026-02-19 21:09,0.531,medium,66,scorer-v1,rejected,2026-03-08 15:49
A005423,J0057,C00148,2026-01-16 04:09,0.128,low,55,scorer-v1,,
A005424,J0061,C01187,2026-04-25 04:15,0.629,medium,82,scorer-v2,rejected,2026-05-14 12:00
A005425,J0022,C00009,2026-06-04 11:44,0.631,medium,75,scorer-v2,interviewed,2026-06-25 12:03
A005426,J0035,C00040,2025-12-06 02:34,1.0,good,100,scorer-v1,hired,2025-12-27 07:06
A005427,J0057,C00560,2025-10-02 18:33,0.265,low,95,scorer-v1,hired,2025-10-07 00:41
A005428,J0024,C00658,2026-02-09 12:32,0.47,low,57,scorer-v1,rejected,2026-03-07 19:49
A005429,J0018,C01416,2026-01-20 20:19,0.135,low,60,scorer-v1,rejected,2026-02-01 08:49
A005430,J0025,C00351,2025-12-24 21:00,0.77,medium,68,scorer-v1,hired,2026-01-08 13:50
A005431,J0005,C00956,2025-10-12 22:16,0.547,medium,64,scorer-v1,,
A005432,J0008,C00808,2025-09-08 05:07,0.207,low,67,scorer-v1,interviewed,2025-09-22 15:26
A005433,J0069,C00600,2026-01-03 10:53,0.505,medium,53,scorer-v1,interviewed,2026-01-15 22:31
A005434,J0018,C00108,2026-01-15 13:15,0.167,low,65,scorer-v1,rejected,2026-02-05 04:17
A005435,J0007,C00770,2026-05-01 21:18,0.359,low,53,scorer-v2,rejected,2026-06-01 12:55
A005436,J0024,C00474,2026-04-08 02:02,0.839,good,91,scorer-v2,hired,2026-05-08 10:30
A005437,J0022,C00354,2025-09-25 08:34,0.499,low,44,scorer-v1,rejected,2025-10-23 02:24
A005438,J0058,C00846,2026-03-27 09:28,0.637,medium,58,scorer-v2,rejected,2026-04-05 19:42
A005439,J0041,C00304,2026-02-03 19:50,0.769,medium,67,scorer-v1,hired,2026-03-04 22:50
A005440,J0021,C01327,2026-05-15 00:11,0.594,medium,69,scorer-v2,interviewed,2026-05-29 00:42
A005441,J0055,C00440,2026-01-17 03:01,0.392,low,28,scorer-v1,,
A005442,J0052,C00427,2026-02-02 17:03,0.478,low,67,scorer-v1,rejected,2026-02-28 09:14
A005443,J0067,C00874,2026-07-03 02:05,0.489,low,54,scorer-v2,rejected,2026-07-13 15:32
A005444,J0055,C00042,2025-11-05 10:25,0.231,low,41,scorer-v1,rejected,2025-11-26 20:13
A005445,J0060,C01066,2026-02-11 21:47,0.05,low,24,scorer-v1,rejected,2026-03-07 23:09
A005446,J0067,C01238,2026-06-16 09:09,0.745,medium,72,scorer-v2,interviewed,2026-06-25 09:20
A005447,J0060,C00503,2026-04-12 14:59,0.079,low,79,scorer-v2,rejected,2026-04-27 22:11
A005448,J0048,C00832,2026-03-10 23:57,0.488,low,63,scorer-v2,hired,2026-04-09 11:01
A005449,J0020,C00193,2026-01-25 13:07,0.447,low,58,scorer-v1,rejected,2026-02-23 08:24
A005450,J0027,C00876,2026-06-10 11:52,0.569,medium,56,scorer-v2,interviewed,2026-06-26 13:28
A005451,J0080,C00208,2025-12-26 15:33,0.114,low,77,scorer-v1,rejected,2026-01-01 07:43
A005452,J0014,C00612,2025-11-20 07:18,0.656,medium,58,scorer-v1,hired,2025-12-05 20:39
A005453,J0051,C00828,2026-05-29 02:43,0.091,low,43,scorer-v2,,
A005454,J0047,C00688,2026-05-02 04:49,0.174,low,76,scorer-v2,rejected,2026-05-05 08:46
A005455,J0026,C01325,2025-09-28 00:54,0.106,low,66,scorer-v1,rejected,2025-10-04 06:25
A005456,J0076,C00359,2025-12-28 02:14,0.573,medium,51,scorer-v1,rejected,2026-01-08 04:39
A005457,J0066,C00129,2025-11-14 04:27,1.0,good,99,scorer-v1,interviewed,2025-11-26 07:04
A005458,J0002,C01347,2026-02-01 16:52,0.537,medium,94,scorer-v1,hired,2026-03-03 15:26
A005459,J0015,C00679,2026-04-22 23:50,0.601,medium,95,scorer-v2,interviewed,2026-04-28 22:57
A005460,J0051,C00213,2026-01-10 11:57,0.129,low,40,scorer-v1,rejected,2026-01-16 13:08
A005461,J0046,C01381,2026-03-18 00:47,0.617,medium,56,scorer-v2,rejected,2026-03-22 03:09
A005462,J0080,C00614,2026-07-16 07:14,0.126,low,58,scorer-v2,,
A005463,J0037,C00592,2026-05-20 15:48,0.841,good,96,scorer-v2,hired,2026-06-11 09:41
A005464,J0004,C00263,2025-12-13 15:38,0.598,medium,50,scorer-v1,rejected,2025-12-20 12:24
A005465,J0048,C01439,2026-01-27 15:02,0.666,medium,69,scorer-v1,interviewed,2026-02-06 05:32
A005466,J0005,C00407,2025-10-08 13:19,0.891,good,78,scorer-v1,hired,2025-11-05 21:12
A005467,J0038,C01013,2026-01-22 06:11,0.841,good,99,scorer-v1,,
A005468,J0051,C00595,2025-11-24 16:00,0.124,low,32,scorer-v1,rejected,2025-12-17 00:09
A005469,J0054,C00927,2025-12-10 18:28,0.692,medium,62,scorer-v1,rejected,2025-12-17 07:11
A005470,J0072,C01289,2025-10-10 19:33,0.575,medium,68,scorer-v1,,
A005471,J0036,C01232,2025-12-14 07:47,0.184,low,66,scorer-v1,rejected,2026-01-09 04:46
A005472,J0057,C01164,2026-07-16 00:15,0.171,low,85,scorer-v2,hired,2026-08-11 23:47
A005473,J0041,C00688,2026-07-10 15:58,0.913,good,95,scorer-v2,interviewed,2026-07-30 03:23
A005474,J0009,C00038,2025-09-27 15:54,0.308,low,57,scorer-v1,rejected,2025-10-14 09:03
A005475,J0016,C00860,2026-02-01 16:08,0.37,low,63,scorer-v1,rejected,2026-02-17 14:13
A005476,J0014,C00207,2026-05-16 08:06,0.588,medium,73,scorer-v2,,
A005477,J0026,C00605,2026-06-27 23:22,0.098,low,39,scorer-v2,,
A005478,J0050,C00704,2026-07-10 14:25,0.39,low,47,scorer-v2,rejected,2026-07-31 13:45
A005479,J0047,C01011,2025-09-12 07:28,0.17,low,61,scorer-v1,,
A005480,J0060,C00313,2026-04-16 03:51,0.084,low,84,scorer-v2,interviewed,2026-04-27 07:11
A005481,J0046,C00577,2025-12-19 15:45,0.538,medium,62,scorer-v1,hired,2026-01-05 06:59
A005482,J0009,C00063,2026-07-16 02:07,0.995,good,82,scorer-v2,hired,2026-08-06 18:17
A005483,J0058,C01023,2025-09-29 18:41,0.429,low,43,scorer-v1,interviewed,2025-10-21 18:35
A005484,J0022,C01425,2026-02-14 06:16,0.95,good,90,scorer-v1,hired,2026-02-23 20:42
A005485,J0013,C01337,2026-04-02 08:08,0.164,low,63,scorer-v2,hired,2026-04-19 11:02
A005486,J0036,C01007,2025-10-18 07:14,0.103,low,60,scorer-v1,,
A005487,J0068,C00655,2026-05-30 01:16,0.304,low,35,scorer-v2,rejected,2026-06-17 19:38
A005488,J0015,C00410,2025-10-03 13:20,0.696,medium,51,scorer-v1,hired,2025-10-25 12:39
A005489,J0033,C01181,2026-07-16 12:03,0.523,medium,50,scorer-v2,rejected,2026-07-22 14:21
A005490,J0020,C00550,2025-11-13 17:23,0.569,medium,64,scorer-v1,interviewed,2025-11-21 08:58
A005491,J0015,C00242,2026-04-01 04:24,0.512,medium,79,scorer-v2,,
A005492,J0069,C00926,2026-05-26 18:24,0.936,good,100,scorer-v2,hired,2026-06-22 17:49
A005493,J0016,C01203,2025-12-19 07:39,0.747,medium,70,scorer-v1,hired,2025-12-26 21:01
A005494,J0007,C00271,2025-11-12 19:20,0.49,low,98,scorer-v1,rejected,2025-12-11 17:06
A005495,J0013,C00159,2026-03-09 04:59,0.087,low,50,scorer-v2,rejected,2026-03-17 00:08
A005496,J0021,C00699,2026-02-17 14:09,0.204,low,16,scorer-v1,rejected,2026-03-06 12:10
A005497,J0012,C01328,2026-01-04 19:54,0.176,low,68,scorer-v1,hired,2026-02-03 02:02
A005498,J0007,C01322,2025-11-01 12:10,0.47,low,51,scorer-v1,hired,2025-11-06 17:01
A005499,J0023,C00144,2026-04-03 22:21,0.375,low,40,scorer-v2,rejected,2026-04-14 13:10
A005500,J0042,C01391,2025-09-16 12:04,0.949,good,92,scorer-v1,hired,2025-10-04 06:52
A005501,J0046,C01034,2025-10-25 17:12,0.672,medium,62,scorer-v1,rejected,2025-11-17 19:14
A005502,J0051,C01222,2025-11-19 03:26,0.093,low,34,scorer-v1,interviewed,2025-12-08 15:41
A005503,J0044,C00670,2026-07-22 12:32,0.775,medium,70,scorer-v2,hired,2026-08-07 12:00
A005504,J0035,C01194,2025-10-17 17:05,0.563,medium,66,scorer-v1,hired,2025-10-31 12:48
A005505,J0013,C00119,2026-06-23 15:12,0.087,low,52,scorer-v2,rejected,2026-06-28 10:08
A005506,J0076,C00809,2026-03-25 15:52,0.731,medium,97,scorer-v2,,
A005507,J0014,C01183,2026-02-19 11:54,0.138,low,24,scorer-v1,rejected,2026-03-03 07:29
A005508,J0050,C00513,2026-02-08 23:36,0.418,low,37,scorer-v1,interviewed,2026-02-16 13:49
A005509,J0003,C01472,2026-04-03 17:41,0.134,low,72,scorer-v2,interviewed,2026-04-08 06:52
A005510,J0065,C01020,2026-04-18 20:54,0.334,low,59,scorer-v2,interviewed,2026-05-17 14:37
A005511,J0040,C01123,2026-05-09 10:39,0.361,low,53,scorer-v2,rejected,2026-05-24 18:55
A005512,J0074,C00718,2025-12-29 17:56,0.389,low,49,scorer-v1,rejected,2026-01-09 04:59
A005513,J0013,C00968,2025-09-21 11:56,0.142,low,66,scorer-v1,rejected,2025-10-14 15:07
A005514,J0040,C01300,2025-09-20 12:17,0.341,low,47,scorer-v1,rejected,2025-10-18 01:30
A005515,J0009,C01339,2026-07-19 22:57,0.839,good,84,scorer-v2,hired,2026-08-08 22:53
A005516,J0001,C01324,2026-06-16 01:54,0.667,medium,76,scorer-v2,hired,2026-06-28 09:16
A005517,J0012,C00391,2026-03-17 10:25,0.239,low,84,scorer-v2,,
A005518,J0031,C00247,2026-01-15 04:16,0.774,medium,83,scorer-v1,hired,2026-02-07 19:19
A005519,J0008,C00256,2025-09-12 08:37,0.21,low,100,scorer-v1,hired,2025-09-20 01:59
A005520,J0046,C00187,2025-09-13 22:53,0.48,low,49,scorer-v1,interviewed,2025-09-26 21:15
A005521,J0024,C01360,2026-03-11 05:46,0.553,medium,78,scorer-v2,hired,2026-04-09 23:03
A005522,J0001,C00588,2026-07-04 22:13,0.976,good,86,scorer-v2,hired,2026-07-22 14:22
A005523,J0020,C00361,2025-09-16 02:36,0.823,good,83,scorer-v1,rejected,2025-10-01 10:55
A005524,J0018,C00727,2026-03-18 19:09,0.193,low,76,scorer-v2,,
A005525,J0029,C01113,2026-02-24 03:36,0.679,medium,70,scorer-v1,hired,2026-03-11 01:30
A005526,J0056,C00631,2026-05-10 04:59,0.552,medium,64,scorer-v2,hired,2026-05-22 20:02
A005527,J0015,C00135,2025-11-27 21:56,0.364,low,85,scorer-v1,interviewed,2025-12-27 16:09
A005528,J0033,C00145,2026-03-31 15:46,0.892,good,100,scorer-v2,hired,2026-04-12 12:51
A005529,J0059,C01257,2025-09-03 22:43,0.996,good,93,scorer-v1,hired,2025-09-19 03:37
A005530,J0026,C00157,2025-11-29 05:25,0.117,low,65,scorer-v1,hired,2025-12-23 12:21
A005531,J0004,C01466,2026-01-08 14:10,0.918,good,75,scorer-v1,hired,2026-01-12 11:33
A005532,J0019,C01196,2026-06-14 15:52,0.526,medium,62,scorer-v2,rejected,2026-06-25 03:05
A005533,J0051,C00979,2026-06-15 19:25,0.109,low,32,scorer-v2,rejected,2026-06-21 08:51
A005534,J0039,C00840,2026-02-11 01:04,0.648,medium,79,scorer-v1,rejected,2026-02-27 18:42
A005535,J0066,C00144,2026-02-03 11:12,0.536,medium,47,scorer-v1,rejected,2026-02-20 19:08
A005536,J0070,C00355,2025-10-31 20:01,0.603,medium,57,scorer-v1,hired,2025-11-12 05:30
A005537,J0003,C00925,2025-12-15 10:07,0.176,low,61,scorer-v1,rejected,2025-12-30 05:22
A005538,J0080,C00773,2026-05-15 06:48,0.186,low,57,scorer-v2,rejected,2026-05-23 13:36
A005539,J0057,C00521,2026-03-12 16:59,0.208,low,77,scorer-v2,rejected,2026-03-30 20:55
A005540,J0035,C00408,2026-06-09 07:26,0.342,low,58,scorer-v2,rejected,2026-06-27 16:52
A005541,J0067,C01351,2026-05-10 04:52,0.436,low,61,scorer-v2,rejected,2026-05-17 03:00
A005542,J0072,C00354,2026-05-10 08:59,0.503,medium,79,scorer-v2,rejected,2026-05-31 15:12
A005543,J0069,C01193,2026-01-11 09:47,1.0,good,76,scorer-v1,hired,2026-01-23 20:35
A005544,J0049,C00709,2025-10-27 23:00,0.498,low,81,scorer-v1,rejected,2025-11-22 13:23
A005545,J0030,C01424,2025-11-22 04:59,0.11,low,29,scorer-v1,rejected,2025-12-10 07:24
A005546,J0073,C00289,2026-03-04 05:59,0.47,low,81,scorer-v2,rejected,2026-03-09 04:47
A005547,J0073,C00734,2025-12-28 23:02,0.46,low,53,scorer-v1,,
A005548,J0002,C00053,2026-01-20 08:36,0.825,good,76,scorer-v1,hired,2026-02-06 15:32
A005549,J0042,C00567,2026-06-04 22:14,0.653,medium,63,scorer-v2,hired,2026-06-21 15:06
A005550,J0011,C00603,2025-12-04 17:02,0.842,good,100,scorer-v1,,
A005551,J0042,C01077,2025-09-30 16:42,0.582,medium,79,scorer-v1,interviewed,2025-10-08 22:39
A005552,J0008,C01358,2025-10-02 13:29,0.091,low,52,scorer-v1,rejected,2025-10-19 22:11
A005553,J0064,C00499,2026-02-07 16:17,0.347,low,43,scorer-v1,rejected,2026-02-19 21:18
A005554,J0071,C00463,2025-12-22 22:59,0.787,medium,63,scorer-v1,interviewed,2026-01-12 10:25
A005555,J0025,C00346,2026-05-30 04:21,0.69,medium,54,scorer-v2,hired,2026-06-05 23:40
A005556,J0021,C00886,2026-01-29 22:05,0.534,medium,67,scorer-v1,rejected,2026-02-25 12:24
A005557,J0061,C00774,2026-02-24 12:36,0.617,medium,65,scorer-v1,rejected,2026-03-10 02:16
A005558,J0029,C01089,2026-04-14 13:40,0.643,medium,66,scorer-v2,hired,2026-05-03 01:53
A005559,J0004,C00206,2025-12-22 09:31,0.235,low,13,scorer-v1,rejected,2026-01-15 02:52
A005560,J0026,C00520,2026-04-28 22:41,0.068,low,76,scorer-v2,rejected,2026-05-18 03:40
A005561,J0063,C00704,2025-09-23 23:32,0.283,low,84,scorer-v1,rejected,2025-10-24 16:51
A005562,J0043,C00831,2025-11-27 07:08,0.579,medium,61,scorer-v1,interviewed,2025-12-19 08:19
A005563,J0071,C00116,2026-07-05 11:10,0.743,medium,76,scorer-v2,hired,2026-07-26 05:49
A005564,J0005,C01453,2026-04-08 03:48,0.858,good,93,scorer-v2,interviewed,2026-05-06 04:15
A005565,J0042,C00027,2026-03-26 13:29,0.505,medium,83,scorer-v2,rejected,2026-04-02 02:57
A005566,J0014,C01227,2026-01-02 00:40,0.366,low,23,scorer-v1,rejected,2026-01-21 14:37
A005567,J0078,C00831,2026-07-06 19:36,0.621,medium,80,scorer-v2,interviewed,2026-07-23 18:05
A005568,J0015,C00655,2025-11-26 10:23,0.463,low,49,scorer-v1,hired,2025-12-07 19:25
A005569,J0060,C01083,2026-01-09 04:12,0.127,low,47,scorer-v1,rejected,2026-01-22 04:13
A005570,J0057,C00418,2025-11-20 11:38,0.051,low,19,scorer-v1,rejected,2025-12-08 22:26
A005571,J0064,C01201,2026-01-26 12:50,0.473,low,74,scorer-v1,rejected,2026-02-02 15:32
A005572,J0027,C00733,2026-07-14 06:13,0.613,medium,49,scorer-v2,interviewed,2026-07-29 10:15
A005573,J0069,C00362,2025-09-10 22:13,0.668,medium,50,scorer-v1,,
A005574,J0064,C00857,2025-12-07 00:37,0.37,low,39,scorer-v1,rejected,2026-01-05 05:52
A005575,J0047,C01133,2026-07-20 13:48,0.169,low,69,scorer-v2,rejected,2026-08-01 20:14
A005576,J0003,C00340,2026-01-01 18:49,0.18,low,69,scorer-v1,,
A005577,J0026,C00869,2026-05-05 14:37,0.135,low,69,scorer-v2,interviewed,2026-06-04 17:59
A005578,J0041,C01190,2025-12-07 04:53,0.651,medium,74,scorer-v1,rejected,2026-01-04 03:52
A005579,J0078,C00038,2026-07-05 07:15,0.213,low,60,scorer-v2,rejected,2026-07-15 13:39
A005580,J0008,C00211,2026-01-09 22:59,0.072,low,53,scorer-v1,interviewed,2026-01-28 15:35
A005581,J0054,C01114,2026-01-25 07:41,0.587,medium,65,scorer-v1,rejected,2026-02-18 02:35
A005582,J0076,C00430,2026-06-28 07:45,0.676,medium,91,scorer-v2,hired,2026-07-22 00:26
A005583,J0063,C00981,2026-05-17 00:09,0.131,low,87,scorer-v2,rejected,2026-05-30 07:26
A005584,J0011,C00895,2025-11-10 15:15,0.494,low,68,scorer-v1,rejected,2025-11-16 23:30
A005585,J0015,C01375,2026-05-04 21:37,1.0,good,100,scorer-v2,,
A005586,J0027,C00082,2025-09-15 10:13,0.403,low,50,scorer-v1,rejected,2025-10-07 10:05
A005587,J0068,C01373,2026-01-01 21:20,0.508,medium,58,scorer-v1,rejected,2026-01-10 19:17
A005588,J0022,C01256,2026-03-16 11:27,0.539,medium,58,scorer-v2,rejected,2026-03-26 16:01
A005589,J0063,C01458,2026-03-08 00:37,0.062,low,56,scorer-v2,,
A005590,J0074,C01229,2025-12-06 13:01,0.811,good,72,scorer-v1,interviewed,2025-12-24 10:00
A005591,J0010,C00709,2025-09-15 03:57,0.547,medium,71,scorer-v1,rejected,2025-10-09 23:33
A005592,J0066,C00907,2025-12-17 13:48,0.645,medium,70,scorer-v1,interviewed,2026-01-09 14:44
A005593,J0063,C00702,2025-12-27 02:33,0.082,low,64,scorer-v1,interviewed,2026-01-12 10:26
A005594,J0041,C00284,2026-06-11 18:52,0.629,medium,69,scorer-v2,rejected,2026-06-26 18:54
A005595,J0019,C00546,2025-10-20 02:53,0.32,low,51,scorer-v1,,
A005596,J0019,C00198,2026-04-19 23:28,0.598,medium,68,scorer-v2,rejected,2026-05-14 02:14
A005597,J0015,C01103,2026-05-05 21:05,0.415,low,68,scorer-v2,interviewed,2026-05-15 03:43
A005598,J0020,C00103,2026-03-17 16:28,0.962,good,100,scorer-v2,rejected,2026-04-13 15:59
A005599,J0033,C01387,2025-11-16 12:45,0.509,medium,55,scorer-v1,rejected,2025-12-09 17:43
A005600,J0003,C01349,2026-04-28 16:37,0.103,low,80,scorer-v2,rejected,2026-05-29 08:53
A005601,J0050,C00145,2026-01-20 01:35,0.538,medium,84,scorer-v1,rejected,2026-02-16 10:28
A005602,J0072,C00237,2026-01-15 00:01,0.925,good,83,scorer-v1,hired,2026-02-09 09:46
A005603,J0013,C00455,2026-01-02 05:52,0.16,low,72,scorer-v1,interviewed,2026-01-22 06:57
A005604,J0037,C00876,2025-10-12 05:21,0.669,medium,100,scorer-v1,rejected,2025-10-30 04:19
A005605,J0080,C00699,2025-11-20 11:28,0.09,low,45,scorer-v1,,
A005606,J0009,C01328,2025-10-19 00:25,0.58,medium,70,scorer-v1,hired,2025-10-30 05:03
A005607,J0078,C00100,2025-11-29 15:24,0.526,medium,63,scorer-v1,interviewed,2025-12-12 08:16
A005608,J0007,C01500,2025-09-09 13:26,0.43,low,37,scorer-v1,hired,2025-09-13 17:56
A005609,J0070,C00350,2026-06-13 18:24,0.558,medium,99,scorer-v2,rejected,2026-06-20 06:48
A005610,J0039,C00033,2026-07-03 16:12,0.592,medium,73,scorer-v2,hired,2026-07-29 05:06
A005611,J0080,C00172,2026-04-29 03:06,0.099,low,59,scorer-v2,interviewed,2026-05-29 03:02
A005612,J0068,C01364,2026-04-04 13:29,0.697,medium,68,scorer-v2,interviewed,2026-04-09 20:27
A005613,J0022,C00787,2025-10-22 13:54,0.588,medium,43,scorer-v1,hired,2025-10-27 09:40
A005614,J0030,C00728,2026-04-29 02:09,0.113,low,35,scorer-v2,hired,2026-05-29 13:23
A005615,J0035,C00704,2026-03-29 21:24,0.39,low,37,scorer-v2,hired,2026-04-06 08:02
A005616,J0037,C01322,2025-10-30 15:37,0.568,medium,63,scorer-v1,hired,2025-11-23 17:54
A005617,J0031,C00713,2026-03-15 02:45,1.0,good,75,scorer-v2,interviewed,2026-03-24 19:22
A005618,J0062,C00867,2025-10-03 11:51,0.038,low,44,scorer-v1,,
A005619,J0045,C00666,2026-02-18 05:36,0.092,low,43,scorer-v1,interviewed,2026-03-13 17:08
A005620,J0067,C00002,2026-04-25 01:33,0.55,medium,71,scorer-v2,rejected,2026-05-13 11:33
A005621,J0043,C00697,2026-06-20 12:36,0.328,low,76,scorer-v2,rejected,2026-06-27 01:35
A005622,J0059,C00209,2026-01-12 18:38,0.417,low,67,scorer-v1,rejected,2026-02-07 16:42
A005623,J0066,C00270,2026-03-22 23:15,0.634,medium,78,scorer-v2,hired,2026-03-27 17:20
A005624,J0058,C00541,2025-12-31 07:59,0.272,low,22,scorer-v1,rejected,2026-01-31 05:35
A005625,J0077,C01047,2026-03-26 19:33,0.114,low,69,scorer-v2,rejected,2026-04-04 17:04
A005626,J0034,C01145,2026-04-26 08:40,0.527,medium,60,scorer-v2,interviewed,2026-05-25 06:32
A005627,J0001,C01305,2026-05-08 15:52,0.147,low,51,scorer-v2,rejected,2026-05-26 16:55
A005628,J0070,C01373,2026-01-17 01:42,0.582,medium,57,scorer-v1,interviewed,2026-02-06 14:28
A005629,J0017,C01439,2025-09-12 12:10,0.893,good,93,scorer-v1,hired,2025-09-30 15:16
A005630,J0078,C00032,2026-03-17 02:57,0.459,low,70,scorer-v2,hired,2026-03-30 12:30
A005631,J0032,C00537,2025-11-06 21:24,0.441,low,58,scorer-v1,rejected,2025-11-20 08:46
A005632,J0037,C01157,2026-07-21 02:12,0.584,medium,68,scorer-v2,hired,2026-08-11 11:01
A005633,J0056,C00295,2026-04-22 04:18,0.897,good,91,scorer-v2,interviewed,2026-04-30 23:03
A005634,J0008,C00931,2026-03-01 07:58,0.069,low,44,scorer-v2,rejected,2026-03-14 10:05
A005635,J0026,C01374,2026-01-25 23:28,0.094,low,51,scorer-v1,rejected,2026-02-19 05:49
A005636,J0004,C00520,2025-12-08 23:42,0.416,low,91,scorer-v1,rejected,2026-01-03 06:20
A005637,J0045,C01047,2025-10-25 10:05,0.12,low,40,scorer-v1,rejected,2025-11-03 16:24
A005638,J0048,C01496,2026-07-05 08:33,0.386,low,56,scorer-v2,rejected,2026-08-05 01:20
A005639,J0059,C00487,2025-11-13 22:13,0.729,medium,71,scorer-v1,hired,2025-12-14 05:02
A005640,J0045,C01092,2026-06-03 04:35,0.148,low,65,scorer-v2,rejected,2026-06-20 19:51
A005641,J0017,C01230,2026-05-08 06:51,0.577,medium,80,scorer-v2,interviewed,2026-05-27 22:53
A005642,J0018,C00041,2025-11-22 18:22,0.158,low,75,scorer-v1,rejected,2025-12-04 07:40
A005643,J0076,C00539,2025-09-04 02:06,0.61,medium,84,scorer-v1,hired,2025-09-20 02:30
A005644,J0030,C00600,2026-04-18 03:38,0.131,low,52,scorer-v2,interviewed,2026-05-03 12:21
A005645,J0039,C01277,2025-12-28 07:06,0.643,medium,100,scorer-v1,rejected,2026-01-05 16:55
A005646,J0076,C00618,2026-07-21 03:20,0.607,medium,70,scorer-v2,hired,2026-08-21 02:58
A005647,J0001,C00003,2025-11-19 17:56,0.222,low,63,scorer-v1,hired,2025-12-20 14:12
A005648,J0050,C00577,2025-10-16 22:20,0.426,low,61,scorer-v1,hired,2025-10-21 08:13
A005649,J0054,C00052,2026-03-01 14:54,0.517,medium,72,scorer-v2,hired,2026-03-29 04:21
A005650,J0012,C01302,2026-05-09 05:10,0.116,low,69,scorer-v2,rejected,2026-06-08 12:19
A005651,J0047,C00517,2025-12-13 07:50,0.055,low,56,scorer-v1,rejected,2026-01-07 01:30
A005652,J0075,C00625,2026-01-22 05:42,0.2,low,83,scorer-v1,hired,2026-01-30 00:59
A005653,J0016,C00072,2025-10-11 01:25,0.6,medium,59,scorer-v1,rejected,2025-10-14 22:12
A005654,J0058,C01456,2025-10-03 12:09,0.679,medium,65,scorer-v1,rejected,2025-10-12 04:06
A005655,J0032,C00992,2026-02-05 22:08,0.362,low,41,scorer-v1,hired,2026-02-16 21:31
A005656,J0021,C00835,2026-03-22 13:34,0.266,low,37,scorer-v2,interviewed,2026-03-31 21:10
A005657,J0028,C01064,2026-04-27 10:42,0.503,medium,68,scorer-v2,rejected,2026-05-22 09:44
A005658,J0045,C00092,2026-03-31 17:07,0.173,low,84,scorer-v2,rejected,2026-04-07 01:04
A005659,J0003,C00502,2025-11-21 23:27,0.099,low,57,scorer-v1,rejected,2025-11-25 13:58
A005660,J0048,C00522,2026-05-24 19:30,0.33,low,52,scorer-v2,rejected,2026-06-23 14:15
A005661,J0005,C00706,2025-12-02 17:22,0.753,medium,79,scorer-v1,hired,2025-12-17 17:27
A005662,J0020,C01015,2025-11-17 13:12,0.709,medium,68,scorer-v1,,
A005663,J0040,C01132,2025-11-04 08:16,0.834,good,71,scorer-v1,hired,2025-12-05 00:20
A005664,J0003,C00231,2026-05-27 07:42,0.102,low,67,scorer-v2,interviewed,2026-06-26 22:45
A005665,J0002,C00900,2025-12-09 07:32,0.429,low,50,scorer-v1,rejected,2025-12-19 01:42
A005666,J0053,C01401,2026-04-14 14:19,0.248,low,64,scorer-v2,rejected,2026-05-05 18:04
A005667,J0048,C00071,2025-09-08 12:05,0.639,medium,65,scorer-v1,hired,2025-09-25 07:32
A005668,J0032,C01444,2026-03-09 17:23,0.395,low,27,scorer-v2,rejected,2026-04-05 01:42
A005669,J0018,C00482,2025-10-08 23:25,0.188,low,63,scorer-v1,hired,2025-10-12 23:01
A005670,J0006,C01193,2026-03-27 18:26,0.593,medium,86,scorer-v2,interviewed,2026-04-20 09:01
A005671,J0056,C00273,2026-07-25 06:18,0.534,medium,83,scorer-v2,,
A005672,J0002,C00329,2026-02-11 05:00,0.252,low,29,scorer-v1,rejected,2026-03-14 01:20
A005673,J0033,C01486,2025-10-07 18:04,0.592,medium,73,scorer-v1,hired,2025-11-02 00:40
A005674,J0071,C01378,2026-05-13 10:40,0.277,low,61,scorer-v2,,
A005675,J0015,C01399,2026-05-12 03:32,0.546,medium,64,scorer-v2,hired,2026-06-06 04:16
A005676,J0055,C00609,2025-12-11 01:29,0.612,medium,64,scorer-v1,hired,2025-12-28 19:01
A005677,J0049,C01217,2025-10-06 01:58,0.333,low,65,scorer-v1,rejected,2025-11-01 07:22
A005678,J0077,C00290,2026-02-23 22:14,0.08,low,41,scorer-v1,rejected,2026-02-27 17:24
A005679,J0045,C01109,2025-11-15 08:37,0.057,low,43,scorer-v1,rejected,2025-11-26 22:48
A005680,J0074,C00432,2026-03-12 10:35,0.575,medium,61,scorer-v2,hired,2026-03-20 09:21
A005681,J0018,C00738,2026-05-17 19:43,0.197,low,79,scorer-v2,,
A005682,J0044,C00768,2026-04-08 08:05,0.374,low,61,scorer-v2,rejected,2026-05-02 19:30
A005683,J0006,C01325,2026-03-18 14:08,0.734,medium,48,scorer-v2,interviewed,2026-03-29 00:49
A005684,J0060,C00122,2025-11-24 13:28,0.14,low,73,scorer-v1,hired,2025-12-07 23:30
A005685,J0020,C00376,2025-12-30 18:57,0.582,medium,42,scorer-v1,interviewed,2026-01-03 03:04
A005686,J0022,C00655,2025-12-01 01:08,0.38,low,49,scorer-v1,interviewed,2025-12-18 09:24
A005687,J0056,C01166,2026-04-30 08:09,0.344,low,36,scorer-v2,rejected,2026-05-25 04:06
A005688,J0036,C01264,2025-09-21 21:52,0.145,low,60,scorer-v1,hired,2025-10-13 05:41
A005689,J0014,C01178,2026-07-23 13:13,0.604,medium,48,scorer-v2,,
A005690,J0047,C01428,2025-09-07 20:19,0.224,low,55,scorer-v1,rejected,2025-09-29 17:06
A005691,J0037,C00046,2026-03-11 19:03,0.469,low,64,scorer-v2,rejected,2026-03-17 04:20
A005692,J0034,C00121,2026-07-06 04:22,0.354,low,35,scorer-v2,hired,2026-07-09 06:36
A005693,J0058,C01426,2025-09-06 19:46,0.438,low,56,scorer-v1,rejected,2025-10-01 06:56
A005694,J0009,C00727,2026-01-23 02:36,0.582,medium,66,scorer-v1,interviewed,2026-02-07 17:52
A005695,J0073,C00375,2025-11-11 22:01,0.557,medium,62,scorer-v1,hired,2025-11-28 17:09
A005696,J0033,C00151,2026-04-06 20:35,0.963,good,100,scorer-v2,hired,2026-04-21 13:31
A005697,J0011,C00886,2026-05-04 05:45,0.813,good,90,scorer-v2,hired,2026-05-31 06:11
A005698,J0036,C00252,2026-04-11 11:50,0.105,low,80,scorer-v2,hired,2026-04-19 09:45
A005699,J0053,C01263,2026-02-12 03:07,0.565,medium,63,scorer-v1,rejected,2026-02-27 08:57
A005700,J0065,C00052,2026-01-15 17:18,0.353,low,32,scorer-v1,rejected,2026-02-12 11:24
A005701,J0029,C00443,2025-10-31 14:40,0.475,low,54,scorer-v1,rejected,2025-11-23 20:46
A005702,J0058,C01364,2026-02-20 04:43,0.707,medium,85,scorer-v1,interviewed,2026-03-04 07:52
A005703,J0058,C01076,2025-11-03 03:31,0.425,low,65,scorer-v1,rejected,2025-11-12 04:31
A005704,J0033,C00839,2026-07-08 03:45,0.689,medium,81,scorer-v2,hired,2026-07-18 00:02
A005705,J0002,C01475,2026-06-07 19:53,0.814,good,89,scorer-v2,hired,2026-06-22 00:21
A005706,J0026,C00373,2026-04-13 14:44,0.14,low,78,scorer-v2,interviewed,2026-04-25 14:23
A005707,J0034,C01208,2026-05-12 19:20,0.551,medium,54,scorer-v2,rejected,2026-05-19 03:54
A005708,J0004,C01284,2025-11-29 19:01,0.456,low,75,scorer-v1,rejected,2025-12-06 05:47
A005709,J0073,C01303,2025-11-25 13:34,0.767,medium,61,scorer-v1,interviewed,2025-12-07 19:42
A005710,J0050,C00329,2026-04-09 07:42,0.438,low,68,scorer-v2,hired,2026-05-07 15:57
A005711,J0019,C00322,2026-03-05 04:40,0.638,medium,66,scorer-v2,interviewed,2026-03-30 13:19
A005712,J0068,C01461,2025-11-20 21:32,0.701,medium,59,scorer-v1,rejected,2025-12-20 10:02
A005713,J0014,C00689,2025-09-28 14:03,0.386,low,54,scorer-v1,rejected,2025-10-09 23:07
A005714,J0042,C00687,2026-02-19 02:56,0.842,good,73,scorer-v1,interviewed,2026-02-26 18:53
A005715,J0057,C00587,2026-01-18 01:29,0.154,low,66,scorer-v1,rejected,2026-02-01 05:34
A005716,J0039,C00262,2025-11-15 13:56,0.893,good,100,scorer-v1,interviewed,2025-11-30 00:00
A005717,J0064,C01022,2026-07-10 23:28,0.407,low,34,scorer-v2,interviewed,2026-08-09 10:41
A005718,J0017,C00285,2026-05-03 20:39,0.468,low,47,scorer-v2,,
A005719,J0051,C00932,2026-02-25 16:41,0.15,low,73,scorer-v1,hired,2026-03-16 23:46
A005720,J0039,C00829,2026-04-11 18:25,0.743,medium,78,scorer-v2,hired,2026-05-01 22:26
A005721,J0051,C01222,2026-03-27 22:15,0.164,low,39,scorer-v2,rejected,2026-04-10 11:39
A005722,J0046,C00277,2025-12-20 10:45,0.908,good,93,scorer-v1,hired,2026-01-15 22:24
A005723,J0013,C00394,2025-10-13 16:00,0.047,low,31,scorer-v1,rejected,2025-11-03 23:55
A005724,J0038,C01018,2026-03-29 06:22,0.567,medium,45,scorer-v2,rejected,2026-04-08 00:49
A005725,J0040,C00247,2026-06-02 15:25,0.417,low,59,scorer-v2,interviewed,2026-07-03 14:15
A005726,J0076,C00058,2026-04-28 04:24,0.481,low,41,scorer-v2,interviewed,2026-05-22 03:58
A005727,J0074,C00881,2025-12-06 07:28,0.648,medium,56,scorer-v1,interviewed,2026-01-05 08:12
A005728,J0009,C00359,2026-06-13 07:49,0.242,low,60,scorer-v2,rejected,2026-07-06 14:13
A005729,J0077,C01306,2026-06-04 10:26,0.168,low,47,scorer-v2,hired,2026-06-17 09:13
A005730,J0004,C00993,2026-04-07 16:18,0.511,medium,64,scorer-v2,hired,2026-04-29 21:55
A005731,J0011,C00607,2026-04-25 23:05,0.281,low,54,scorer-v2,rejected,2026-05-12 23:22
A005732,J0075,C00510,2026-06-23 15:57,0.19,low,70,scorer-v2,hired,2026-06-30 18:03
A005733,J0065,C00897,2025-10-02 19:43,0.262,low,49,scorer-v1,rejected,2025-10-24 14:57
A005734,J0037,C00461,2026-04-12 02:38,0.741,medium,84,scorer-v2,interviewed,2026-04-16 23:21
A005735,J0030,C00475,2026-02-05 15:24,0.154,low,86,scorer-v1,rejected,2026-02-26 03:35
A005736,J0041,C00622,2026-05-10 19:42,0.641,medium,71,scorer-v2,interviewed,2026-06-08 22:47
A005737,J0002,C00039,2026-04-01 18:17,0.55,medium,59,scorer-v2,hired,2026-04-08 17:34
A005738,J0067,C00015,2026-07-17 22:21,0.434,low,58,scorer-v2,rejected,2026-08-12 04:49
A005739,J0014,C00535,2026-04-08 16:10,0.351,low,38,scorer-v2,rejected,2026-05-08 15:36
A005740,J0030,C01345,2026-04-01 23:55,0.163,low,88,scorer-v2,hired,2026-04-09 09:50
A005741,J0063,C00044,2026-04-30 19:57,0.177,low,77,scorer-v2,interviewed,2026-05-06 11:59
A005742,J0047,C01335,2026-03-02 11:18,0.07,low,67,scorer-v2,rejected,2026-03-15 23:10
A005743,J0040,C00729,2025-12-07 22:41,0.68,medium,58,scorer-v1,rejected,2025-12-18 22:47
A005744,J0027,C00410,2026-05-05 08:43,0.718,medium,100,scorer-v2,interviewed,2026-06-02 19:04
A005745,J0026,C00037,2025-12-11 10:52,0.09,low,68,scorer-v1,rejected,2026-01-06 19:13
A005746,J0007,C00874,2026-03-23 06:47,0.825,good,75,scorer-v2,hired,2026-04-15 16:07
A005747,J0026,C01032,2025-09-07 03:30,0.139,low,100,scorer-v1,hired,2025-09-21 12:19
A005748,J0022,C01351,2026-01-12 00:33,0.826,good,97,scorer-v1,interviewed,2026-02-03 05:47
A005749,J0019,C00841,2026-05-07 06:58,0.976,good,77,scorer-v2,,
A005750,J0077,C00941,2026-03-19 04:24,0.178,low,53,scorer-v2,rejected,2026-03-30 11:40
A005751,J0032,C00723,2026-06-11 10:13,0.402,low,71,scorer-v2,rejected,2026-06-17 12:49
A005752,J0065,C01363,2026-07-04 07:37,0.387,low,49,scorer-v2,rejected,2026-07-24 19:54
A005753,J0027,C01391,2026-04-30 10:28,0.681,medium,64,scorer-v2,hired,2026-05-06 07:38
A005754,J0043,C01173,2026-07-08 20:36,0.798,medium,88,scorer-v2,,
A005755,J0060,C00415,2025-11-01 19:48,0.226,low,100,scorer-v1,hired,2025-11-20 04:17
A005756,J0075,C00759,2025-10-15 01:24,0.158,low,70,scorer-v1,interviewed,2025-11-05 03:07
A005757,J0003,C01089,2026-07-20 21:10,0.238,low,86,scorer-v2,hired,2026-07-29 14:44
A005758,J0022,C00839,2025-11-19 19:30,0.559,medium,56,scorer-v1,rejected,2025-12-04 21:16
A005759,J0061,C00181,2025-10-22 05:11,1.0,good,99,scorer-v1,interviewed,2025-10-31 22:39
A005760,J0051,C01141,2026-03-12 18:09,0.18,low,93,scorer-v2,interviewed,2026-03-15 19:09
A005761,J0002,C00179,2026-04-01 03:46,0.529,medium,77,scorer-v2,hired,2026-04-05 14:48
A005762,J0078,C01134,2025-10-14 16:09,0.305,low,72,scorer-v1,rejected,2025-10-29 01:14
A005763,J0042,C01326,2025-09-04 17:28,0.541,medium,50,scorer-v1,hired,2025-10-01 22:40
A005764,J0041,C01237,2026-06-13 02:31,0.607,medium,73,scorer-v2,hired,2026-07-02 17:25
A005765,J0033,C00365,2026-07-14 10:44,0.576,medium,70,scorer-v2,rejected,2026-07-22 03:38
A005766,J0016,C01328,2026-05-07 03:30,0.768,medium,81,scorer-v2,interviewed,2026-05-25 21:09
A005767,J0005,C01293,2026-06-30 05:13,0.56,medium,88,scorer-v2,interviewed,2026-07-27 17:18
A005768,J0035,C00472,2026-03-19 00:10,0.43,low,62,scorer-v2,rejected,2026-04-11 14:30
A005769,J0023,C01273,2026-05-22 13:46,0.313,low,35,scorer-v2,interviewed,2026-06-10 00:54
A005770,J0080,C01488,2025-10-09 20:43,0.151,low,47,scorer-v1,hired,2025-11-04 13:57
A005771,J0051,C00907,2026-06-08 07:17,0.212,low,59,scorer-v2,interviewed,2026-06-14 15:46
A005772,J0063,C00221,2025-10-04 10:16,0.21,low,68,scorer-v1,hired,2025-10-26 02:11
A005773,J0033,C01463,2025-11-05 06:29,0.103,low,39,scorer-v1,rejected,2025-11-26 01:02
A005774,J0052,C00558,2025-12-01 08:23,0.607,medium,66,scorer-v1,hired,2025-12-13 17:54
A005775,J0014,C01119,2026-04-04 01:59,0.467,low,77,scorer-v2,rejected,2026-04-21 05:04
A005776,J0070,C01031,2026-04-23 11:41,0.493,low,59,scorer-v2,hired,2026-05-21 11:19
A005777,J0025,C00871,2026-04-12 07:02,0.482,low,83,scorer-v2,hired,2026-04-22 12:22
A005778,J0046,C00978,2026-07-07 02:41,0.585,medium,79,scorer-v2,rejected,2026-07-18 00:46
A005779,J0015,C01422,2026-05-22 06:57,0.774,medium,73,scorer-v2,hired,2026-05-27 09:28
A005780,J0078,C00820,2025-12-24 11:58,0.547,medium,53,scorer-v1,rejected,2026-01-01 20:51
A005781,J0031,C00472,2026-04-17 21:12,0.542,medium,51,scorer-v2,hired,2026-05-07 15:52
A005782,J0023,C00974,2026-05-24 11:36,0.23,low,46,scorer-v2,rejected,2026-05-28 04:51
A005783,J0038,C00481,2026-05-06 19:15,0.388,low,69,scorer-v2,rejected,2026-05-26 01:25
A005784,J0070,C00861,2025-09-01 03:16,0.738,medium,49,scorer-v1,interviewed,2025-09-17 02:11
A005785,J0019,C00793,2026-03-13 09:47,0.523,medium,75,scorer-v2,hired,2026-04-02 11:55
A005786,J0069,C00202,2025-11-20 07:51,0.578,medium,58,scorer-v1,,
A005787,J0052,C00143,2026-01-24 00:09,0.572,medium,50,scorer-v1,interviewed,2026-02-10 02:16
A005788,J0035,C00039,2026-07-06 00:55,0.339,low,52,scorer-v2,rejected,2026-07-20 01:18
A005789,J0070,C01020,2025-11-03 17:55,0.558,medium,44,scorer-v1,rejected,2025-11-07 15:11
A005790,J0022,C01409,2025-10-25 13:08,0.443,low,72,scorer-v1,rejected,2025-11-19 05:42
A005791,J0013,C00064,2025-11-28 23:01,0.122,low,58,scorer-v1,rejected,2025-12-19 21:04
A005792,J0004,C01377,2026-06-14 23:10,0.582,medium,55,scorer-v2,hired,2026-06-26 17:44
A005793,J0019,C00062,2026-02-10 03:30,0.639,medium,72,scorer-v1,,
A005794,J0018,C01174,2026-04-14 14:09,0.209,low,76,scorer-v2,hired,2026-05-11 18:25
A005795,J0048,C00321,2026-04-11 12:30,0.566,medium,75,scorer-v2,interviewed,2026-05-06 05:30
A005796,J0077,C01268,2026-01-02 05:25,0.161,low,49,scorer-v1,rejected,2026-02-01 16:52
A005797,J0062,C00554,2026-03-31 04:17,0.161,low,58,scorer-v2,rejected,2026-04-03 07:01
A005798,J0047,C01079,2025-11-29 03:58,0.101,low,49,scorer-v1,rejected,2025-12-22 23:06
A005799,J0024,C00292,2026-04-06 17:49,0.414,low,48,scorer-v2,rejected,2026-04-28 02:20
A005800,J0078,C00677,2026-01-06 17:19,0.672,medium,72,scorer-v1,hired,2026-01-22 04:10
A005801,J0011,C01157,2025-09-12 05:15,0.135,low,26,scorer-v1,rejected,2025-10-07 17:09
A005802,J0005,C00068,2026-01-14 14:01,0.571,medium,66,scorer-v1,,
A005803,J0046,C00821,2026-02-13 17:14,0.84,good,89,scorer-v1,hired,2026-03-03 21:32
A005804,J0003,C00815,2026-04-08 13:19,0.071,low,75,scorer-v2,interviewed,2026-04-14 04:41
A005805,J0019,C00243,2026-04-15 13:09,0.29,low,67,scorer-v2,rejected,2026-04-25 09:49
A005806,J0072,C00703,2025-10-15 03:11,0.541,medium,70,scorer-v1,hired,2025-11-09 05:24
A005807,J0055,C00644,2026-03-02 10:11,0.536,medium,62,scorer-v2,interviewed,2026-03-30 02:20
A005808,J0008,C00639,2026-07-07 00:41,0.058,low,46,scorer-v2,hired,2026-07-19 08:40
A005809,J0025,C01158,2026-05-11 13:32,0.358,low,32,scorer-v2,,
A005810,J0020,C00918,2026-06-02 03:20,0.575,medium,82,scorer-v2,hired,2026-06-28 20:14
A005811,J0010,C00774,2025-11-12 04:44,0.681,medium,62,scorer-v1,rejected,2025-12-03 18:14
A005812,J0005,C00572,2026-01-20 10:43,0.558,medium,66,scorer-v1,hired,2026-02-11 07:04
A005813,J0037,C01005,2025-12-30 20:22,0.64,medium,67,scorer-v1,hired,2026-01-04 13:44
A005814,J0009,C01112,2025-10-22 23:34,0.729,medium,84,scorer-v1,hired,2025-10-28 10:00
A005815,J0036,C01094,2026-04-13 17:27,0.124,low,68,scorer-v2,rejected,2026-04-28 07:00
A005816,J0051,C01474,2026-03-14 06:00,0.167,low,75,scorer-v2,hired,2026-04-01 21:13
A005817,J0038,C01114,2026-02-28 06:44,0.731,medium,61,scorer-v1,hired,2026-03-03 13:56
A005818,J0001,C01419,2025-11-15 10:37,0.849,good,80,scorer-v1,interviewed,2025-11-29 13:07
A005819,J0009,C00555,2025-10-20 08:28,0.663,medium,85,scorer-v1,interviewed,2025-10-27 08:30
A005820,J0071,C01432,2026-04-20 00:29,0.68,medium,85,scorer-v2,interviewed,2026-05-12 08:18
A005821,J0024,C00946,2026-01-07 23:36,0.76,medium,81,scorer-v1,hired,2026-01-23 23:24
A005822,J0029,C00200,2025-10-19 15:45,0.389,low,69,scorer-v1,rejected,2025-11-07 22:22
A005823,J0013,C00076,2025-12-08 15:54,0.224,low,87,scorer-v1,,
A005824,J0053,C00561,2026-07-25 14:19,0.298,low,61,scorer-v2,rejected,2026-07-28 14:29
A005825,J0007,C01281,2026-03-08 12:07,0.581,medium,55,scorer-v2,rejected,2026-03-31 17:03
A005826,J0055,C01220,2026-04-16 08:44,0.325,low,48,scorer-v2,rejected,2026-04-30 12:19
A005827,J0027,C00254,2026-04-24 00:11,0.521,medium,54,scorer-v2,rejected,2026-05-04 23:15
A005828,J0023,C00335,2025-11-21 19:58,0.435,low,53,scorer-v1,rejected,2025-12-13 08:25
A005829,J0044,C01239,2026-03-16 03:57,0.541,medium,45,scorer-v2,rejected,2026-04-04 19:09
A005830,J0038,C00218,2026-06-25 20:16,0.54,medium,59,scorer-v2,interviewed,2026-07-08 22:16
A005831,J0038,C00915,2026-04-14 00:38,0.645,medium,94,scorer-v2,,
A005832,J0011,C00196,2025-10-22 14:12,0.751,medium,82,scorer-v1,hired,2025-11-17 01:31
A005833,J0003,C01191,2026-07-25 04:59,0.178,low,73,scorer-v2,hired,2026-08-19 05:47
A005834,J0077,C00097,2026-07-22 11:18,0.112,low,88,scorer-v2,rejected,2026-08-07 18:33
A005835,J0076,C01307,2026-04-21 13:22,0.459,low,75,scorer-v2,hired,2026-05-06 01:42
A005836,J0057,C00319,2026-03-10 20:19,0.216,low,100,scorer-v2,hired,2026-04-05 11:45
A005837,J0028,C00179,2026-07-22 05:12,0.624,medium,100,scorer-v2,hired,2026-08-21 17:24
A005838,J0038,C01286,2026-02-14 15:31,0.627,medium,47,scorer-v1,hired,2026-03-15 06:16
A005839,J0001,C00253,2026-05-27 11:39,0.782,medium,75,scorer-v2,hired,2026-06-03 14:33
A005840,J0039,C00631,2025-09-01 15:23,0.895,good,88,scorer-v1,hired,2025-10-01 14:26
A005841,J0008,C01004,2026-06-15 04:06,0.074,low,82,scorer-v2,hired,2026-06-25 04:04
A005842,J0009,C00557,2026-06-13 18:06,0.371,low,68,scorer-v2,,
A005843,J0003,C00304,2025-10-03 05:02,0.183,low,73,scorer-v1,interviewed,2025-10-25 23:09
A005844,J0055,C00854,2025-10-14 02:20,0.52,medium,85,scorer-v1,rejected,2025-11-07 12:45
A005845,J0006,C00930,2025-10-18 16:31,0.353,low,32,scorer-v1,rejected,2025-10-30 03:28
A005846,J0029,C00508,2025-10-18 10:22,0.263,low,61,scorer-v1,rejected,2025-10-23 00:21
A005847,J0031,C00336,2025-10-03 22:49,0.499,low,51,scorer-v1,hired,2025-10-22 15:25
A005848,J0043,C01037,2026-01-08 12:48,0.458,low,64,scorer-v1,rejected,2026-01-25 19:52
A005849,J0061,C00162,2025-09-13 12:42,0.711,medium,41,scorer-v1,interviewed,2025-10-02 04:33
A005850,J0068,C00364,2026-07-24 05:57,0.793,medium,72,scorer-v2,hired,2026-07-28 22:20
A005851,J0046,C00607,2025-10-30 06:16,0.369,low,42,scorer-v1,hired,2025-11-17 08:40
A005852,J0073,C00686,2025-09-21 03:28,0.511,medium,72,scorer-v1,interviewed,2025-10-09 15:57
A005853,J0045,C00638,2025-12-24 22:33,0.034,low,43,scorer-v1,interviewed,2026-01-23 04:15
A005854,J0030,C00656,2025-09-11 12:13,0.165,low,37,scorer-v1,interviewed,2025-10-09 07:10
A005855,J0026,C00023,2026-03-12 06:01,0.093,low,36,scorer-v2,hired,2026-03-22 14:32
A005856,J0002,C00440,2025-12-10 23:42,0.663,medium,59,scorer-v1,rejected,2025-12-19 00:06
A005857,J0075,C01342,2026-05-21 06:44,0.145,low,71,scorer-v2,rejected,2026-06-10 22:32
A005858,J0014,C00397,2026-06-26 09:49,0.631,medium,90,scorer-v2,,
A005859,J0031,C00037,2026-06-17 07:01,0.507,medium,37,scorer-v2,rejected,2026-07-10 09:14
A005860,J0019,C00084,2026-02-23 02:54,0.756,medium,71,scorer-v1,interviewed,2026-03-01 05:56
A005861,J0062,C00479,2025-12-04 00:31,0.066,low,60,scorer-v1,hired,2025-12-12 09:39
A005862,J0009,C00722,2026-01-25 01:21,0.827,good,69,scorer-v1,hired,2026-02-20 21:19
A005863,J0076,C01095,2026-03-25 19:14,0.595,medium,48,scorer-v2,hired,2026-04-24 11:12
A005864,J0045,C01492,2026-01-11 01:21,0.158,low,66,scorer-v1,hired,2026-02-06 18:49
A005865,J0072,C00738,2026-03-17 18:35,0.49,low,65,scorer-v2,rejected,2026-04-06 19:24
A005866,J0025,C00335,2026-02-08 04:01,0.475,low,61,scorer-v1,hired,2026-03-10 20:58
A005867,J0071,C01064,2026-01-29 20:01,0.663,medium,80,scorer-v1,hired,2026-02-20 19:54
A005868,J0014,C01234,2026-02-03 22:59,0.246,low,31,scorer-v1,rejected,2026-02-28 16:47
A005869,J0047,C01025,2025-12-04 21:42,0.073,low,55,scorer-v1,rejected,2025-12-31 08:59
A005870,J0010,C00836,2026-03-19 23:55,0.704,medium,74,scorer-v2,,
A005871,J0059,C01063,2025-12-28 04:37,0.842,good,74,scorer-v1,hired,2026-01-26 18:04
A005872,J0067,C00595,2026-07-23 03:40,0.299,low,37,scorer-v2,rejected,2026-08-14 23:01
A005873,J0029,C00322,2025-10-16 12:45,0.475,low,52,scorer-v1,rejected,2025-10-29 18:37
A005874,J0017,C00336,2026-02-19 14:06,0.7,medium,61,scorer-v1,interviewed,2026-03-17 21:04
A005875,J0038,C00491,2025-11-05 20:44,0.342,low,40,scorer-v1,rejected,2025-11-24 11:12
A005876,J0035,C00480,2026-01-18 23:35,0.734,medium,62,scorer-v1,rejected,2026-02-07 01:31
A005877,J0080,C00883,2026-01-01 15:53,0.194,low,73,scorer-v1,hired,2026-01-05 23:24
A005878,J0029,C00512,2026-04-23 12:28,0.585,medium,73,scorer-v2,hired,2026-05-08 09:24
A005879,J0028,C00495,2026-04-24 18:36,0.396,low,55,scorer-v2,interviewed,2026-05-04 04:14
A005880,J0039,C00270,2026-04-25 03:42,0.657,medium,64,scorer-v2,interviewed,2026-05-20 16:57
A005881,J0079,C00382,2026-01-21 22:25,0.608,medium,65,scorer-v1,hired,2026-01-30 07:27
A005882,J0063,C00567,2026-05-16 15:13,0.128,low,65,scorer-v2,rejected,2026-05-23 18:02
A005883,J0080,C00715,2026-03-08 00:55,0.119,low,44,scorer-v2,rejected,2026-04-06 08:30
A005884,J0009,C00517,2026-01-21 08:06,0.36,low,53,scorer-v1,rejected,2026-01-30 15:16
A005885,J0025,C00700,2026-06-24 07:33,0.378,low,17,scorer-v2,rejected,2026-07-16 01:57
A005886,J0044,C00816,2026-07-02 02:41,0.647,medium,67,scorer-v2,rejected,2026-07-05 21:29
A005887,J0014,C00852,2026-05-03 10:32,0.499,low,77,scorer-v2,hired,2026-05-26 20:22
A005888,J0054,C00355,2025-09-12 06:14,0.514,medium,50,scorer-v1,interviewed,2025-09-24 07:30
A005889,J0048,C00134,2026-02-25 15:23,0.392,low,55,scorer-v1,rejected,2026-03-01 20:58
A005890,J0022,C01073,2026-07-25 20:49,0.687,medium,73,scorer-v2,hired,2026-08-23 18:15
A005891,J0002,C00683,2025-12-29 07:00,0.541,medium,76,scorer-v1,interviewed,2026-01-14 08:26
A005892,J0048,C00057,2026-07-25 19:52,0.484,low,60,scorer-v2,rejected,2026-08-09 11:52
A005893,J0047,C01063,2026-06-18 03:39,0.1,low,68,scorer-v2,hired,2026-06-28 08:18
A005894,J0028,C00271,2025-11-09 12:01,0.716,medium,91,scorer-v1,hired,2025-12-04 05:53
A005895,J0010,C00258,2026-06-13 02:27,0.9,good,94,scorer-v2,interviewed,2026-06-17 19:02
A005896,J0005,C00695,2026-06-26 13:16,0.688,medium,70,scorer-v2,rejected,2026-07-15 04:55
A005897,J0063,C00653,2026-06-27 18:46,0.151,low,81,scorer-v2,rejected,2026-07-19 18:12
A005898,J0035,C00763,2025-10-09 07:39,0.449,low,49,scorer-v1,,
A005899,J0017,C01453,2026-07-06 18:08,0.555,medium,49,scorer-v2,rejected,2026-08-06 04:49
A005900,J0005,C01434,2026-07-22 10:43,0.656,medium,83,scorer-v2,hired,2026-08-17 11:54
A005901,J0009,C01209,2026-02-15 12:20,0.535,medium,71,scorer-v1,hired,2026-03-05 01:47
A005902,J0057,C00892,2026-02-02 08:42,0.123,low,81,scorer-v1,interviewed,2026-02-23 03:08
A005903,J0034,C01322,2025-09-20 10:59,0.938,good,100,scorer-v1,interviewed,2025-09-24 08:21
A005904,J0026,C00951,2026-07-01 21:51,0.13,low,34,scorer-v2,hired,2026-07-25 14:17
A005905,J0054,C01227,2026-05-20 07:49,0.634,medium,62,scorer-v2,rejected,2026-06-03 13:25
A005906,J0074,C01022,2026-02-02 08:46,0.509,medium,84,scorer-v1,hired,2026-02-12 15:21
A005907,J0051,C00097,2025-09-25 02:53,0.206,low,67,scorer-v1,,
A005908,J0037,C01443,2026-06-27 20:14,0.705,medium,75,scorer-v2,rejected,2026-07-13 08:57
A005909,J0043,C00243,2025-09-21 19:16,0.325,low,61,scorer-v1,rejected,2025-09-26 07:35
A005910,J0026,C00470,2025-11-05 23:27,0.099,low,36,scorer-v1,,
A005911,J0067,C00937,2026-07-14 13:05,0.494,low,83,scorer-v2,rejected,2026-08-12 07:45
A005912,J0034,C00140,2026-03-22 21:11,0.431,low,58,scorer-v2,rejected,2026-04-05 11:51
A005913,J0022,C01193,2025-11-05 16:44,0.334,low,43,scorer-v1,rejected,2025-11-29 19:02
A005914,J0018,C01248,2026-01-07 02:55,0.184,low,56,scorer-v1,hired,2026-01-13 02:07
A005915,J0020,C00514,2026-05-29 02:23,0.459,low,76,scorer-v2,interviewed,2026-06-16 14:40
A005916,J0069,C00908,2025-11-03 06:15,0.726,medium,59,scorer-v1,hired,2025-11-18 23:37
A005917,J0037,C01176,2026-06-20 02:37,0.598,medium,58,scorer-v2,rejected,2026-07-06 15:17
A005918,J0006,C01253,2026-03-31 10:45,0.436,low,35,scorer-v2,rejected,2026-04-11 12:46
A005919,J0052,C00025,2026-02-03 09:27,0.561,medium,80,scorer-v1,interviewed,2026-03-04 01:18
A005920,J0018,C00100,2025-10-19 00:39,0.102,low,67,scorer-v1,hired,2025-10-25 17:14
A005921,J0038,C00454,2025-12-06 03:21,0.607,medium,46,scorer-v1,rejected,2025-12-09 05:24
A005922,J0010,C01090,2026-04-07 22:37,0.632,medium,66,scorer-v2,hired,2026-04-24 13:31
A005923,J0037,C00054,2025-12-27 08:08,0.429,low,38,scorer-v1,rejected,2026-01-02 10:19
A005924,J0003,C01269,2026-01-30 22:58,0.204,low,63,scorer-v1,rejected,2026-02-19 00:16
A005925,J0025,C00580,2025-10-29 21:22,0.517,medium,58,scorer-v1,rejected,2025-11-19 11:07
A005926,J0076,C00425,2026-04-28 12:04,0.667,medium,63,scorer-v2,rejected,2026-05-12 04:13
A005927,J0043,C01099,2026-06-24 09:11,0.66,medium,80,scorer-v2,,
A005928,J0018,C01044,2025-09-26 03:47,0.104,low,65,scorer-v1,rejected,2025-10-01 18:10
A005929,J0012,C00626,2026-07-01 12:30,0.153,low,68,scorer-v2,rejected,2026-07-08 20:57
A005930,J0079,C00821,2026-01-31 20:11,0.541,medium,45,scorer-v1,rejected,2026-02-19 19:15
A005931,J0076,C00025,2026-06-05 16:15,0.754,medium,96,scorer-v2,hired,2026-06-19 18:52
A005932,J0061,C00882,2025-09-28 20:38,0.503,medium,32,scorer-v1,rejected,2025-10-09 23:27
A005933,J0018,C00934,2025-10-29 23:34,0.151,low,69,scorer-v1,,
A005934,J0026,C00585,2026-04-26 10:49,0.181,low,77,scorer-v2,hired,2026-05-21 12:04
A005935,J0017,C00733,2026-03-25 09:34,0.479,low,68,scorer-v2,rejected,2026-04-07 03:33
A005936,J0066,C00618,2025-12-17 21:34,0.928,good,73,scorer-v1,hired,2025-12-31 20:19
A005937,J0056,C00409,2026-07-16 06:07,0.647,medium,76,scorer-v2,rejected,2026-07-30 18:37
A005938,J0045,C00050,2025-11-06 12:41,0.144,low,49,scorer-v1,hired,2025-11-14 00:04
A005939,J0006,C00645,2026-03-14 18:27,0.103,low,64,scorer-v2,hired,2026-03-25 13:25
A005940,J0010,C01123,2025-12-25 14:39,0.634,medium,52,scorer-v1,,
A005941,J0044,C01345,2026-06-19 07:05,0.82,good,84,scorer-v2,hired,2026-07-18 14:34
A005942,J0007,C01002,2026-06-18 15:26,0.543,medium,79,scorer-v2,rejected,2026-07-08 11:27
A005943,J0051,C01192,2025-09-30 20:39,0.209,low,100,scorer-v1,rejected,2025-10-14 04:28
A005944,J0062,C01112,2025-12-19 21:26,0.2,low,72,scorer-v1,interviewed,2026-01-11 01:09
A005945,J0055,C01265,2026-03-27 01:39,0.424,low,76,scorer-v2,hired,2026-04-03 05:46
A005946,J0041,C01407,2025-12-04 10:28,0.428,low,67,scorer-v1,rejected,2025-12-23 17:44
A005947,J0020,C01035,2026-04-07 06:49,0.552,medium,61,scorer-v2,hired,2026-04-15 16:23
A005948,J0054,C01368,2025-11-02 12:42,0.69,medium,60,scorer-v1,hired,2025-11-14 19:16
A005949,J0036,C01258,2025-09-24 18:03,0.053,low,47,scorer-v1,rejected,2025-10-17 08:26
A005950,J0016,C00261,2026-01-05 21:58,0.509,medium,67,scorer-v1,,
A005951,J0017,C00945,2026-03-06 09:32,0.503,medium,64,scorer-v2,rejected,2026-03-09 11:02
A005952,J0034,C01271,2026-04-02 14:36,0.51,medium,60,scorer-v2,,
A005953,J0039,C01210,2025-11-25 02:55,0.286,low,29,scorer-v1,rejected,2025-12-20 19:40
A005954,J0005,C01225,2025-11-24 09:19,0.353,low,57,scorer-v1,rejected,2025-12-23 11:03
A005955,J0015,C01267,2025-11-02 20:43,0.407,low,51,scorer-v1,rejected,2025-11-16 13:08
A005956,J0079,C01098,2026-06-12 15:55,0.556,medium,75,scorer-v2,hired,2026-06-21 16:13
A005957,J0041,C00909,2026-05-11 11:28,0.477,low,77,scorer-v2,,
A005958,J0053,C01219,2026-05-25 01:35,0.361,low,70,scorer-v2,rejected,2026-05-29 12:44
A005959,J0046,C00440,2025-10-22 07:11,0.544,medium,56,scorer-v1,interviewed,2025-11-13 04:22
A005960,J0037,C00179,2025-10-28 02:36,0.49,low,60,scorer-v1,rejected,2025-11-15 20:43
A005961,J0012,C01091,2026-01-29 01:39,0.192,low,66,scorer-v1,rejected,2026-02-04 21:53
A005962,J0041,C01242,2026-05-26 08:08,0.371,low,47,scorer-v2,rejected,2026-06-19 05:26
A005963,J0040,C00670,2026-02-17 02:08,0.47,low,51,scorer-v1,hired,2026-03-13 09:51
A005964,J0019,C00424,2026-04-16 22:32,0.583,medium,88,scorer-v2,interviewed,2026-04-27 13:57
A005965,J0045,C00412,2025-10-17 13:16,0.212,low,100,scorer-v1,hired,2025-10-29 04:07
A005966,J0066,C00047,2025-12-23 19:17,0.526,medium,44,scorer-v1,rejected,2026-01-03 23:38
A005967,J0001,C00109,2026-03-16 03:13,0.59,medium,83,scorer-v2,rejected,2026-04-13 04:45
A005968,J0018,C01365,2025-12-27 02:35,0.159,low,71,scorer-v1,hired,2026-01-22 21:46
A005969,J0007,C01360,2025-09-14 15:01,0.546,medium,51,scorer-v1,hired,2025-09-27 19:31
A005970,J0031,C00023,2026-05-05 12:16,0.861,good,80,scorer-v2,interviewed,2026-06-05 08:05
A005971,J0025,C01081,2026-02-04 19:17,0.597,medium,61,scorer-v1,rejected,2026-02-12 17:56
A005972,J0073,C00165,2025-11-14 01:12,0.62,medium,72,scorer-v1,interviewed,2025-12-09 21:02
A005973,J0054,C01171,2026-02-20 04:09,0.61,medium,62,scorer-v1,rejected,2026-03-13 05:55
A005974,J0018,C00969,2026-04-11 09:34,0.123,low,67,scorer-v2,rejected,2026-04-14 23:15
A005975,J0047,C01330,2026-03-22 13:57,0.168,low,77,scorer-v2,interviewed,2026-04-06 19:05
A005976,J0049,C00221,2026-06-06 03:12,0.771,medium,90,scorer-v2,hired,2026-07-02 18:43
A005977,J0026,C01230,2025-11-13 11:00,0.185,low,47,scorer-v1,interviewed,2025-11-18 18:11
A005978,J0005,C01289,2026-03-02 06:17,0.69,medium,71,scorer-v2,rejected,2026-03-20 14:48
A005979,J0078,C00425,2026-06-09 02:45,0.7,medium,75,scorer-v2,interviewed,2026-07-03 02:43
A005980,J0075,C00667,2026-05-14 15:12,0.288,low,80,scorer-v2,hired,2026-06-07 22:12
A005981,J0015,C01440,2026-02-28 06:24,0.51,medium,59,scorer-v1,hired,2026-03-22 22:25
A005982,J0077,C01002,2026-05-20 12:13,0.158,low,66,scorer-v2,interviewed,2026-06-07 08:10
A005983,J0044,C01245,2026-06-09 17:48,0.441,low,59,scorer-v2,rejected,2026-07-05 23:01
A005984,J0054,C00817,2025-11-06 05:06,0.366,low,72,scorer-v1,,
A005985,J0062,C00199,2025-10-31 18:38,0.011,low,35,scorer-v1,rejected,2025-11-17 06:23
A005986,J0001,C00762,2026-05-20 12:37,0.262,low,67,scorer-v2,rejected,2026-06-15 02:08
A005987,J0067,C01088,2026-05-21 02:55,0.701,medium,67,scorer-v2,hired,2026-06-09 07:32
A005988,J0067,C00904,2026-03-27 08:07,0.534,medium,50,scorer-v2,rejected,2026-04-26 20:26
A005989,J0044,C00883,2026-07-07 20:16,0.671,medium,91,scorer-v2,,
A005990,J0021,C00111,2026-01-18 03:38,0.5,medium,59,scorer-v1,interviewed,2026-01-31 08:58
A005991,J0004,C00712,2026-02-16 14:21,0.379,low,48,scorer-v1,rejected,2026-02-22 05:18
A005992,J0074,C00698,2026-06-16 15:09,0.7,medium,75,scorer-v2,hired,2026-06-26 20:01
A005993,J0066,C00344,2026-03-11 03:04,0.366,low,64,scorer-v2,rejected,2026-03-31 16:11
A005994,J0015,C01337,2025-12-23 15:15,0.523,medium,43,scorer-v1,rejected,2026-01-04 23:26
A005995,J0055,C00525,2026-07-06 17:31,0.438,low,76,scorer-v2,interviewed,2026-07-18 04:38
A005996,J0022,C01457,2025-11-08 13:34,0.785,medium,69,scorer-v1,hired,2025-11-20 16:01
A005997,J0033,C01416,2025-12-14 04:09,0.717,medium,67,scorer-v1,interviewed,2026-01-04 12:55
A005998,J0051,C01101,2026-07-07 18:01,0.145,low,88,scorer-v2,hired,2026-07-11 23:02
A005999,J0032,C00689,2025-12-25 04:09,0.711,medium,64,scorer-v1,rejected,2026-01-14 01:21
A006000,J0053,C01008,2026-07-03 23:30,0.358,low,77,scorer-v2,hired,2026-07-07 04:04
