event_id,application_id,recruiter_id,event_type,created_at
E0000001,A000001,R11,profile_opened,2026-04-05 04:38
E0000002,A000001,R12,shortlisted,2026-04-05 12:22
E0000003,A000002,R08,profile_opened,2026-06-23 11:16
E0000004,A000002,R02,ai_score_viewed,2026-06-23 11:58
E0000005,A000002,R04,shortlisted,2026-06-23 16:11
E0000006,A000003,R03,profile_opened,2026-01-23 09:34
E0000007,A000004,R11,profile_opened,2025-11-14 14:58
E0000008,A000004,R06,ai_score_viewed,2025-11-14 15:25
E0000009,A000004,R03,shortlisted,2025-11-14 18:14
E0000010,A000005,R10,profile_opened,2025-10-25 01:12
E0000011,A000005,R11,ai_score_viewed,2025-10-25 01:41
E0000012,A000005,R02,shortlisted,2025-10-25 06:22
E0000013,A000006,R07,profile_opened,2026-07-04 12:52
E0000014,A000006,R07,ai_score_viewed,2026-07-04 13:05
E0000015,A000006,R08,shortlisted,2026-07-04 17:43
E0000016,A000007,R12,profile_opened,2025-12-27 00:48
E0000017,A000007,R10,ai_score_viewed,2025-12-27 00:49
E0000018,A000008,R11,profile_opened,2026-03-21 17:41
E0000019,A000009,R07,profile_opened,2026-05-20 07:41
E0000020,A000009,R06,ai_score_viewed,2026-05-20 07:54
E0000021,A000009,R06,shortlisted,2026-05-20 11:08
E0000022,A000010,R05,profile_opened,2025-10-28 04:08
E0000023,A000010,R08,ai_score_viewed,2025-10-28 04:47
E0000024,A000010,R08,shortlisted,2025-10-28 05:45
E0000025,A000011,R10,profile_opened,2026-05-28 22:02
E0000026,A000011,R03,ai_score_viewed,2026-05-28 22:33
E0000027,A000012,R04,profile_opened,2025-12-20 18:57
E0000028,A000012,R06,ai_score_viewed,2025-12-20 19:03
E0000029,A000013,R04,profile_opened,2026-04-10 22:04
E0000030,A000013,R05,shortlisted,2026-04-11 01:49
E0000031,A000014,R06,profile_opened,2026-01-09 18:03
E0000032,A000014,R07,shortlisted,2026-01-10 00:07
E0000033,A000015,R11,profile_opened,2025-10-09 06:12
E0000034,A000015,R12,ai_score_viewed,2025-10-09 06:25
E0000035,A000015,R10,shortlisted,2025-10-09 14:51
E0000036,A000016,R12,ai_score_viewed,2026-05-11 13:08
E0000037,A000017,R10,profile_opened,2025-10-31 07:16
E0000038,A000017,R08,ai_score_viewed,2025-10-31 07:30
E0000039,A000018,R02,profile_opened,2025-12-14 00:36
E0000040,A000018,R04,ai_score_viewed,2025-12-14 01:06
E0000041,A000019,R02,shortlisted,2026-04-08 04:05
E0000042,A000020,R07,profile_opened,2025-11-16 19:32
E0000043,A000020,R04,ai_score_viewed,2025-11-16 20:16
E0000044,A000020,R12,shortlisted,2025-11-17 01:18
E0000045,A000021,R12,profile_opened,2026-05-23 08:25
E0000046,A000021,R03,ai_score_viewed,2026-05-23 08:34
E0000047,A000022,R12,profile_opened,2025-12-26 02:39
E0000048,A000022,R12,ai_score_viewed,2025-12-26 02:54
E0000049,A000023,R08,profile_opened,2026-04-02 22:24
E0000050,A000023,R03,ai_score_viewed,2026-04-02 22:35
E0000051,A000023,R08,shortlisted,2026-04-03 02:43
E0000052,A000024,R08,profile_opened,2026-03-17 10:25
E0000053,A000025,R09,profile_opened,2026-06-17 07:29
E0000054,A000026,R06,profile_opened,2026-02-12 01:37
E0000055,A000027,R02,profile_opened,2025-09-12 16:55
E0000056,A000027,R03,ai_score_viewed,2025-09-12 17:02
E0000057,A000027,R12,shortlisted,2025-09-12 18:06
E0000058,A000028,R12,profile_opened,2026-03-26 06:05
E0000059,A000028,R07,ai_score_viewed,2026-03-26 06:45
E0000060,A000029,R01,profile_opened,2026-04-07 04:10
E0000061,A000029,R03,shortlisted,2026-04-07 05:23
E0000062,A000030,R08,ai_score_viewed,2026-06-15 01:01
E0000063,A000031,R02,ai_score_viewed,2025-10-14 11:37
E0000064,A000032,R07,profile_opened,2026-04-01 03:08
E0000065,A000032,R08,shortlisted,2026-04-01 11:37
E0000066,A000033,R08,profile_opened,2025-09-17 16:43
E0000067,A000033,R02,shortlisted,2025-09-17 19:21
E0000068,A000034,R08,profile_opened,2026-03-01 17:32
E0000069,A000035,R10,profile_opened,2026-01-17 21:47
E0000070,A000035,R03,ai_score_viewed,2026-01-17 22:37
E0000071,A000035,R06,shortlisted,2026-01-18 03:39
E0000072,A000036,R09,profile_opened,2025-12-07 14:35
E0000073,A000036,R10,ai_score_viewed,2025-12-07 15:09
E0000074,A000037,R09,profile_opened,2026-05-25 19:42
E0000075,A000037,R11,ai_score_viewed,2026-05-25 20:12
E0000076,A000038,R09,profile_opened,2025-10-15 14:57
E0000077,A000038,R08,ai_score_viewed,2025-10-15 15:25
E0000078,A000038,R06,shortlisted,2025-10-15 19:36
E0000079,A000039,R10,profile_opened,2026-01-31 17:16
E0000080,A000039,R07,ai_score_viewed,2026-01-31 17:17
E0000081,A000039,R05,shortlisted,2026-01-31 18:38
E0000082,A000040,R05,profile_opened,2026-04-03 01:47
E0000083,A000041,R09,profile_opened,2026-05-15 17:35
E0000084,A000041,R08,ai_score_viewed,2026-05-15 18:13
E0000085,A000041,R03,shortlisted,2026-05-16 01:43
E0000086,A000042,R10,profile_opened,2026-05-28 06:25
E0000087,A000042,R05,shortlisted,2026-05-28 16:20
E0000088,A000043,R04,profile_opened,2026-05-23 17:30
E0000089,A000043,R07,ai_score_viewed,2026-05-23 17:57
E0000090,A000043,R07,shortlisted,2026-05-24 01:11
E0000091,A000044,R09,profile_opened,2026-04-17 19:37
E0000092,A000045,R03,profile_opened,2026-02-09 00:51
E0000093,A000045,R08,ai_score_viewed,2026-02-09 01:22
E0000094,A000046,R10,profile_opened,2025-11-03 04:18
E0000095,A000046,R01,ai_score_viewed,2025-11-03 05:10
E0000096,A000047,R09,profile_opened,2026-07-03 18:48
E0000097,A000047,R06,ai_score_viewed,2026-07-03 18:59
E0000098,A000048,R09,profile_opened,2026-06-21 17:35
E0000099,A000048,R11,shortlisted,2026-06-22 01:06
E0000100,A000049,R07,profile_opened,2026-04-10 10:02
E0000101,A000050,R12,profile_opened,2026-04-22 14:50
E0000102,A000050,R09,ai_score_viewed,2026-04-22 15:21
E0000103,A000051,R06,profile_opened,2025-10-17 04:56
E0000104,A000051,R10,ai_score_viewed,2025-10-17 05:30
E0000105,A000051,R01,shortlisted,2025-10-17 11:49
E0000106,A000052,R04,shortlisted,2026-04-07 23:14
E0000107,A000053,R10,ai_score_viewed,2026-04-18 12:06
E0000108,A000054,R09,profile_opened,2026-01-12 08:26
E0000109,A000054,R06,ai_score_viewed,2026-01-12 08:38
E0000110,A000055,R09,profile_opened,2026-04-01 15:29
E0000111,A000055,R02,ai_score_viewed,2026-04-01 15:52
E0000112,A000056,R02,profile_opened,2026-06-21 11:50
E0000113,A000056,R02,ai_score_viewed,2026-06-21 12:47
E0000114,A000056,R10,shortlisted,2026-06-21 19:42
E0000115,A000057,R08,profile_opened,2026-06-17 16:20
E0000116,A000057,R07,shortlisted,2026-06-17 19:09
E0000117,A000058,R07,profile_opened,2026-07-18 14:22
E0000118,A000058,R09,shortlisted,2026-07-18 21:25
E0000119,A000059,R10,ai_score_viewed,2025-09-23 23:38
E0000120,A000060,R05,profile_opened,2026-06-06 06:44
E0000121,A000060,R07,shortlisted,2026-06-06 11:20
E0000122,A000061,R02,profile_opened,2026-01-26 18:20
E0000123,A000061,R11,ai_score_viewed,2026-01-26 19:09
E0000124,A000061,R09,shortlisted,2026-01-27 00:08
E0000125,A000062,R11,profile_opened,2025-09-17 21:45
E0000126,A000062,R03,ai_score_viewed,2025-09-17 22:35
E0000127,A000062,R05,shortlisted,2025-09-18 00:47
E0000128,A000063,R02,profile_opened,2026-06-27 03:25
E0000129,A000063,R02,ai_score_viewed,2026-06-27 04:15
E0000130,A000064,R09,profile_opened,2026-01-04 03:14
E0000131,A000064,R11,ai_score_viewed,2026-01-04 03:15
E0000132,A000065,R04,profile_opened,2025-10-07 23:44
E0000133,A000065,R06,shortlisted,2025-10-08 05:06
E0000134,A000066,R05,profile_opened,2026-01-15 20:14
E0000135,A000066,R09,ai_score_viewed,2026-01-15 20:47
E0000136,A000067,R07,profile_opened,2025-12-03 18:40
E0000137,A000067,R10,ai_score_viewed,2025-12-03 18:49
E0000138,A000067,R09,shortlisted,2025-12-04 02:57
E0000139,A000068,R08,profile_opened,2026-03-18 20:28
E0000140,A000068,R11,ai_score_viewed,2026-03-18 20:29
E0000141,A000068,R08,shortlisted,2026-03-19 03:23
E0000142,A000069,R09,profile_opened,2025-09-07 18:32
E0000143,A000069,R09,ai_score_viewed,2025-09-07 18:47
E0000144,A000070,R11,profile_opened,2026-04-13 18:10
E0000145,A000071,R05,profile_opened,2025-12-10 19:16
E0000146,A000071,R12,ai_score_viewed,2025-12-10 19:26
E0000147,A000072,R06,profile_opened,2025-12-19 19:22
E0000148,A000072,R11,ai_score_viewed,2025-12-19 19:58
E0000149,A000073,R10,profile_opened,2025-09-19 04:08
E0000150,A000073,R08,ai_score_viewed,2025-09-19 04:32
E0000151,A000074,R09,profile_opened,2025-12-21 10:29
E0000152,A000075,R06,profile_opened,2025-10-15 20:39
E0000153,A000075,R09,ai_score_viewed,2025-10-15 20:55
E0000154,A000075,R04,shortlisted,2025-10-16 06:37
E0000155,A000076,R04,profile_opened,2026-07-14 17:17
E0000156,A000076,R04,ai_score_viewed,2026-07-14 17:30
E0000157,A000076,R01,shortlisted,2026-07-14 23:41
E0000158,A000077,R01,profile_opened,2026-02-15 05:46
E0000159,A000078,R07,profile_opened,2026-01-31 22:32
E0000160,A000079,R10,profile_opened,2025-10-16 09:30
E0000161,A000079,R02,ai_score_viewed,2025-10-16 09:57
E0000162,A000079,R03,shortlisted,2025-10-16 11:23
E0000163,A000080,R07,profile_opened,2025-10-19 16:40
E0000164,A000080,R09,ai_score_viewed,2025-10-19 17:32
E0000165,A000080,R03,shortlisted,2025-10-20 01:06
E0000166,A000082,R05,profile_opened,2025-11-19 19:59
E0000167,A000082,R09,ai_score_viewed,2025-11-19 20:41
E0000168,A000082,R05,shortlisted,2025-11-20 00:13
E0000169,A000083,R07,profile_opened,2026-06-01 07:48
E0000170,A000084,R07,profile_opened,2026-03-27 21:17
E0000171,A000085,R11,profile_opened,2026-03-20 14:09
E0000172,A000085,R11,ai_score_viewed,2026-03-20 15:05
E0000173,A000085,R12,shortlisted,2026-03-20 16:09
E0000174,A000086,R11,profile_opened,2026-05-05 22:35
E0000175,A000086,R02,ai_score_viewed,2026-05-05 23:22
E0000176,A000086,R10,shortlisted,2026-05-05 23:41
E0000177,A000087,R01,ai_score_viewed,2026-01-15 12:44
E0000178,A000088,R07,profile_opened,2026-05-10 16:47
E0000179,A000088,R08,ai_score_viewed,2026-05-10 17:43
E0000180,A000088,R11,shortlisted,2026-05-11 00:32
E0000181,A000089,R10,profile_opened,2026-07-04 06:54
E0000182,A000090,R05,profile_opened,2026-06-14 07:47
E0000183,A000090,R04,ai_score_viewed,2026-06-14 08:26
E0000184,A000091,R08,profile_opened,2026-02-06 03:56
E0000185,A000091,R08,ai_score_viewed,2026-02-06 04:15
E0000186,A000091,R05,shortlisted,2026-02-06 10:17
E0000187,A000092,R06,ai_score_viewed,2026-04-20 17:59
E0000188,A000092,R03,shortlisted,2026-04-21 03:06
E0000189,A000093,R01,profile_opened,2026-03-18 12:47
E0000190,A000093,R09,shortlisted,2026-03-18 20:41
E0000191,A000094,R09,profile_opened,2026-04-07 08:27
E0000192,A000094,R12,ai_score_viewed,2026-04-07 09:20
E0000193,A000094,R10,shortlisted,2026-04-07 11:31
E0000194,A000095,R10,profile_opened,2025-09-07 18:27
E0000195,A000095,R12,ai_score_viewed,2025-09-07 19:02
E0000196,A000096,R10,profile_opened,2025-11-26 03:58
E0000197,A000096,R01,ai_score_viewed,2025-11-26 04:18
E0000198,A000097,R10,profile_opened,2026-05-04 12:12
E0000199,A000097,R09,ai_score_viewed,2026-05-04 12:37
E0000200,A000097,R03,shortlisted,2026-05-04 17:05
E0000201,A000098,R03,profile_opened,2026-02-19 04:14
E0000202,A000098,R08,shortlisted,2026-02-19 09:27
E0000203,A000099,R02,profile_opened,2026-04-23 14:17
E0000204,A000099,R11,ai_score_viewed,2026-04-23 15:07
E0000205,A000100,R10,profile_opened,2025-11-07 16:18
E0000206,A000101,R01,profile_opened,2026-02-15 02:46
E0000207,A000101,R10,shortlisted,2026-02-15 09:55
E0000208,A000103,R09,profile_opened,2026-05-08 03:56
E0000209,A000104,R01,ai_score_viewed,2026-02-13 19:39
E0000210,A000105,R02,profile_opened,2025-11-28 14:45
E0000211,A000105,R07,ai_score_viewed,2025-11-28 15:42
E0000212,A000106,R09,profile_opened,2025-09-04 21:03
E0000213,A000106,R05,ai_score_viewed,2025-09-04 21:38
E0000214,A000107,R07,profile_opened,2026-02-05 15:19
E0000215,A000108,R04,profile_opened,2026-04-11 04:14
E0000216,A000109,R06,profile_opened,2025-10-27 06:08
E0000217,A000109,R03,ai_score_viewed,2025-10-27 06:27
E0000218,A000109,R06,shortlisted,2025-10-27 07:54
E0000219,A000110,R06,profile_opened,2026-06-03 00:35
E0000220,A000111,R02,profile_opened,2025-12-06 02:26
E0000221,A000111,R02,ai_score_viewed,2025-12-06 02:36
E0000222,A000111,R01,shortlisted,2025-12-06 06:19
E0000223,A000112,R11,profile_opened,2026-01-24 12:10
E0000224,A000112,R11,shortlisted,2026-01-24 17:00
E0000225,A000113,R08,profile_opened,2025-12-02 02:02
E0000226,A000114,R06,profile_opened,2026-02-06 17:30
E0000227,A000115,R05,profile_opened,2025-12-25 11:02
E0000228,A000116,R04,profile_opened,2025-12-22 15:11
E0000229,A000116,R05,ai_score_viewed,2025-12-22 16:05
E0000230,A000116,R01,shortlisted,2025-12-22 18:28
E0000231,A000117,R04,profile_opened,2026-07-23 05:35
E0000232,A000117,R07,ai_score_viewed,2026-07-23 06:10
E0000233,A000118,R06,profile_opened,2025-12-28 20:25
E0000234,A000118,R01,ai_score_viewed,2025-12-28 20:38
E0000235,A000118,R01,shortlisted,2025-12-29 00:18
E0000236,A000119,R12,profile_opened,2026-05-07 21:35
E0000237,A000120,R06,profile_opened,2026-01-05 03:18
E0000238,A000121,R02,profile_opened,2025-12-05 04:14
E0000239,A000121,R02,ai_score_viewed,2025-12-05 04:40
E0000240,A000121,R09,shortlisted,2025-12-05 10:00
E0000241,A000122,R09,profile_opened,2025-11-23 21:00
E0000242,A000122,R07,ai_score_viewed,2025-11-23 21:07
E0000243,A000123,R09,profile_opened,2026-06-03 07:02
E0000244,A000123,R01,ai_score_viewed,2026-06-03 07:25
E0000245,A000123,R03,shortlisted,2026-06-03 09:53
E0000246,A000124,R06,profile_opened,2026-07-24 11:12
E0000247,A000124,R02,ai_score_viewed,2026-07-24 11:32
E0000248,A000125,R08,ai_score_viewed,2026-06-09 21:47
E0000249,A000126,R11,profile_opened,2026-04-11 20:32
E0000250,A000127,R05,profile_opened,2025-10-30 08:34
E0000251,A000128,R11,profile_opened,2025-12-10 15:51
E0000252,A000128,R01,ai_score_viewed,2025-12-10 16:45
E0000253,A000129,R08,profile_opened,2025-12-13 12:00
E0000254,A000129,R04,ai_score_viewed,2025-12-13 12:19
E0000255,A000129,R08,shortlisted,2025-12-13 17:11
E0000256,A000130,R05,profile_opened,2026-04-29 16:05
E0000257,A000130,R03,ai_score_viewed,2026-04-29 16:57
E0000258,A000131,R02,profile_opened,2025-09-03 16:37
E0000259,A000131,R09,ai_score_viewed,2025-09-03 17:23
E0000260,A000131,R10,shortlisted,2025-09-03 19:10
E0000261,A000132,R07,profile_opened,2026-04-16 18:53
E0000262,A000132,R09,ai_score_viewed,2026-04-16 19:05
E0000263,A000133,R11,profile_opened,2026-05-17 00:11
E0000264,A000133,R06,ai_score_viewed,2026-05-17 00:48
E0000265,A000134,R01,profile_opened,2026-07-24 04:18
E0000266,A000136,R09,ai_score_viewed,2025-10-23 04:21
E0000267,A000137,R05,profile_opened,2025-11-10 04:25
E0000268,A000137,R06,ai_score_viewed,2025-11-10 04:48
E0000269,A000137,R09,shortlisted,2025-11-10 09:44
E0000270,A000138,R09,profile_opened,2026-03-09 02:48
E0000271,A000138,R09,ai_score_viewed,2026-03-09 02:50
E0000272,A000139,R02,profile_opened,2026-02-16 08:55
E0000273,A000140,R12,profile_opened,2025-12-01 21:59
E0000274,A000140,R08,ai_score_viewed,2025-12-01 22:52
E0000275,A000141,R02,profile_opened,2026-05-02 14:50
E0000276,A000141,R10,ai_score_viewed,2026-05-02 15:17
E0000277,A000141,R02,shortlisted,2026-05-02 15:55
E0000278,A000142,R05,profile_opened,2025-10-18 12:16
E0000279,A000142,R03,ai_score_viewed,2025-10-18 13:06
E0000280,A000142,R05,shortlisted,2025-10-18 18:03
E0000281,A000143,R01,profile_opened,2026-03-02 17:31
E0000282,A000144,R11,profile_opened,2026-04-16 23:30
E0000283,A000145,R05,profile_opened,2026-03-27 22:51
E0000284,A000145,R04,ai_score_viewed,2026-03-27 23:35
E0000285,A000145,R12,shortlisted,2026-03-28 02:10
E0000286,A000146,R09,profile_opened,2026-05-13 04:03
E0000287,A000146,R12,ai_score_viewed,2026-05-13 04:53
E0000288,A000146,R07,shortlisted,2026-05-13 08:09
E0000289,A000147,R11,profile_opened,2026-01-27 14:31
E0000290,A000148,R09,ai_score_viewed,2026-03-27 10:11
E0000291,A000148,R02,shortlisted,2026-03-27 16:18
E0000292,A000149,R05,profile_opened,2026-04-16 12:42
E0000293,A000149,R12,ai_score_viewed,2026-04-16 13:10
E0000294,A000149,R06,shortlisted,2026-04-16 19:08
E0000295,A000150,R02,profile_opened,2025-10-04 13:52
E0000296,A000150,R04,ai_score_viewed,2025-10-04 13:53
E0000297,A000151,R11,profile_opened,2026-06-24 05:20
E0000298,A000151,R05,shortlisted,2026-06-24 14:22
E0000299,A000152,R09,profile_opened,2025-11-20 08:57
E0000300,A000153,R12,profile_opened,2025-10-30 01:02
E0000301,A000153,R11,ai_score_viewed,2025-10-30 01:32
E0000302,A000153,R12,shortlisted,2025-10-30 08:08
E0000303,A000154,R06,profile_opened,2026-07-04 15:20
E0000304,A000154,R11,ai_score_viewed,2026-07-04 16:20
E0000305,A000154,R01,shortlisted,2026-07-04 21:21
E0000306,A000155,R12,profile_opened,2026-07-07 21:46
E0000307,A000155,R01,ai_score_viewed,2026-07-07 22:25
E0000308,A000155,R04,shortlisted,2026-07-08 01:01
E0000309,A000156,R11,profile_opened,2026-02-11 09:34
E0000310,A000156,R07,ai_score_viewed,2026-02-11 09:52
E0000311,A000156,R04,shortlisted,2026-02-11 11:17
E0000312,A000157,R04,profile_opened,2025-10-06 11:17
E0000313,A000157,R09,ai_score_viewed,2025-10-06 11:23
E0000314,A000158,R09,profile_opened,2025-09-29 17:23
E0000315,A000158,R05,ai_score_viewed,2025-09-29 18:16
E0000316,A000159,R07,profile_opened,2026-03-14 03:21
E0000317,A000159,R10,ai_score_viewed,2026-03-14 04:11
E0000318,A000160,R05,profile_opened,2025-09-30 14:31
E0000319,A000160,R04,ai_score_viewed,2025-09-30 14:46
E0000320,A000161,R06,profile_opened,2026-05-07 17:51
E0000321,A000161,R08,ai_score_viewed,2026-05-07 18:37
E0000322,A000162,R12,ai_score_viewed,2026-07-12 10:55
E0000323,A000163,R11,profile_opened,2026-02-19 08:38
E0000324,A000163,R10,ai_score_viewed,2026-02-19 09:09
E0000325,A000163,R10,shortlisted,2026-02-19 15:24
E0000326,A000164,R04,profile_opened,2025-10-18 19:53
E0000327,A000164,R11,ai_score_viewed,2025-10-18 20:02
E0000328,A000164,R12,shortlisted,2025-10-18 23:12
E0000329,A000165,R10,profile_opened,2025-12-10 03:41
E0000330,A000165,R05,ai_score_viewed,2025-12-10 04:15
E0000331,A000165,R05,shortlisted,2025-12-10 13:21
E0000332,A000166,R10,profile_opened,2026-03-17 12:49
E0000333,A000166,R02,shortlisted,2026-03-17 16:27
E0000334,A000168,R07,profile_opened,2026-07-29 00:57
E0000335,A000169,R07,profile_opened,2026-02-13 00:44
E0000336,A000169,R06,ai_score_viewed,2026-02-13 01:35
E0000337,A000169,R04,shortlisted,2026-02-13 09:23
E0000338,A000170,R07,profile_opened,2026-07-18 05:31
E0000339,A000171,R01,profile_opened,2026-03-19 23:34
E0000340,A000172,R12,profile_opened,2026-01-20 09:16
E0000341,A000172,R10,shortlisted,2026-01-20 11:57
E0000342,A000173,R06,profile_opened,2025-09-28 10:47
E0000343,A000173,R07,ai_score_viewed,2025-09-28 11:03
E0000344,A000174,R12,profile_opened,2026-02-17 21:32
E0000345,A000174,R08,ai_score_viewed,2026-02-17 22:14
E0000346,A000175,R01,profile_opened,2025-10-21 22:29
E0000347,A000175,R12,ai_score_viewed,2025-10-21 22:56
E0000348,A000176,R07,profile_opened,2026-05-18 00:18
E0000349,A000177,R01,profile_opened,2026-03-19 00:18
E0000350,A000178,R01,profile_opened,2025-10-14 17:19
E0000351,A000179,R08,profile_opened,2026-06-21 20:04
E0000352,A000180,R06,profile_opened,2025-11-13 01:11
E0000353,A000181,R12,profile_opened,2026-07-25 19:03
E0000354,A000181,R05,ai_score_viewed,2026-07-25 19:36
E0000355,A000181,R05,shortlisted,2026-07-26 02:46
E0000356,A000182,R05,profile_opened,2026-05-25 18:04
E0000357,A000183,R10,profile_opened,2026-01-24 07:53
E0000358,A000184,R03,profile_opened,2026-06-20 19:46
E0000359,A000185,R05,profile_opened,2025-11-26 00:23
E0000360,A000186,R06,ai_score_viewed,2026-07-03 19:48
E0000361,A000186,R04,shortlisted,2026-07-04 02:32
E0000362,A000187,R01,profile_opened,2025-10-13 06:59
E0000363,A000187,R02,shortlisted,2025-10-13 12:24
E0000364,A000188,R08,profile_opened,2025-12-13 01:39
E0000365,A000188,R11,ai_score_viewed,2025-12-13 02:18
E0000366,A000189,R10,profile_opened,2026-07-09 18:30
E0000367,A000189,R07,ai_score_viewed,2026-07-09 18:46
E0000368,A000190,R02,ai_score_viewed,2026-03-11 08:12
E0000369,A000191,R01,ai_score_viewed,2026-06-30 03:14
E0000370,A000191,R11,shortlisted,2026-06-30 09:34
E0000371,A000192,R10,profile_opened,2025-12-18 05:03
E0000372,A000192,R08,ai_score_viewed,2025-12-18 05:04
E0000373,A000192,R04,shortlisted,2025-12-18 09:02
E0000374,A000193,R04,profile_opened,2026-07-18 12:01
E0000375,A000193,R10,ai_score_viewed,2026-07-18 12:36
E0000376,A000194,R09,profile_opened,2026-07-01 01:43
E0000377,A000194,R07,ai_score_viewed,2026-07-01 02:41
E0000378,A000195,R09,profile_opened,2026-01-23 16:54
E0000379,A000195,R01,shortlisted,2026-01-23 21:38
E0000380,A000196,R06,profile_opened,2025-10-15 03:42
E0000381,A000196,R05,ai_score_viewed,2025-10-15 04:28
E0000382,A000196,R04,shortlisted,2025-10-15 08:10
E0000383,A000197,R11,profile_opened,2025-11-26 15:51
E0000384,A000197,R06,ai_score_viewed,2025-11-26 16:39
E0000385,A000197,R05,shortlisted,2025-11-27 01:09
E0000386,A000198,R08,profile_opened,2026-05-02 17:40
E0000387,A000198,R10,ai_score_viewed,2026-05-02 18:20
E0000388,A000199,R04,profile_opened,2025-10-02 01:02
E0000389,A000199,R03,ai_score_viewed,2025-10-02 01:26
E0000390,A000200,R11,profile_opened,2025-09-20 01:28
E0000391,A000200,R06,ai_score_viewed,2025-09-20 02:12
E0000392,A000201,R11,profile_opened,2026-01-15 15:09
E0000393,A000201,R03,ai_score_viewed,2026-01-15 16:08
E0000394,A000202,R04,profile_opened,2026-06-26 00:08
E0000395,A000202,R11,ai_score_viewed,2026-06-26 00:43
E0000396,A000203,R03,profile_opened,2025-11-14 09:34
E0000397,A000203,R05,ai_score_viewed,2025-11-14 09:40
E0000398,A000203,R12,shortlisted,2025-11-14 14:50
E0000399,A000204,R01,profile_opened,2026-01-01 15:13
E0000400,A000204,R05,ai_score_viewed,2026-01-01 16:03
E0000401,A000204,R01,shortlisted,2026-01-01 20:49
E0000402,A000205,R10,profile_opened,2025-11-18 12:44
E0000403,A000206,R09,profile_opened,2026-03-25 20:55
E0000404,A000207,R04,profile_opened,2025-11-09 22:07
E0000405,A000207,R09,ai_score_viewed,2025-11-09 22:56
E0000406,A000208,R04,profile_opened,2025-12-28 21:06
E0000407,A000208,R09,ai_score_viewed,2025-12-28 21:56
E0000408,A000208,R06,shortlisted,2025-12-29 02:01
E0000409,A000209,R08,ai_score_viewed,2025-09-30 09:07
E0000410,A000210,R12,profile_opened,2025-10-24 07:03
E0000411,A000210,R05,ai_score_viewed,2025-10-24 08:03
E0000412,A000211,R02,profile_opened,2026-01-22 15:16
E0000413,A000211,R05,ai_score_viewed,2026-01-22 15:57
E0000414,A000212,R09,profile_opened,2026-05-06 03:10
E0000415,A000212,R11,shortlisted,2026-05-06 07:10
E0000416,A000213,R05,profile_opened,2025-10-26 10:36
E0000417,A000213,R09,ai_score_viewed,2025-10-26 10:45
E0000418,A000213,R02,shortlisted,2025-10-26 15:04
E0000419,A000214,R07,profile_opened,2026-05-06 13:40
E0000420,A000214,R09,shortlisted,2026-05-06 18:50
E0000421,A000215,R09,profile_opened,2026-06-11 21:22
E0000422,A000215,R08,ai_score_viewed,2026-06-11 21:39
E0000423,A000216,R08,profile_opened,2025-10-09 14:35
E0000424,A000217,R04,profile_opened,2025-12-08 15:27
E0000425,A000217,R12,ai_score_viewed,2025-12-08 15:29
E0000426,A000218,R04,profile_opened,2026-02-10 14:10
E0000427,A000218,R04,ai_score_viewed,2026-02-10 15:04
E0000428,A000219,R07,profile_opened,2025-12-30 08:21
E0000429,A000219,R11,ai_score_viewed,2025-12-30 09:07
E0000430,A000220,R06,profile_opened,2026-05-13 02:52
E0000431,A000220,R04,ai_score_viewed,2026-05-13 03:12
E0000432,A000220,R04,shortlisted,2026-05-13 12:16
E0000433,A000221,R03,profile_opened,2026-06-26 10:55
E0000434,A000221,R04,ai_score_viewed,2026-06-26 11:48
E0000435,A000221,R06,shortlisted,2026-06-26 19:33
E0000436,A000222,R02,profile_opened,2026-03-18 22:03
E0000437,A000222,R02,ai_score_viewed,2026-03-18 22:09
E0000438,A000222,R01,shortlisted,2026-03-19 04:54
E0000439,A000223,R03,ai_score_viewed,2025-09-11 22:04
E0000440,A000223,R04,shortlisted,2025-09-12 04:06
E0000441,A000224,R06,profile_opened,2026-02-21 09:02
E0000442,A000224,R06,ai_score_viewed,2026-02-21 09:21
E0000443,A000224,R07,shortlisted,2026-02-21 17:27
E0000444,A000225,R05,profile_opened,2025-12-01 09:49
E0000445,A000225,R07,ai_score_viewed,2025-12-01 10:31
E0000446,A000226,R03,profile_opened,2026-06-27 20:29
E0000447,A000227,R12,profile_opened,2026-07-28 09:03
E0000448,A000228,R10,profile_opened,2026-06-11 15:08
E0000449,A000229,R06,profile_opened,2026-03-11 09:31
E0000450,A000229,R05,ai_score_viewed,2026-03-11 10:07
E0000451,A000230,R01,profile_opened,2025-09-12 06:45
E0000452,A000230,R01,ai_score_viewed,2025-09-12 07:09
E0000453,A000231,R05,profile_opened,2025-11-02 21:09
E0000454,A000232,R03,profile_opened,2026-06-21 22:14
E0000455,A000233,R09,profile_opened,2026-01-11 11:28
E0000456,A000233,R12,ai_score_viewed,2026-01-11 11:54
E0000457,A000234,R07,profile_opened,2026-07-27 00:59
E0000458,A000234,R12,ai_score_viewed,2026-07-27 01:00
E0000459,A000235,R06,profile_opened,2026-02-24 19:08
E0000460,A000235,R04,shortlisted,2026-02-25 04:05
E0000461,A000236,R09,profile_opened,2026-05-05 04:01
E0000462,A000237,R09,profile_opened,2026-03-07 22:07
E0000463,A000237,R07,ai_score_viewed,2026-03-07 22:46
E0000464,A000238,R06,profile_opened,2026-05-10 03:44
E0000465,A000238,R04,ai_score_viewed,2026-05-10 04:43
E0000466,A000239,R03,profile_opened,2026-06-13 17:09
E0000467,A000240,R09,profile_opened,2026-07-01 01:18
E0000468,A000240,R03,shortlisted,2026-07-01 10:27
E0000469,A000241,R12,profile_opened,2025-12-17 19:49
E0000470,A000241,R09,ai_score_viewed,2025-12-17 20:27
E0000471,A000241,R02,shortlisted,2025-12-18 05:11
E0000472,A000242,R05,ai_score_viewed,2025-09-07 13:54
E0000473,A000242,R02,shortlisted,2025-09-07 15:03
E0000474,A000243,R11,profile_opened,2026-04-21 17:18
E0000475,A000244,R02,profile_opened,2025-10-08 12:29
E0000476,A000244,R07,ai_score_viewed,2025-10-08 12:42
E0000477,A000244,R12,shortlisted,2025-10-08 21:04
E0000478,A000245,R08,profile_opened,2026-04-15 00:27
E0000479,A000245,R09,shortlisted,2026-04-15 03:27
E0000480,A000246,R06,profile_opened,2025-12-07 02:39
E0000481,A000247,R09,profile_opened,2026-02-03 05:24
E0000482,A000247,R12,ai_score_viewed,2026-02-03 06:15
E0000483,A000247,R12,shortlisted,2026-02-03 14:36
E0000484,A000248,R01,profile_opened,2026-07-04 09:27
E0000485,A000248,R06,ai_score_viewed,2026-07-04 10:00
E0000486,A000248,R08,shortlisted,2026-07-04 12:05
E0000487,A000249,R10,shortlisted,2025-12-12 18:31
E0000488,A000250,R04,profile_opened,2026-07-26 15:19
E0000489,A000250,R03,shortlisted,2026-07-26 22:45
E0000490,A000251,R11,profile_opened,2026-07-20 16:35
E0000491,A000251,R06,ai_score_viewed,2026-07-20 16:51
E0000492,A000252,R01,profile_opened,2025-10-03 22:25
E0000493,A000252,R03,ai_score_viewed,2025-10-03 23:24
E0000494,A000252,R03,shortlisted,2025-10-04 04:53
E0000495,A000253,R05,profile_opened,2025-11-03 12:18
E0000496,A000253,R03,ai_score_viewed,2025-11-03 13:12
E0000497,A000254,R12,profile_opened,2026-02-27 01:13
E0000498,A000254,R11,shortlisted,2026-02-27 05:03
E0000499,A000255,R09,profile_opened,2025-10-02 14:00
E0000500,A000255,R11,ai_score_viewed,2025-10-02 14:40
E0000501,A000256,R04,profile_opened,2025-09-16 03:09
E0000502,A000256,R02,ai_score_viewed,2025-09-16 03:36
E0000503,A000257,R02,profile_opened,2026-06-18 16:37
E0000504,A000257,R07,ai_score_viewed,2026-06-18 16:41
E0000505,A000257,R12,shortlisted,2026-06-18 21:44
E0000506,A000258,R10,profile_opened,2026-04-05 15:11
E0000507,A000258,R03,shortlisted,2026-04-05 19:22
E0000508,A000259,R07,profile_opened,2026-02-02 10:19
E0000509,A000259,R02,ai_score_viewed,2026-02-02 11:18
E0000510,A000259,R05,shortlisted,2026-02-02 12:17
E0000511,A000260,R02,profile_opened,2025-10-01 00:30
E0000512,A000260,R10,ai_score_viewed,2025-10-01 00:33
E0000513,A000261,R02,profile_opened,2026-07-05 00:42
E0000514,A000262,R04,profile_opened,2025-10-07 13:43
E0000515,A000263,R04,profile_opened,2026-07-03 12:39
E0000516,A000264,R07,profile_opened,2026-05-19 20:12
E0000517,A000265,R04,profile_opened,2026-07-16 22:33
E0000518,A000266,R12,profile_opened,2026-03-20 22:58
E0000519,A000266,R01,shortlisted,2026-03-21 04:09
E0000520,A000267,R01,profile_opened,2025-11-14 07:13
E0000521,A000267,R07,shortlisted,2025-11-14 10:18
E0000522,A000268,R07,profile_opened,2026-06-17 03:30
E0000523,A000269,R09,profile_opened,2026-05-16 10:45
E0000524,A000269,R08,ai_score_viewed,2026-05-16 10:48
E0000525,A000270,R02,profile_opened,2026-03-17 19:31
E0000526,A000270,R06,ai_score_viewed,2026-03-17 20:28
E0000527,A000271,R06,profile_opened,2025-12-03 12:21
E0000528,A000271,R12,ai_score_viewed,2025-12-03 13:17
E0000529,A000272,R07,ai_score_viewed,2026-03-29 19:30
E0000530,A000273,R11,profile_opened,2026-03-17 07:08
E0000531,A000273,R02,ai_score_viewed,2026-03-17 08:01
E0000532,A000274,R07,profile_opened,2026-04-16 06:52
E0000533,A000274,R06,ai_score_viewed,2026-04-16 07:02
E0000534,A000275,R11,profile_opened,2026-07-20 16:29
E0000535,A000276,R07,profile_opened,2025-12-07 11:37
E0000536,A000276,R10,ai_score_viewed,2025-12-07 12:05
E0000537,A000276,R03,shortlisted,2025-12-07 17:27
E0000538,A000277,R05,profile_opened,2026-02-23 12:00
E0000539,A000277,R10,ai_score_viewed,2026-02-23 12:45
E0000540,A000278,R07,profile_opened,2025-11-03 07:39
E0000541,A000278,R07,ai_score_viewed,2025-11-03 08:05
E0000542,A000279,R03,profile_opened,2026-06-13 23:12
E0000543,A000279,R08,shortlisted,2026-06-14 00:58
E0000544,A000280,R01,profile_opened,2026-05-21 08:11
E0000545,A000280,R12,ai_score_viewed,2026-05-21 08:21
E0000546,A000281,R05,profile_opened,2025-09-25 05:37
E0000547,A000281,R12,shortlisted,2025-09-25 09:54
E0000548,A000282,R09,profile_opened,2025-10-28 04:04
E0000549,A000282,R01,shortlisted,2025-10-28 09:29
E0000550,A000283,R01,profile_opened,2025-12-30 09:45
E0000551,A000283,R10,ai_score_viewed,2025-12-30 10:25
E0000552,A000283,R05,shortlisted,2025-12-30 14:04
E0000553,A000284,R12,profile_opened,2025-11-07 16:43
E0000554,A000284,R06,ai_score_viewed,2025-11-07 17:42
E0000555,A000285,R07,profile_opened,2025-10-10 02:55
E0000556,A000285,R11,ai_score_viewed,2025-10-10 03:53
E0000557,A000286,R10,profile_opened,2026-06-09 05:47
E0000558,A000287,R08,profile_opened,2026-07-08 11:09
E0000559,A000287,R04,shortlisted,2026-07-08 20:04
E0000560,A000288,R06,profile_opened,2026-02-10 03:22
E0000561,A000288,R12,ai_score_viewed,2026-02-10 04:08
E0000562,A000289,R02,profile_opened,2025-09-23 15:22
E0000563,A000289,R02,ai_score_viewed,2025-09-23 15:46
E0000564,A000289,R09,shortlisted,2025-09-23 20:17
E0000565,A000290,R03,profile_opened,2026-01-14 01:05
E0000566,A000290,R11,ai_score_viewed,2026-01-14 01:44
E0000567,A000290,R11,shortlisted,2026-01-14 02:09
E0000568,A000291,R09,profile_opened,2025-09-11 08:15
E0000569,A000291,R08,ai_score_viewed,2025-09-11 08:16
E0000570,A000291,R08,shortlisted,2025-09-11 09:15
E0000571,A000292,R05,profile_opened,2025-11-30 00:00
E0000572,A000292,R11,ai_score_viewed,2025-11-30 00:27
E0000573,A000292,R05,shortlisted,2025-11-30 06:29
E0000574,A000293,R10,profile_opened,2026-02-28 20:16
E0000575,A000293,R02,ai_score_viewed,2026-02-28 20:45
E0000576,A000293,R05,shortlisted,2026-03-01 04:41
E0000577,A000294,R08,profile_opened,2025-12-11 06:44
E0000578,A000294,R01,ai_score_viewed,2025-12-11 06:54
E0000579,A000295,R11,profile_opened,2025-12-24 18:18
E0000580,A000295,R12,ai_score_viewed,2025-12-24 18:42
E0000581,A000296,R11,profile_opened,2026-03-29 08:03
E0000582,A000296,R11,ai_score_viewed,2026-03-29 08:09
E0000583,A000296,R07,shortlisted,2026-03-29 13:44
E0000584,A000297,R02,profile_opened,2026-03-30 18:54
E0000585,A000297,R01,ai_score_viewed,2026-03-30 19:02
E0000586,A000298,R08,profile_opened,2026-03-02 19:34
E0000587,A000298,R05,shortlisted,2026-03-02 23:50
E0000588,A000299,R11,profile_opened,2025-10-21 00:14
E0000589,A000299,R04,shortlisted,2025-10-21 04:24
E0000590,A000300,R10,profile_opened,2025-10-06 18:19
E0000591,A000300,R01,shortlisted,2025-10-07 00:05
E0000592,A000301,R09,profile_opened,2026-06-19 10:46
E0000593,A000301,R03,shortlisted,2026-06-19 14:59
E0000594,A000302,R02,profile_opened,2026-07-29 12:05
E0000595,A000302,R09,ai_score_viewed,2026-07-29 12:56
E0000596,A000302,R09,shortlisted,2026-07-29 14:26
E0000597,A000303,R06,profile_opened,2025-12-17 23:48
E0000598,A000303,R12,ai_score_viewed,2025-12-18 00:02
E0000599,A000304,R02,profile_opened,2025-12-26 03:55
E0000600,A000304,R11,ai_score_viewed,2025-12-26 03:58
E0000601,A000305,R01,profile_opened,2025-12-05 14:58
E0000602,A000305,R12,shortlisted,2025-12-05 20:06
E0000603,A000306,R03,profile_opened,2026-07-24 14:00
E0000604,A000306,R08,shortlisted,2026-07-24 18:42
E0000605,A000307,R08,ai_score_viewed,2026-06-03 08:20
E0000606,A000308,R08,profile_opened,2026-05-20 00:51
E0000607,A000308,R12,ai_score_viewed,2026-05-20 01:10
E0000608,A000309,R02,profile_opened,2025-11-30 14:30
E0000609,A000309,R10,shortlisted,2025-11-30 22:28
E0000610,A000311,R01,profile_opened,2026-07-15 02:02
E0000611,A000312,R05,profile_opened,2026-03-26 15:22
E0000612,A000312,R07,ai_score_viewed,2026-03-26 15:51
E0000613,A000313,R11,profile_opened,2026-05-12 12:38
E0000614,A000313,R01,ai_score_viewed,2026-05-12 13:23
E0000615,A000313,R10,shortlisted,2026-05-12 22:27
E0000616,A000314,R01,profile_opened,2025-10-02 07:08
E0000617,A000314,R02,ai_score_viewed,2025-10-02 07:46
E0000618,A000314,R07,shortlisted,2025-10-02 16:29
E0000619,A000315,R10,profile_opened,2026-02-17 07:52
E0000620,A000315,R09,ai_score_viewed,2026-02-17 07:57
E0000621,A000316,R03,profile_opened,2026-04-16 07:44
E0000622,A000316,R09,ai_score_viewed,2026-04-16 08:26
E0000623,A000317,R02,profile_opened,2026-02-02 20:58
E0000624,A000317,R02,ai_score_viewed,2026-02-02 21:53
E0000625,A000318,R06,profile_opened,2025-09-09 00:48
E0000626,A000318,R08,ai_score_viewed,2025-09-09 00:49
E0000627,A000319,R03,profile_opened,2025-10-28 12:26
E0000628,A000319,R09,ai_score_viewed,2025-10-28 13:21
E0000629,A000320,R06,profile_opened,2026-03-14 03:30
E0000630,A000320,R04,shortlisted,2026-03-14 11:57
E0000631,A000321,R05,ai_score_viewed,2026-04-09 04:13
E0000632,A000322,R07,profile_opened,2026-03-10 21:05
E0000633,A000322,R02,ai_score_viewed,2026-03-10 21:18
E0000634,A000322,R09,shortlisted,2026-03-11 06:41
E0000635,A000323,R10,profile_opened,2025-10-12 11:25
E0000636,A000323,R01,shortlisted,2025-10-12 14:45
E0000637,A000324,R10,profile_opened,2026-07-24 18:48
E0000638,A000324,R07,ai_score_viewed,2026-07-24 19:03
E0000639,A000325,R04,profile_opened,2025-12-14 04:39
E0000640,A000325,R10,ai_score_viewed,2025-12-14 04:41
E0000641,A000325,R07,shortlisted,2025-12-14 11:14
E0000642,A000326,R12,profile_opened,2026-07-19 03:33
E0000643,A000326,R06,ai_score_viewed,2026-07-19 04:29
E0000644,A000327,R07,profile_opened,2026-03-09 12:01
E0000645,A000327,R09,ai_score_viewed,2026-03-09 12:54
E0000646,A000328,R09,profile_opened,2026-05-17 06:13
E0000647,A000328,R06,shortlisted,2026-05-17 08:02
E0000648,A000329,R03,profile_opened,2026-07-22 05:06
E0000649,A000329,R04,ai_score_viewed,2026-07-22 05:58
E0000650,A000330,R10,profile_opened,2026-07-12 22:08
E0000651,A000330,R09,ai_score_viewed,2026-07-12 23:08
E0000652,A000331,R09,profile_opened,2026-01-29 11:44
E0000653,A000331,R10,shortlisted,2026-01-29 18:53
E0000654,A000332,R05,profile_opened,2026-01-05 01:35
E0000655,A000333,R08,profile_opened,2025-11-10 00:10
E0000656,A000334,R07,profile_opened,2026-03-08 13:40
E0000657,A000335,R01,profile_opened,2026-03-23 19:05
E0000658,A000335,R03,ai_score_viewed,2026-03-23 19:23
E0000659,A000335,R05,shortlisted,2026-03-24 04:59
E0000660,A000336,R04,profile_opened,2026-03-10 09:10
E0000661,A000337,R09,profile_opened,2026-07-10 23:01
E0000662,A000338,R07,profile_opened,2026-07-18 18:44
E0000663,A000338,R12,ai_score_viewed,2026-07-18 19:00
E0000664,A000339,R03,profile_opened,2026-04-09 16:42
E0000665,A000339,R05,ai_score_viewed,2026-04-09 17:18
E0000666,A000339,R12,shortlisted,2026-04-09 21:16
E0000667,A000340,R06,ai_score_viewed,2026-01-25 16:06
E0000668,A000341,R03,profile_opened,2025-12-17 14:45
E0000669,A000342,R11,profile_opened,2025-11-24 08:18
E0000670,A000342,R06,ai_score_viewed,2025-11-24 08:30
E0000671,A000343,R12,profile_opened,2025-09-10 15:30
E0000672,A000343,R11,ai_score_viewed,2025-09-10 16:12
E0000673,A000343,R03,shortlisted,2025-09-10 20:19
E0000674,A000344,R07,profile_opened,2025-11-18 13:43
E0000675,A000344,R04,shortlisted,2025-11-18 17:48
E0000676,A000345,R08,ai_score_viewed,2025-12-17 04:35
E0000677,A000346,R04,profile_opened,2025-11-26 08:27
E0000678,A000346,R04,ai_score_viewed,2025-11-26 09:20
E0000679,A000347,R05,profile_opened,2026-04-20 16:19
E0000680,A000347,R01,ai_score_viewed,2026-04-20 16:25
E0000681,A000348,R06,profile_opened,2026-01-06 15:43
E0000682,A000348,R01,shortlisted,2026-01-06 21:12
E0000683,A000349,R06,profile_opened,2025-11-03 14:04
E0000684,A000349,R05,ai_score_viewed,2025-11-03 15:04
E0000685,A000350,R10,profile_opened,2026-06-26 12:20
E0000686,A000350,R06,ai_score_viewed,2026-06-26 13:12
E0000687,A000351,R06,profile_opened,2025-10-21 16:43
E0000688,A000351,R09,ai_score_viewed,2025-10-21 17:06
E0000689,A000352,R03,profile_opened,2026-07-08 03:17
E0000690,A000352,R03,ai_score_viewed,2026-07-08 03:48
E0000691,A000352,R03,shortlisted,2026-07-08 05:22
E0000692,A000353,R12,profile_opened,2026-02-04 16:35
E0000693,A000354,R02,profile_opened,2025-11-19 14:30
E0000694,A000354,R02,ai_score_viewed,2025-11-19 15:18
E0000695,A000355,R10,profile_opened,2026-03-23 00:34
E0000696,A000355,R03,ai_score_viewed,2026-03-23 00:43
E0000697,A000355,R01,shortlisted,2026-03-23 07:00
E0000698,A000356,R12,ai_score_viewed,2025-12-24 08:56
E0000699,A000357,R07,profile_opened,2026-03-22 22:12
E0000700,A000357,R10,ai_score_viewed,2026-03-22 22:16
E0000701,A000357,R04,shortlisted,2026-03-23 04:29
E0000702,A000358,R02,profile_opened,2025-09-05 07:09
E0000703,A000358,R09,ai_score_viewed,2025-09-05 07:36
E0000704,A000358,R07,shortlisted,2025-09-05 08:47
E0000705,A000359,R06,profile_opened,2025-12-11 17:29
E0000706,A000359,R03,ai_score_viewed,2025-12-11 18:29
E0000707,A000360,R12,profile_opened,2025-10-28 09:06
E0000708,A000360,R11,ai_score_viewed,2025-10-28 09:23
E0000709,A000361,R02,profile_opened,2026-06-05 18:52
E0000710,A000361,R04,ai_score_viewed,2026-06-05 19:49
E0000711,A000362,R10,profile_opened,2026-04-12 06:15
E0000712,A000362,R05,ai_score_viewed,2026-04-12 06:59
E0000713,A000363,R05,profile_opened,2026-07-10 18:52
E0000714,A000364,R05,profile_opened,2026-01-03 19:01
E0000715,A000364,R08,ai_score_viewed,2026-01-03 19:23
E0000716,A000364,R10,shortlisted,2026-01-04 04:17
E0000717,A000365,R06,profile_opened,2026-01-09 09:08
E0000718,A000365,R10,ai_score_viewed,2026-01-09 09:34
E0000719,A000366,R08,profile_opened,2025-09-19 20:31
E0000720,A000366,R02,shortlisted,2025-09-20 05:03
E0000721,A000367,R11,profile_opened,2025-12-26 01:13
E0000722,A000367,R02,ai_score_viewed,2025-12-26 01:14
E0000723,A000368,R02,profile_opened,2026-01-02 15:19
E0000724,A000368,R03,ai_score_viewed,2026-01-02 15:20
E0000725,A000368,R12,shortlisted,2026-01-02 20:21
E0000726,A000369,R06,profile_opened,2026-01-29 21:45
E0000727,A000369,R07,ai_score_viewed,2026-01-29 22:31
E0000728,A000369,R06,shortlisted,2026-01-29 22:52
E0000729,A000370,R12,profile_opened,2026-06-25 22:01
E0000730,A000370,R01,ai_score_viewed,2026-06-25 22:36
E0000731,A000371,R03,profile_opened,2025-10-05 05:35
E0000732,A000371,R02,ai_score_viewed,2025-10-05 06:05
E0000733,A000372,R07,profile_opened,2026-05-10 10:32
E0000734,A000372,R09,shortlisted,2026-05-10 14:47
E0000735,A000374,R03,profile_opened,2026-05-15 10:51
E0000736,A000375,R02,profile_opened,2026-04-23 16:50
E0000737,A000375,R03,ai_score_viewed,2026-04-23 17:12
E0000738,A000376,R11,profile_opened,2026-04-13 08:45
E0000739,A000377,R08,profile_opened,2026-04-01 07:19
E0000740,A000377,R10,shortlisted,2026-04-01 14:35
E0000741,A000378,R05,profile_opened,2025-12-18 22:09
E0000742,A000378,R06,ai_score_viewed,2025-12-18 22:26
E0000743,A000378,R08,shortlisted,2025-12-19 00:51
E0000744,A000379,R12,profile_opened,2026-04-08 09:57
E0000745,A000379,R11,ai_score_viewed,2026-04-08 10:05
E0000746,A000380,R11,profile_opened,2026-04-11 06:34
E0000747,A000380,R05,ai_score_viewed,2026-04-11 07:20
E0000748,A000381,R10,profile_opened,2026-06-25 05:19
E0000749,A000381,R09,ai_score_viewed,2026-06-25 05:57
E0000750,A000382,R01,profile_opened,2026-06-01 08:07
E0000751,A000382,R10,ai_score_viewed,2026-06-01 08:36
E0000752,A000383,R09,profile_opened,2026-07-02 11:01
E0000753,A000383,R08,shortlisted,2026-07-02 15:17
E0000754,A000385,R12,profile_opened,2026-01-03 09:53
E0000755,A000385,R01,ai_score_viewed,2026-01-03 10:24
E0000756,A000386,R07,profile_opened,2026-06-25 05:12
E0000757,A000386,R07,shortlisted,2026-06-25 08:46
E0000758,A000387,R02,profile_opened,2026-04-14 00:27
E0000759,A000387,R10,ai_score_viewed,2026-04-14 00:58
E0000760,A000388,R12,profile_opened,2026-03-27 03:07
E0000761,A000388,R02,ai_score_viewed,2026-03-27 03:33
E0000762,A000388,R01,shortlisted,2026-03-27 08:32
E0000763,A000389,R02,shortlisted,2026-05-07 01:41
E0000764,A000390,R09,ai_score_viewed,2025-10-25 03:04
E0000765,A000391,R08,profile_opened,2026-02-03 00:22
E0000766,A000391,R07,ai_score_viewed,2026-02-03 01:18
E0000767,A000392,R12,profile_opened,2026-04-04 19:46
E0000768,A000393,R11,profile_opened,2026-06-12 19:59
E0000769,A000393,R11,shortlisted,2026-06-13 04:46
E0000770,A000394,R04,profile_opened,2025-12-15 06:06
E0000771,A000394,R12,ai_score_viewed,2025-12-15 06:45
E0000772,A000394,R08,shortlisted,2025-12-15 15:27
E0000773,A000395,R11,profile_opened,2025-11-13 02:06
E0000774,A000395,R12,ai_score_viewed,2025-11-13 02:27
E0000775,A000395,R10,shortlisted,2025-11-13 05:47
E0000776,A000396,R08,profile_opened,2025-10-10 05:07
E0000777,A000396,R11,ai_score_viewed,2025-10-10 05:09
E0000778,A000397,R10,profile_opened,2025-12-24 21:03
E0000779,A000397,R11,ai_score_viewed,2025-12-24 21:21
E0000780,A000397,R06,shortlisted,2025-12-25 05:19
E0000781,A000398,R10,profile_opened,2025-12-30 03:18
E0000782,A000398,R12,shortlisted,2025-12-30 12:25
E0000783,A000399,R10,profile_opened,2025-12-16 04:37
E0000784,A000399,R04,ai_score_viewed,2025-12-16 05:07
E0000785,A000400,R11,profile_opened,2026-01-14 19:54
E0000786,A000400,R02,ai_score_viewed,2026-01-14 20:00
E0000787,A000400,R11,shortlisted,2026-01-14 23:39
E0000788,A000401,R10,profile_opened,2026-03-17 06:51
E0000789,A000402,R05,profile_opened,2026-06-09 11:54
E0000790,A000403,R02,profile_opened,2025-12-21 16:39
E0000791,A000403,R08,ai_score_viewed,2025-12-21 17:17
E0000792,A000404,R09,profile_opened,2026-03-22 04:41
E0000793,A000406,R05,profile_opened,2026-01-24 10:06
E0000794,A000406,R06,ai_score_viewed,2026-01-24 10:59
E0000795,A000407,R09,profile_opened,2025-09-08 00:24
E0000796,A000407,R05,shortlisted,2025-09-08 06:07
E0000797,A000408,R10,profile_opened,2025-11-12 09:00
E0000798,A000408,R12,shortlisted,2025-11-12 10:08
E0000799,A000409,R01,profile_opened,2026-04-08 04:58
E0000800,A000409,R04,ai_score_viewed,2026-04-08 05:42
E0000801,A000410,R11,shortlisted,2026-05-15 18:20
E0000802,A000411,R05,profile_opened,2026-05-26 09:14
E0000803,A000411,R09,ai_score_viewed,2026-05-26 09:24
E0000804,A000412,R03,profile_opened,2025-09-25 23:40
E0000805,A000413,R08,profile_opened,2025-09-19 04:31
E0000806,A000414,R02,profile_opened,2026-06-09 02:09
E0000807,A000414,R04,ai_score_viewed,2026-06-09 02:11
E0000808,A000414,R08,shortlisted,2026-06-09 06:56
E0000809,A000415,R08,profile_opened,2026-01-30 02:49
E0000810,A000415,R02,ai_score_viewed,2026-01-30 03:11
E0000811,A000416,R10,profile_opened,2026-07-23 22:57
E0000812,A000416,R01,ai_score_viewed,2026-07-23 23:28
E0000813,A000417,R11,profile_opened,2025-10-09 09:04
E0000814,A000418,R05,profile_opened,2026-07-20 17:03
E0000815,A000418,R02,ai_score_viewed,2026-07-20 18:00
E0000816,A000419,R11,profile_opened,2025-12-18 08:21
E0000817,A000420,R10,profile_opened,2026-04-03 17:05
E0000818,A000420,R05,ai_score_viewed,2026-04-03 17:28
E0000819,A000421,R08,ai_score_viewed,2026-07-27 01:47
E0000820,A000421,R02,shortlisted,2026-07-27 03:32
E0000821,A000422,R01,profile_opened,2026-06-20 00:36
E0000822,A000422,R05,ai_score_viewed,2026-06-20 00:43
E0000823,A000423,R03,profile_opened,2026-02-25 16:24
E0000824,A000423,R01,ai_score_viewed,2026-02-25 16:45
E0000825,A000423,R02,shortlisted,2026-02-25 20:42
E0000826,A000424,R08,profile_opened,2025-11-30 01:22
E0000827,A000425,R12,profile_opened,2025-10-15 03:53
E0000828,A000425,R12,ai_score_viewed,2025-10-15 04:07
E0000829,A000425,R01,shortlisted,2025-10-15 10:53
E0000830,A000426,R05,profile_opened,2026-03-01 19:42
E0000831,A000427,R01,profile_opened,2026-03-03 02:41
E0000832,A000427,R06,ai_score_viewed,2026-03-03 03:08
E0000833,A000429,R06,profile_opened,2026-01-23 19:10
E0000834,A000429,R04,ai_score_viewed,2026-01-23 19:46
E0000835,A000430,R07,profile_opened,2026-02-07 14:07
E0000836,A000430,R05,ai_score_viewed,2026-02-07 14:25
E0000837,A000431,R02,profile_opened,2025-09-12 08:50
E0000838,A000431,R06,ai_score_viewed,2025-09-12 08:51
E0000839,A000432,R02,profile_opened,2025-11-29 12:27
E0000840,A000432,R02,ai_score_viewed,2025-11-29 12:37
E0000841,A000433,R01,profile_opened,2025-10-13 19:26
E0000842,A000433,R05,ai_score_viewed,2025-10-13 19:29
E0000843,A000433,R09,shortlisted,2025-10-14 02:35
E0000844,A000434,R04,profile_opened,2026-06-24 14:10
E0000845,A000435,R08,profile_opened,2025-11-20 13:08
E0000846,A000435,R03,shortlisted,2025-11-20 18:11
E0000847,A000436,R09,profile_opened,2026-06-02 06:15
E0000848,A000436,R10,shortlisted,2026-06-02 11:00
E0000849,A000437,R01,profile_opened,2026-01-14 13:19
E0000850,A000437,R12,ai_score_viewed,2026-01-14 13:32
E0000851,A000437,R10,shortlisted,2026-01-14 17:22
E0000852,A000438,R07,profile_opened,2026-04-09 06:02
E0000853,A000439,R03,profile_opened,2026-04-25 15:26
E0000854,A000440,R05,profile_opened,2026-05-21 15:14
E0000855,A000440,R07,ai_score_viewed,2026-05-21 16:05
E0000856,A000441,R12,profile_opened,2025-12-25 04:19
E0000857,A000441,R02,ai_score_viewed,2025-12-25 04:36
E0000858,A000443,R01,profile_opened,2026-02-26 02:24
E0000859,A000443,R08,ai_score_viewed,2026-02-26 02:31
E0000860,A000444,R12,profile_opened,2026-07-13 09:20
E0000861,A000445,R12,profile_opened,2026-01-19 22:47
E0000862,A000445,R02,ai_score_viewed,2026-01-19 23:39
E0000863,A000445,R07,shortlisted,2026-01-20 06:27
E0000864,A000446,R09,profile_opened,2025-10-28 19:38
E0000865,A000447,R07,profile_opened,2026-06-01 17:23
E0000866,A000447,R08,shortlisted,2026-06-01 23:39
E0000867,A000448,R06,profile_opened,2025-12-16 11:55
E0000868,A000448,R01,ai_score_viewed,2025-12-16 12:10
E0000869,A000449,R12,profile_opened,2026-05-17 09:17
E0000870,A000449,R06,shortlisted,2026-05-17 17:13
E0000871,A000450,R07,profile_opened,2026-05-02 03:44
E0000872,A000450,R06,ai_score_viewed,2026-05-02 03:56
E0000873,A000451,R10,profile_opened,2026-04-28 03:41
E0000874,A000451,R12,ai_score_viewed,2026-04-28 04:17
E0000875,A000452,R08,profile_opened,2025-11-30 17:38
E0000876,A000452,R09,ai_score_viewed,2025-11-30 18:00
E0000877,A000453,R10,profile_opened,2026-03-30 21:37
E0000878,A000453,R01,ai_score_viewed,2026-03-30 21:48
E0000879,A000453,R10,shortlisted,2026-03-31 04:46
E0000880,A000454,R09,ai_score_viewed,2025-11-26 03:01
E0000881,A000455,R06,profile_opened,2025-09-26 09:23
E0000882,A000455,R02,ai_score_viewed,2025-09-26 09:27
E0000883,A000455,R08,shortlisted,2025-09-26 18:58
E0000884,A000456,R01,profile_opened,2025-11-09 21:20
E0000885,A000456,R04,shortlisted,2025-11-10 05:27
E0000886,A000457,R05,profile_opened,2026-05-16 01:08
E0000887,A000457,R07,ai_score_viewed,2026-05-16 01:35
E0000888,A000458,R03,profile_opened,2026-05-20 04:09
E0000889,A000458,R10,shortlisted,2026-05-20 05:53
E0000890,A000459,R06,profile_opened,2026-05-17 03:14
E0000891,A000459,R01,ai_score_viewed,2026-05-17 03:22
E0000892,A000459,R08,shortlisted,2026-05-17 13:08
E0000893,A000460,R11,profile_opened,2026-06-30 13:27
E0000894,A000460,R05,ai_score_viewed,2026-06-30 14:05
E0000895,A000460,R06,shortlisted,2026-06-30 17:44
E0000896,A000461,R02,profile_opened,2026-02-28 19:02
E0000897,A000461,R04,ai_score_viewed,2026-02-28 19:57
E0000898,A000462,R08,profile_opened,2025-09-19 08:41
E0000899,A000462,R06,ai_score_viewed,2025-09-19 09:14
E0000900,A000463,R02,profile_opened,2026-05-05 12:54
E0000901,A000463,R03,shortlisted,2026-05-05 18:19
E0000902,A000464,R09,profile_opened,2025-10-03 15:09
E0000903,A000464,R01,ai_score_viewed,2025-10-03 15:46
E0000904,A000465,R01,shortlisted,2025-10-20 06:51
E0000905,A000466,R09,profile_opened,2026-06-23 03:39
E0000906,A000467,R12,profile_opened,2026-06-20 01:58
E0000907,A000467,R05,shortlisted,2026-06-20 07:51
E0000908,A000468,R12,profile_opened,2025-11-01 06:09
E0000909,A000468,R01,ai_score_viewed,2025-11-01 06:52
E0000910,A000469,R01,profile_opened,2026-05-21 00:53
E0000911,A000469,R03,ai_score_viewed,2026-05-21 01:13
E0000912,A000469,R11,shortlisted,2026-05-21 05:47
E0000913,A000470,R12,profile_opened,2026-07-16 16:35
E0000914,A000470,R05,ai_score_viewed,2026-07-16 16:46
E0000915,A000470,R05,shortlisted,2026-07-16 19:10
E0000916,A000471,R03,profile_opened,2026-04-09 18:38
E0000917,A000471,R07,ai_score_viewed,2026-04-09 19:27
E0000918,A000472,R02,profile_opened,2026-05-22 02:29
E0000919,A000472,R07,ai_score_viewed,2026-05-22 03:14
E0000920,A000473,R04,profile_opened,2025-12-16 02:09
E0000921,A000475,R03,profile_opened,2025-10-19 13:49
E0000922,A000475,R10,ai_score_viewed,2025-10-19 14:09
E0000923,A000475,R03,shortlisted,2025-10-19 14:49
E0000924,A000476,R03,profile_opened,2026-05-24 14:11
E0000925,A000476,R01,ai_score_viewed,2026-05-24 14:44
E0000926,A000476,R01,shortlisted,2026-05-24 17:49
E0000927,A000477,R08,profile_opened,2025-10-15 00:36
E0000928,A000477,R04,shortlisted,2025-10-15 09:35
E0000929,A000479,R01,profile_opened,2026-06-25 12:55
E0000930,A000480,R06,profile_opened,2026-05-23 02:39
E0000931,A000481,R05,profile_opened,2025-12-17 06:15
E0000932,A000481,R09,ai_score_viewed,2025-12-17 06:37
E0000933,A000482,R10,profile_opened,2025-09-08 05:17
E0000934,A000482,R06,ai_score_viewed,2025-09-08 05:22
E0000935,A000482,R05,shortlisted,2025-09-08 10:08
E0000936,A000483,R05,profile_opened,2026-01-31 13:11
E0000937,A000483,R06,ai_score_viewed,2026-01-31 13:54
E0000938,A000483,R02,shortlisted,2026-01-31 17:49
E0000939,A000484,R08,profile_opened,2026-05-06 12:08
E0000940,A000484,R07,ai_score_viewed,2026-05-06 12:41
E0000941,A000485,R12,profile_opened,2026-05-16 22:03
E0000942,A000485,R06,shortlisted,2026-05-17 04:59
E0000943,A000486,R08,profile_opened,2025-10-08 11:12
E0000944,A000488,R06,profile_opened,2026-03-29 17:48
E0000945,A000488,R07,shortlisted,2026-03-29 23:21
E0000946,A000489,R07,profile_opened,2026-06-20 06:18
E0000947,A000489,R12,ai_score_viewed,2026-06-20 07:00
E0000948,A000489,R11,shortlisted,2026-06-20 11:50
E0000949,A000490,R06,profile_opened,2025-11-29 06:27
E0000950,A000491,R12,profile_opened,2025-12-09 21:53
E0000951,A000491,R11,ai_score_viewed,2025-12-09 22:03
E0000952,A000492,R07,profile_opened,2026-07-26 01:19
E0000953,A000493,R08,profile_opened,2026-04-15 05:24
E0000954,A000494,R02,profile_opened,2026-02-28 04:45
E0000955,A000494,R11,ai_score_viewed,2026-02-28 05:02
E0000956,A000494,R05,shortlisted,2026-02-28 07:47
E0000957,A000496,R04,profile_opened,2025-11-02 08:37
E0000958,A000496,R11,ai_score_viewed,2025-11-02 09:28
E0000959,A000496,R03,shortlisted,2025-11-02 12:57
E0000960,A000497,R01,profile_opened,2026-03-30 16:46
E0000961,A000497,R02,ai_score_viewed,2026-03-30 17:34
E0000962,A000498,R11,profile_opened,2026-01-18 09:37
E0000963,A000498,R11,ai_score_viewed,2026-01-18 10:06
E0000964,A000498,R09,shortlisted,2026-01-18 16:43
E0000965,A000500,R01,profile_opened,2026-07-19 15:19
E0000966,A000500,R11,ai_score_viewed,2026-07-19 16:12
E0000967,A000501,R03,profile_opened,2026-01-04 18:13
E0000968,A000501,R09,shortlisted,2026-01-05 01:44
E0000969,A000502,R08,profile_opened,2025-12-26 12:51
E0000970,A000503,R10,profile_opened,2026-04-30 02:29
E0000971,A000503,R08,ai_score_viewed,2026-04-30 02:55
E0000972,A000504,R03,profile_opened,2025-09-21 20:30
E0000973,A000504,R01,ai_score_viewed,2025-09-21 21:30
E0000974,A000505,R02,profile_opened,2026-05-07 09:31
E0000975,A000506,R07,profile_opened,2025-09-04 20:21
E0000976,A000506,R06,ai_score_viewed,2025-09-04 20:55
E0000977,A000507,R10,profile_opened,2026-03-23 16:19
E0000978,A000507,R02,ai_score_viewed,2026-03-23 16:33
E0000979,A000508,R11,profile_opened,2025-09-10 22:57
E0000980,A000509,R09,profile_opened,2025-12-28 20:15
E0000981,A000509,R03,ai_score_viewed,2025-12-28 20:42
E0000982,A000509,R04,shortlisted,2025-12-28 22:41
E0000983,A000510,R11,profile_opened,2025-10-29 23:08
E0000984,A000510,R05,ai_score_viewed,2025-10-30 00:03
E0000985,A000511,R09,profile_opened,2025-11-14 15:41
E0000986,A000511,R08,ai_score_viewed,2025-11-14 15:54
E0000987,A000512,R05,profile_opened,2026-04-15 03:50
E0000988,A000512,R08,ai_score_viewed,2026-04-15 04:35
E0000989,A000512,R09,shortlisted,2026-04-15 07:16
E0000990,A000513,R07,profile_opened,2026-06-06 18:44
E0000991,A000513,R09,ai_score_viewed,2026-06-06 19:27
E0000992,A000514,R03,profile_opened,2025-11-10 11:58
E0000993,A000514,R02,ai_score_viewed,2025-11-10 12:57
E0000994,A000515,R02,profile_opened,2026-01-24 19:32
E0000995,A000516,R11,profile_opened,2025-09-15 06:42
E0000996,A000516,R02,shortlisted,2025-09-15 09:34
E0000997,A000517,R06,profile_opened,2025-11-05 18:34
E0000998,A000518,R03,profile_opened,2026-01-21 17:27
E0000999,A000518,R12,ai_score_viewed,2026-01-21 18:01
E0001000,A000519,R02,profile_opened,2025-12-16 01:19
E0001001,A000519,R11,ai_score_viewed,2025-12-16 02:14
E0001002,A000520,R04,profile_opened,2026-01-09 22:15
E0001003,A000520,R02,ai_score_viewed,2026-01-09 22:54
E0001004,A000520,R01,shortlisted,2026-01-10 06:19
E0001005,A000521,R10,profile_opened,2025-11-07 14:20
E0001006,A000521,R03,ai_score_viewed,2025-11-07 14:28
E0001007,A000521,R08,shortlisted,2025-11-07 16:16
E0001008,A000522,R08,shortlisted,2025-09-20 13:31
E0001009,A000523,R08,profile_opened,2026-02-03 16:45
E0001010,A000523,R06,ai_score_viewed,2026-02-03 17:19
E0001011,A000524,R06,profile_opened,2026-02-05 02:31
E0001012,A000524,R03,ai_score_viewed,2026-02-05 03:05
E0001013,A000525,R04,profile_opened,2026-01-21 06:36
E0001014,A000525,R01,ai_score_viewed,2026-01-21 06:43
E0001015,A000525,R12,shortlisted,2026-01-21 09:42
E0001016,A000526,R03,profile_opened,2026-02-28 03:14
E0001017,A000526,R06,ai_score_viewed,2026-02-28 03:34
E0001018,A000527,R12,profile_opened,2025-11-24 12:41
E0001019,A000528,R03,profile_opened,2025-12-20 09:16
E0001020,A000528,R11,ai_score_viewed,2025-12-20 09:45
E0001021,A000528,R05,shortlisted,2025-12-20 16:05
E0001022,A000529,R06,profile_opened,2026-03-17 07:52
E0001023,A000529,R11,ai_score_viewed,2026-03-17 08:28
E0001024,A000529,R05,shortlisted,2026-03-17 10:26
E0001025,A000530,R02,profile_opened,2025-11-08 04:34
E0001026,A000530,R09,shortlisted,2025-11-08 12:57
E0001027,A000531,R02,profile_opened,2025-12-03 15:41
E0001028,A000531,R12,ai_score_viewed,2025-12-03 15:43
E0001029,A000531,R05,shortlisted,2025-12-03 18:36
E0001030,A000532,R12,shortlisted,2026-05-10 19:21
E0001031,A000533,R01,profile_opened,2025-12-09 04:44
E0001032,A000534,R09,profile_opened,2026-02-01 16:39
E0001033,A000534,R03,ai_score_viewed,2026-02-01 17:30
E0001034,A000535,R06,profile_opened,2026-03-31 08:15
E0001035,A000535,R04,ai_score_viewed,2026-03-31 08:40
E0001036,A000535,R08,shortlisted,2026-03-31 14:43
E0001037,A000536,R09,profile_opened,2025-09-25 04:02
E0001038,A000536,R11,ai_score_viewed,2025-09-25 04:23
E0001039,A000536,R10,shortlisted,2025-09-25 09:05
E0001040,A000537,R04,profile_opened,2026-01-11 04:58
E0001041,A000537,R02,ai_score_viewed,2026-01-11 05:36
E0001042,A000538,R06,profile_opened,2025-09-30 17:54
E0001043,A000539,R02,ai_score_viewed,2026-07-09 08:49
E0001044,A000540,R10,profile_opened,2026-01-15 04:42
E0001045,A000541,R10,profile_opened,2025-10-30 05:19
E0001046,A000541,R11,ai_score_viewed,2025-10-30 05:56
E0001047,A000542,R11,profile_opened,2026-01-23 05:53
E0001048,A000542,R09,ai_score_viewed,2026-01-23 06:33
E0001049,A000542,R01,shortlisted,2026-01-23 09:20
E0001050,A000543,R06,profile_opened,2025-11-02 17:08
E0001051,A000543,R09,ai_score_viewed,2025-11-02 17:10
E0001052,A000544,R09,profile_opened,2026-05-12 20:04
E0001053,A000544,R04,ai_score_viewed,2026-05-12 20:19
E0001054,A000545,R04,profile_opened,2025-09-22 15:31
E0001055,A000545,R01,shortlisted,2025-09-22 19:11
E0001056,A000546,R07,profile_opened,2025-10-17 00:00
E0001057,A000547,R05,profile_opened,2025-11-01 18:55
E0001058,A000547,R05,ai_score_viewed,2025-11-01 19:28
E0001059,A000547,R01,shortlisted,2025-11-01 20:41
E0001060,A000548,R03,profile_opened,2026-01-18 13:25
E0001061,A000548,R09,ai_score_viewed,2026-01-18 13:27
E0001062,A000549,R09,profile_opened,2025-09-20 22:39
E0001063,A000549,R11,ai_score_viewed,2025-09-20 23:02
E0001064,A000550,R05,ai_score_viewed,2026-06-13 04:31
E0001065,A000550,R05,shortlisted,2026-06-13 07:37
E0001066,A000551,R12,profile_opened,2025-10-30 10:49
E0001067,A000551,R12,ai_score_viewed,2025-10-30 10:53
E0001068,A000551,R06,shortlisted,2025-10-30 15:46
E0001069,A000552,R08,profile_opened,2025-12-24 13:19
E0001070,A000552,R09,shortlisted,2025-12-24 16:36
E0001071,A000553,R09,profile_opened,2025-12-31 17:31
E0001072,A000553,R08,ai_score_viewed,2025-12-31 17:44
E0001073,A000554,R02,profile_opened,2026-02-10 09:16
E0001074,A000554,R03,ai_score_viewed,2026-02-10 10:06
E0001075,A000554,R03,shortlisted,2026-02-10 12:27
E0001076,A000555,R12,profile_opened,2026-05-08 23:36
E0001077,A000555,R09,ai_score_viewed,2026-05-09 00:03
E0001078,A000556,R01,profile_opened,2026-07-24 20:18
E0001079,A000556,R04,ai_score_viewed,2026-07-24 20:24
E0001080,A000557,R07,profile_opened,2026-01-16 12:27
E0001081,A000558,R11,profile_opened,2026-03-11 05:33
E0001082,A000559,R05,profile_opened,2025-10-29 11:11
E0001083,A000559,R04,shortlisted,2025-10-29 13:48
E0001084,A000560,R09,profile_opened,2025-09-04 02:22
E0001085,A000561,R08,ai_score_viewed,2026-01-23 03:57
E0001086,A000562,R02,profile_opened,2026-04-20 07:44
E0001087,A000563,R06,ai_score_viewed,2026-07-13 20:01
E0001088,A000563,R04,shortlisted,2026-07-14 01:19
E0001089,A000564,R05,profile_opened,2025-10-11 19:34
E0001090,A000565,R02,profile_opened,2026-04-19 17:04
E0001091,A000565,R04,ai_score_viewed,2026-04-19 17:33
E0001092,A000565,R07,shortlisted,2026-04-19 21:50
E0001093,A000566,R08,profile_opened,2025-12-05 06:23
E0001094,A000566,R04,ai_score_viewed,2025-12-05 06:40
E0001095,A000566,R10,shortlisted,2025-12-05 13:50
E0001096,A000567,R09,profile_opened,2026-01-16 16:14
E0001097,A000567,R02,ai_score_viewed,2026-01-16 16:21
E0001098,A000568,R02,profile_opened,2026-06-07 06:06
E0001099,A000568,R04,ai_score_viewed,2026-06-07 06:29
E0001100,A000568,R06,shortlisted,2026-06-07 09:08
E0001101,A000569,R11,profile_opened,2026-07-22 12:17
E0001102,A000569,R01,shortlisted,2026-07-22 21:08
E0001103,A000570,R12,profile_opened,2025-09-28 10:26
E0001104,A000570,R10,shortlisted,2025-09-28 19:34
E0001105,A000571,R10,profile_opened,2025-09-05 11:12
E0001106,A000571,R11,shortlisted,2025-09-05 17:06
E0001107,A000572,R05,profile_opened,2026-02-08 17:15
E0001108,A000572,R06,ai_score_viewed,2026-02-08 17:58
E0001109,A000572,R06,shortlisted,2026-02-09 02:50
E0001110,A000573,R12,ai_score_viewed,2026-02-10 03:16
E0001111,A000574,R02,profile_opened,2026-04-12 05:15
E0001112,A000574,R07,shortlisted,2026-04-12 08:21
E0001113,A000575,R11,profile_opened,2025-11-07 14:22
E0001114,A000575,R10,ai_score_viewed,2025-11-07 14:47
E0001115,A000575,R12,shortlisted,2025-11-07 18:34
E0001116,A000576,R09,profile_opened,2026-01-03 04:11
E0001117,A000576,R12,ai_score_viewed,2026-01-03 04:15
E0001118,A000577,R07,profile_opened,2026-04-25 19:36
E0001119,A000577,R09,ai_score_viewed,2026-04-25 19:43
E0001120,A000578,R02,ai_score_viewed,2026-06-30 04:19
E0001121,A000579,R01,profile_opened,2026-04-19 14:11
E0001122,A000579,R07,ai_score_viewed,2026-04-19 15:11
E0001123,A000580,R09,profile_opened,2025-09-28 14:22
E0001124,A000581,R06,profile_opened,2025-11-14 14:35
E0001125,A000581,R09,ai_score_viewed,2025-11-14 15:35
E0001126,A000581,R08,shortlisted,2025-11-14 16:48
E0001127,A000582,R06,profile_opened,2025-11-26 07:38
E0001128,A000583,R02,profile_opened,2026-05-02 04:18
E0001129,A000583,R04,shortlisted,2026-05-02 05:57
E0001130,A000584,R07,profile_opened,2025-09-08 17:12
E0001131,A000584,R12,ai_score_viewed,2025-09-08 17:55
E0001132,A000585,R07,profile_opened,2026-04-04 11:03
E0001133,A000586,R10,shortlisted,2026-06-02 20:02
E0001134,A000587,R06,ai_score_viewed,2026-03-17 11:36
E0001135,A000588,R02,profile_opened,2025-10-07 19:45
E0001136,A000588,R08,ai_score_viewed,2025-10-07 20:27
E0001137,A000588,R06,shortlisted,2025-10-07 23:30
E0001138,A000589,R04,profile_opened,2026-02-17 18:00
E0001139,A000590,R03,profile_opened,2026-05-05 13:02
E0001140,A000590,R01,ai_score_viewed,2026-05-05 13:44
E0001141,A000590,R10,shortlisted,2026-05-05 20:18
E0001142,A000591,R03,profile_opened,2026-06-21 04:42
E0001143,A000591,R04,ai_score_viewed,2026-06-21 05:37
E0001144,A000591,R03,shortlisted,2026-06-21 07:21
E0001145,A000592,R03,profile_opened,2026-06-30 13:51
E0001146,A000592,R07,ai_score_viewed,2026-06-30 14:23
E0001147,A000593,R06,profile_opened,2026-03-15 03:02
E0001148,A000594,R12,profile_opened,2025-11-07 13:51
E0001149,A000594,R03,ai_score_viewed,2025-11-07 14:32
E0001150,A000595,R03,profile_opened,2025-12-15 04:54
E0001151,A000595,R09,ai_score_viewed,2025-12-15 05:27
E0001152,A000595,R12,shortlisted,2025-12-15 10:09
E0001153,A000596,R09,profile_opened,2026-06-26 06:27
E0001154,A000596,R02,shortlisted,2026-06-26 12:12
E0001155,A000597,R07,profile_opened,2026-04-25 17:58
E0001156,A000598,R04,profile_opened,2025-10-07 01:13
E0001157,A000598,R10,ai_score_viewed,2025-10-07 01:16
E0001158,A000598,R08,shortlisted,2025-10-07 05:53
E0001159,A000599,R04,profile_opened,2025-11-14 05:25
E0001160,A000599,R02,ai_score_viewed,2025-11-14 05:44
E0001161,A000599,R10,shortlisted,2025-11-14 12:06
E0001162,A000600,R08,profile_opened,2026-01-10 19:19
E0001163,A000600,R08,ai_score_viewed,2026-01-10 20:13
E0001164,A000600,R12,shortlisted,2026-01-10 23:33
E0001165,A000601,R06,profile_opened,2026-07-05 08:59
E0001166,A000601,R11,ai_score_viewed,2026-07-05 09:58
E0001167,A000601,R07,shortlisted,2026-07-05 10:19
E0001168,A000602,R09,profile_opened,2025-12-09 22:27
E0001169,A000602,R01,shortlisted,2025-12-09 23:55
E0001170,A000603,R02,profile_opened,2026-07-20 04:25
E0001171,A000604,R04,profile_opened,2025-11-21 09:58
E0001172,A000604,R03,shortlisted,2025-11-21 15:35
E0001173,A000605,R12,profile_opened,2026-03-18 12:56
E0001174,A000605,R04,ai_score_viewed,2026-03-18 13:19
E0001175,A000606,R08,profile_opened,2025-09-30 05:49
E0001176,A000606,R06,ai_score_viewed,2025-09-30 06:19
E0001177,A000606,R06,shortlisted,2025-09-30 10:49
E0001178,A000607,R06,profile_opened,2026-06-29 23:44
E0001179,A000607,R08,ai_score_viewed,2026-06-30 00:21
E0001180,A000608,R06,profile_opened,2026-04-27 15:38
E0001181,A000609,R10,shortlisted,2026-03-22 22:27
E0001182,A000610,R02,profile_opened,2026-07-21 23:24
E0001183,A000610,R02,ai_score_viewed,2026-07-22 00:06
E0001184,A000611,R05,profile_opened,2025-09-18 03:14
E0001185,A000611,R02,ai_score_viewed,2025-09-18 03:22
E0001186,A000612,R09,ai_score_viewed,2026-05-24 13:12
E0001187,A000613,R03,profile_opened,2026-03-22 03:50
E0001188,A000614,R05,profile_opened,2025-09-23 13:47
E0001189,A000614,R12,ai_score_viewed,2025-09-23 14:06
E0001190,A000614,R12,shortlisted,2025-09-23 18:00
E0001191,A000615,R05,profile_opened,2026-02-17 10:54
E0001192,A000615,R04,ai_score_viewed,2026-02-17 11:19
E0001193,A000616,R10,profile_opened,2026-05-25 00:59
E0001194,A000616,R03,ai_score_viewed,2026-05-25 01:30
E0001195,A000616,R05,shortlisted,2026-05-25 08:22
E0001196,A000617,R05,profile_opened,2026-02-10 17:34
E0001197,A000617,R04,shortlisted,2026-02-11 01:44
E0001198,A000618,R05,profile_opened,2026-03-12 04:41
E0001199,A000618,R07,ai_score_viewed,2026-03-12 05:08
E0001200,A000618,R08,shortlisted,2026-03-12 14:01
E0001201,A000619,R06,profile_opened,2026-06-18 09:00
E0001202,A000619,R04,ai_score_viewed,2026-06-18 09:50
E0001203,A000619,R07,shortlisted,2026-06-18 17:54
E0001204,A000620,R01,profile_opened,2026-04-23 07:54
E0001205,A000621,R12,profile_opened,2025-10-05 23:39
E0001206,A000622,R05,ai_score_viewed,2025-09-15 14:52
E0001207,A000622,R09,shortlisted,2025-09-15 17:08
E0001208,A000623,R06,profile_opened,2025-09-23 06:53
E0001209,A000623,R05,ai_score_viewed,2025-09-23 07:30
E0001210,A000623,R01,shortlisted,2025-09-23 12:32
E0001211,A000624,R02,profile_opened,2025-09-02 17:24
E0001212,A000624,R04,ai_score_viewed,2025-09-02 18:14
E0001213,A000625,R02,profile_opened,2026-01-30 05:03
E0001214,A000625,R06,ai_score_viewed,2026-01-30 05:40
E0001215,A000626,R07,profile_opened,2025-11-14 23:58
E0001216,A000627,R03,profile_opened,2026-05-09 01:59
E0001217,A000627,R06,ai_score_viewed,2026-05-09 02:16
E0001218,A000627,R03,shortlisted,2026-05-09 05:06
E0001219,A000628,R11,ai_score_viewed,2025-12-09 13:09
E0001220,A000629,R11,profile_opened,2026-07-01 19:37
E0001221,A000629,R08,ai_score_viewed,2026-07-01 20:02
E0001222,A000630,R12,profile_opened,2025-11-24 08:12
E0001223,A000630,R07,ai_score_viewed,2025-11-24 08:29
E0001224,A000630,R04,shortlisted,2025-11-24 15:05
E0001225,A000631,R11,profile_opened,2025-09-02 19:03
E0001226,A000631,R04,ai_score_viewed,2025-09-02 19:47
E0001227,A000631,R02,shortlisted,2025-09-02 22:33
E0001228,A000632,R08,profile_opened,2026-05-14 00:17
E0001229,A000632,R04,ai_score_viewed,2026-05-14 00:38
E0001230,A000633,R10,profile_opened,2025-12-05 14:31
E0001231,A000633,R03,shortlisted,2025-12-05 18:31
E0001232,A000634,R10,profile_opened,2026-02-20 06:07
E0001233,A000634,R04,shortlisted,2026-02-20 09:39
E0001234,A000635,R05,profile_opened,2025-12-12 15:05
E0001235,A000635,R08,ai_score_viewed,2025-12-12 15:52
E0001236,A000636,R09,profile_opened,2026-05-29 22:54
E0001237,A000638,R04,profile_opened,2026-05-01 01:43
E0001238,A000638,R02,shortlisted,2026-05-01 08:38
E0001239,A000639,R06,profile_opened,2026-02-04 03:07
E0001240,A000639,R02,ai_score_viewed,2026-02-04 04:06
E0001241,A000640,R12,profile_opened,2026-04-18 12:44
E0001242,A000641,R12,profile_opened,2026-02-20 03:49
E0001243,A000641,R05,shortlisted,2026-02-20 13:09
E0001244,A000642,R10,profile_opened,2026-05-27 16:53
E0001245,A000642,R09,ai_score_viewed,2026-05-27 17:33
E0001246,A000642,R11,shortlisted,2026-05-27 18:27
E0001247,A000643,R11,profile_opened,2025-09-16 16:37
E0001248,A000643,R05,ai_score_viewed,2025-09-16 16:49
E0001249,A000644,R05,profile_opened,2026-02-24 10:40
E0001250,A000644,R02,shortlisted,2026-02-24 11:51
E0001251,A000645,R05,profile_opened,2026-03-10 23:06
E0001252,A000646,R11,profile_opened,2025-10-18 21:54
E0001253,A000646,R12,ai_score_viewed,2025-10-18 22:17
E0001254,A000647,R06,profile_opened,2026-03-29 16:48
E0001255,A000648,R04,profile_opened,2026-04-04 00:18
E0001256,A000649,R02,profile_opened,2025-09-27 11:42
E0001257,A000649,R03,ai_score_viewed,2025-09-27 12:04
E0001258,A000650,R05,profile_opened,2025-12-19 11:57
E0001259,A000650,R05,shortlisted,2025-12-19 20:55
E0001260,A000651,R11,profile_opened,2026-03-10 19:17
E0001261,A000652,R08,profile_opened,2026-06-08 17:06
E0001262,A000652,R02,ai_score_viewed,2026-06-08 17:36
E0001263,A000652,R07,shortlisted,2026-06-08 21:30
E0001264,A000653,R04,profile_opened,2026-07-20 05:58
E0001265,A000653,R01,ai_score_viewed,2026-07-20 06:10
E0001266,A000653,R04,shortlisted,2026-07-20 13:23
E0001267,A000654,R07,profile_opened,2025-09-11 16:30
E0001268,A000654,R06,shortlisted,2025-09-11 19:23
E0001269,A000655,R09,profile_opened,2026-03-03 19:21
E0001270,A000655,R01,ai_score_viewed,2026-03-03 20:14
E0001271,A000656,R12,profile_opened,2026-04-04 20:46
E0001272,A000656,R03,shortlisted,2026-04-05 04:24
E0001273,A000657,R10,profile_opened,2025-12-17 16:10
E0001274,A000657,R07,ai_score_viewed,2025-12-17 16:36
E0001275,A000658,R02,profile_opened,2026-05-07 12:54
E0001276,A000658,R05,ai_score_viewed,2026-05-07 13:46
E0001277,A000659,R11,ai_score_viewed,2026-04-06 14:12
E0001278,A000660,R04,profile_opened,2025-12-15 03:05
E0001279,A000660,R03,ai_score_viewed,2025-12-15 03:16
E0001280,A000660,R08,shortlisted,2025-12-15 06:52
E0001281,A000661,R03,profile_opened,2026-03-14 09:40
E0001282,A000661,R03,ai_score_viewed,2026-03-14 10:32
E0001283,A000661,R10,shortlisted,2026-03-14 13:08
E0001284,A000662,R05,profile_opened,2025-12-02 09:06
E0001285,A000662,R07,ai_score_viewed,2025-12-02 09:16
E0001286,A000662,R04,shortlisted,2025-12-02 18:33
E0001287,A000663,R08,profile_opened,2026-02-21 04:12
E0001288,A000663,R05,ai_score_viewed,2026-02-21 04:17
E0001289,A000664,R02,profile_opened,2025-09-17 03:59
E0001290,A000664,R04,ai_score_viewed,2025-09-17 04:45
E0001291,A000664,R02,shortlisted,2025-09-17 07:47
E0001292,A000665,R12,profile_opened,2026-04-14 18:38
E0001293,A000666,R06,profile_opened,2025-11-05 18:31
E0001294,A000666,R11,ai_score_viewed,2025-11-05 19:29
E0001295,A000667,R11,ai_score_viewed,2026-06-10 09:04
E0001296,A000667,R05,shortlisted,2026-06-10 16:48
E0001297,A000668,R02,profile_opened,2026-05-15 23:56
E0001298,A000668,R09,ai_score_viewed,2026-05-16 00:51
E0001299,A000668,R05,shortlisted,2026-05-16 07:43
E0001300,A000669,R06,profile_opened,2026-07-20 15:56
E0001301,A000669,R07,ai_score_viewed,2026-07-20 16:04
E0001302,A000669,R05,shortlisted,2026-07-21 00:37
E0001303,A000670,R09,profile_opened,2026-06-04 19:56
E0001304,A000670,R04,ai_score_viewed,2026-06-04 20:18
E0001305,A000671,R05,shortlisted,2026-05-13 11:14
E0001306,A000672,R01,profile_opened,2025-11-26 09:34
E0001307,A000672,R02,ai_score_viewed,2025-11-26 09:45
E0001308,A000673,R06,profile_opened,2026-01-19 11:44
E0001309,A000673,R01,ai_score_viewed,2026-01-19 12:25
E0001310,A000674,R01,profile_opened,2026-07-01 01:44
E0001311,A000675,R12,profile_opened,2025-11-02 04:08
E0001312,A000675,R03,shortlisted,2025-11-02 10:20
E0001313,A000676,R04,profile_opened,2026-01-30 19:56
E0001314,A000676,R05,ai_score_viewed,2026-01-30 20:18
E0001315,A000677,R06,profile_opened,2025-10-30 01:01
E0001316,A000677,R06,ai_score_viewed,2025-10-30 01:08
E0001317,A000677,R10,shortlisted,2025-10-30 07:43
E0001318,A000678,R03,profile_opened,2026-04-17 17:42
E0001319,A000678,R04,ai_score_viewed,2026-04-17 18:02
E0001320,A000679,R09,profile_opened,2026-05-05 04:33
E0001321,A000680,R06,profile_opened,2025-09-17 04:41
E0001322,A000680,R12,ai_score_viewed,2025-09-17 05:04
E0001323,A000680,R06,shortlisted,2025-09-17 07:43
E0001324,A000681,R04,profile_opened,2025-12-11 10:29
E0001325,A000681,R09,shortlisted,2025-12-11 12:39
E0001326,A000682,R07,profile_opened,2025-12-27 22:13
E0001327,A000682,R10,shortlisted,2025-12-28 06:20
E0001328,A000683,R12,profile_opened,2025-12-27 04:48
E0001329,A000683,R03,ai_score_viewed,2025-12-27 05:09
E0001330,A000684,R11,profile_opened,2026-07-12 01:16
E0001331,A000684,R12,ai_score_viewed,2026-07-12 01:55
E0001332,A000685,R04,profile_opened,2026-04-17 16:34
E0001333,A000685,R07,ai_score_viewed,2026-04-17 17:12
E0001334,A000685,R07,shortlisted,2026-04-17 22:27
E0001335,A000686,R01,profile_opened,2026-04-10 02:00
E0001336,A000686,R04,ai_score_viewed,2026-04-10 02:28
E0001337,A000686,R11,shortlisted,2026-04-10 11:17
E0001338,A000687,R11,profile_opened,2026-01-11 16:57
E0001339,A000687,R05,ai_score_viewed,2026-01-11 17:00
E0001340,A000688,R11,profile_opened,2026-07-22 21:53
E0001341,A000688,R09,ai_score_viewed,2026-07-22 22:02
E0001342,A000689,R01,profile_opened,2025-09-18 19:32
E0001343,A000689,R09,ai_score_viewed,2025-09-18 20:07
E0001344,A000689,R02,shortlisted,2025-09-19 02:59
E0001345,A000690,R02,ai_score_viewed,2025-10-19 12:10
E0001346,A000691,R12,profile_opened,2026-03-03 05:03
E0001347,A000691,R03,ai_score_viewed,2026-03-03 05:25
E0001348,A000691,R10,shortlisted,2026-03-03 11:18
E0001349,A000692,R11,profile_opened,2026-06-10 21:49
E0001350,A000692,R03,shortlisted,2026-06-11 01:31
E0001351,A000693,R04,profile_opened,2026-04-27 02:19
E0001352,A000694,R05,profile_opened,2026-04-04 21:57
E0001353,A000694,R10,ai_score_viewed,2026-04-04 21:58
E0001354,A000695,R05,profile_opened,2025-11-11 05:33
E0001355,A000696,R03,profile_opened,2025-09-26 21:37
E0001356,A000696,R12,ai_score_viewed,2025-09-26 22:15
E0001357,A000696,R02,shortlisted,2025-09-27 01:56
E0001358,A000697,R05,profile_opened,2026-07-10 18:01
E0001359,A000698,R09,profile_opened,2026-06-26 09:01
E0001360,A000698,R12,shortlisted,2026-06-26 15:32
E0001361,A000699,R12,profile_opened,2026-03-11 21:36
E0001362,A000699,R06,shortlisted,2026-03-12 00:53
E0001363,A000700,R04,profile_opened,2025-10-27 17:55
E0001364,A000700,R04,ai_score_viewed,2025-10-27 18:54
E0001365,A000701,R06,profile_opened,2026-05-21 21:31
E0001366,A000702,R06,shortlisted,2026-01-31 10:26
E0001367,A000703,R07,profile_opened,2025-09-30 19:10
E0001368,A000703,R07,ai_score_viewed,2025-09-30 19:23
E0001369,A000703,R09,shortlisted,2025-09-30 22:32
E0001370,A000704,R08,profile_opened,2025-10-28 17:01
E0001371,A000704,R09,shortlisted,2025-10-29 02:13
E0001372,A000705,R03,profile_opened,2026-02-18 09:17
E0001373,A000706,R03,profile_opened,2026-06-14 17:52
E0001374,A000706,R01,ai_score_viewed,2026-06-14 18:42
E0001375,A000707,R12,profile_opened,2026-06-03 03:33
E0001376,A000707,R05,shortlisted,2026-06-03 12:46
E0001377,A000708,R07,profile_opened,2025-11-20 21:33
E0001378,A000708,R06,ai_score_viewed,2025-11-20 22:30
E0001379,A000709,R03,profile_opened,2026-07-19 09:05
E0001380,A000709,R10,ai_score_viewed,2026-07-19 09:29
E0001381,A000709,R09,shortlisted,2026-07-19 16:32
E0001382,A000710,R01,profile_opened,2025-11-09 05:33
E0001383,A000710,R04,ai_score_viewed,2025-11-09 05:43
E0001384,A000711,R06,profile_opened,2026-05-08 00:03
E0001385,A000712,R01,profile_opened,2025-12-27 20:23
E0001386,A000712,R09,ai_score_viewed,2025-12-27 20:36
E0001387,A000713,R08,profile_opened,2026-05-13 13:06
E0001388,A000714,R05,profile_opened,2026-04-01 12:25
E0001389,A000714,R01,ai_score_viewed,2026-04-01 13:15
E0001390,A000715,R05,profile_opened,2026-01-27 14:14
E0001391,A000715,R06,ai_score_viewed,2026-01-27 15:06
E0001392,A000716,R06,profile_opened,2025-09-25 04:16
E0001393,A000717,R11,profile_opened,2026-03-07 01:30
E0001394,A000717,R11,ai_score_viewed,2026-03-07 02:15
E0001395,A000718,R08,profile_opened,2026-03-10 07:49
E0001396,A000718,R01,shortlisted,2026-03-10 11:57
E0001397,A000719,R03,profile_opened,2026-07-07 00:53
E0001398,A000720,R05,profile_opened,2025-12-06 13:13
E0001399,A000721,R01,profile_opened,2025-12-23 19:34
E0001400,A000721,R02,shortlisted,2025-12-24 00:13
E0001401,A000722,R12,profile_opened,2026-07-21 22:34
E0001402,A000722,R05,ai_score_viewed,2026-07-21 22:44
E0001403,A000722,R03,shortlisted,2026-07-22 03:24
E0001404,A000723,R02,profile_opened,2025-11-17 02:02
E0001405,A000723,R11,ai_score_viewed,2025-11-17 02:16
E0001406,A000724,R09,profile_opened,2025-12-11 05:59
E0001407,A000724,R12,shortlisted,2025-12-11 08:41
E0001408,A000725,R10,profile_opened,2026-02-07 17:37
E0001409,A000725,R03,shortlisted,2026-02-07 22:45
E0001410,A000726,R04,profile_opened,2025-12-05 01:57
E0001411,A000726,R08,ai_score_viewed,2025-12-05 02:49
E0001412,A000727,R09,profile_opened,2026-03-14 05:13
E0001413,A000728,R09,profile_opened,2026-06-07 13:38
E0001414,A000728,R05,ai_score_viewed,2026-06-07 14:33
E0001415,A000728,R03,shortlisted,2026-06-07 16:25
E0001416,A000729,R01,profile_opened,2025-10-03 09:58
E0001417,A000730,R11,profile_opened,2025-11-09 16:19
E0001418,A000730,R02,shortlisted,2025-11-09 18:07
E0001419,A000731,R07,profile_opened,2026-04-29 10:31
E0001420,A000731,R06,ai_score_viewed,2026-04-29 11:13
E0001421,A000732,R08,profile_opened,2025-12-18 18:12
E0001422,A000733,R01,profile_opened,2026-07-21 01:09
E0001423,A000733,R05,ai_score_viewed,2026-07-21 01:43
E0001424,A000734,R11,profile_opened,2025-10-22 13:46
E0001425,A000735,R10,ai_score_viewed,2026-06-29 16:25
E0001426,A000735,R05,shortlisted,2026-06-29 20:09
E0001427,A000736,R05,profile_opened,2025-09-18 04:38
E0001428,A000736,R03,ai_score_viewed,2025-09-18 04:43
E0001429,A000737,R09,profile_opened,2025-10-15 23:20
E0001430,A000737,R09,ai_score_viewed,2025-10-15 23:29
E0001431,A000737,R09,shortlisted,2025-10-16 07:14
E0001432,A000738,R10,profile_opened,2025-11-10 15:45
E0001433,A000738,R10,ai_score_viewed,2025-11-10 15:47
E0001434,A000739,R09,profile_opened,2025-11-16 12:50
E0001435,A000739,R07,ai_score_viewed,2025-11-16 13:01
E0001436,A000740,R12,profile_opened,2026-06-12 03:53
E0001437,A000740,R02,ai_score_viewed,2026-06-12 04:05
E0001438,A000740,R09,shortlisted,2026-06-12 08:36
E0001439,A000742,R06,profile_opened,2026-04-05 13:24
E0001440,A000742,R11,ai_score_viewed,2026-04-05 13:54
E0001441,A000743,R11,ai_score_viewed,2026-07-26 00:48
E0001442,A000743,R03,shortlisted,2026-07-26 02:59
E0001443,A000744,R07,profile_opened,2025-12-20 21:42
E0001444,A000744,R08,ai_score_viewed,2025-12-20 21:51
E0001445,A000744,R09,shortlisted,2025-12-21 04:28
E0001446,A000745,R05,profile_opened,2026-05-12 06:16
E0001447,A000745,R03,ai_score_viewed,2026-05-12 07:06
E0001448,A000745,R09,shortlisted,2026-05-12 14:58
E0001449,A000746,R02,profile_opened,2025-11-16 00:23
E0001450,A000746,R09,ai_score_viewed,2025-11-16 00:48
E0001451,A000746,R08,shortlisted,2025-11-16 08:38
E0001452,A000747,R10,profile_opened,2025-10-10 20:51
E0001453,A000747,R11,shortlisted,2025-10-11 06:50
E0001454,A000748,R05,profile_opened,2026-03-14 06:37
E0001455,A000749,R01,profile_opened,2025-11-27 09:47
E0001456,A000749,R03,ai_score_viewed,2025-11-27 09:59
E0001457,A000750,R01,ai_score_viewed,2026-01-26 15:58
E0001458,A000751,R04,profile_opened,2026-01-05 04:36
E0001459,A000752,R10,profile_opened,2026-04-17 15:45
E0001460,A000752,R08,ai_score_viewed,2026-04-17 16:02
E0001461,A000752,R08,shortlisted,2026-04-17 21:44
E0001462,A000753,R10,profile_opened,2026-04-14 23:06
E0001463,A000753,R09,ai_score_viewed,2026-04-14 23:13
E0001464,A000754,R12,profile_opened,2025-12-18 16:28
E0001465,A000754,R03,ai_score_viewed,2025-12-18 17:24
E0001466,A000755,R10,profile_opened,2026-04-07 19:40
E0001467,A000755,R05,shortlisted,2026-04-08 03:52
E0001468,A000756,R05,profile_opened,2026-01-12 09:59
E0001469,A000756,R01,ai_score_viewed,2026-01-12 10:05
E0001470,A000757,R04,profile_opened,2025-10-16 01:11
E0001471,A000757,R12,ai_score_viewed,2025-10-16 01:24
E0001472,A000758,R10,profile_opened,2025-11-23 14:07
E0001473,A000758,R07,ai_score_viewed,2025-11-23 14:12
E0001474,A000758,R04,shortlisted,2025-11-23 16:04
E0001475,A000759,R01,profile_opened,2025-09-28 09:47
E0001476,A000759,R06,ai_score_viewed,2025-09-28 10:04
E0001477,A000759,R09,shortlisted,2025-09-28 15:51
E0001478,A000760,R05,profile_opened,2026-01-28 16:54
E0001479,A000760,R11,ai_score_viewed,2026-01-28 17:31
E0001480,A000760,R04,shortlisted,2026-01-29 00:39
E0001481,A000761,R10,profile_opened,2026-03-03 14:43
E0001482,A000761,R01,shortlisted,2026-03-03 19:35
E0001483,A000762,R09,profile_opened,2025-10-04 02:35
E0001484,A000762,R03,shortlisted,2025-10-04 11:05
E0001485,A000763,R06,ai_score_viewed,2025-12-18 08:09
E0001486,A000764,R10,profile_opened,2026-04-04 00:10
E0001487,A000764,R02,ai_score_viewed,2026-04-04 00:14
E0001488,A000765,R02,profile_opened,2025-10-04 10:15
E0001489,A000765,R09,ai_score_viewed,2025-10-04 10:32
E0001490,A000766,R02,profile_opened,2025-11-13 13:20
E0001491,A000767,R09,profile_opened,2026-03-21 03:02
E0001492,A000767,R10,ai_score_viewed,2026-03-21 03:47
E0001493,A000768,R07,profile_opened,2026-07-03 11:15
E0001494,A000768,R02,ai_score_viewed,2026-07-03 11:32
E0001495,A000768,R04,shortlisted,2026-07-03 17:22
E0001496,A000769,R03,profile_opened,2025-12-15 23:51
E0001497,A000770,R03,profile_opened,2026-05-08 20:07
E0001498,A000771,R12,profile_opened,2026-01-23 16:11
E0001499,A000771,R12,shortlisted,2026-01-23 22:32
E0001500,A000772,R11,profile_opened,2026-04-10 19:58
E0001501,A000773,R06,profile_opened,2026-02-18 01:41
E0001502,A000773,R06,ai_score_viewed,2026-02-18 02:04
E0001503,A000773,R01,shortlisted,2026-02-18 06:09
E0001504,A000774,R09,profile_opened,2026-07-17 01:37
E0001505,A000774,R04,ai_score_viewed,2026-07-17 02:00
E0001506,A000774,R11,shortlisted,2026-07-17 11:25
E0001507,A000776,R05,profile_opened,2026-05-31 02:43
E0001508,A000776,R04,ai_score_viewed,2026-05-31 02:47
E0001509,A000777,R02,profile_opened,2026-01-09 01:16
E0001510,A000777,R06,ai_score_viewed,2026-01-09 01:53
E0001511,A000778,R05,profile_opened,2025-11-11 16:15
E0001512,A000778,R09,ai_score_viewed,2025-11-11 16:31
E0001513,A000778,R11,shortlisted,2025-11-11 19:11
E0001514,A000779,R01,ai_score_viewed,2025-10-25 14:52
E0001515,A000780,R08,profile_opened,2025-10-18 09:02
E0001516,A000780,R08,ai_score_viewed,2025-10-18 09:47
E0001517,A000781,R09,profile_opened,2025-11-25 13:52
E0001518,A000781,R10,ai_score_viewed,2025-11-25 14:14
E0001519,A000781,R10,shortlisted,2025-11-25 15:14
E0001520,A000782,R04,profile_opened,2026-02-18 10:17
E0001521,A000782,R08,ai_score_viewed,2026-02-18 10:33
E0001522,A000783,R06,profile_opened,2025-12-11 09:56
E0001523,A000783,R01,ai_score_viewed,2025-12-11 10:15
E0001524,A000783,R01,shortlisted,2025-12-11 14:54
E0001525,A000784,R05,profile_opened,2025-10-09 18:12
E0001526,A000784,R12,ai_score_viewed,2025-10-09 18:30
E0001527,A000785,R06,profile_opened,2026-01-27 14:36
E0001528,A000785,R11,shortlisted,2026-01-27 18:50
E0001529,A000786,R01,ai_score_viewed,2025-12-06 09:55
E0001530,A000787,R06,profile_opened,2025-12-16 16:48
E0001531,A000787,R02,shortlisted,2025-12-16 23:51
E0001532,A000788,R05,profile_opened,2026-05-17 05:37
E0001533,A000788,R06,ai_score_viewed,2026-05-17 05:58
E0001534,A000789,R07,profile_opened,2026-01-20 03:30
E0001535,A000789,R10,ai_score_viewed,2026-01-20 04:10
E0001536,A000790,R12,profile_opened,2026-03-03 15:46
E0001537,A000791,R01,profile_opened,2026-03-23 16:47
E0001538,A000791,R02,shortlisted,2026-03-24 01:27
E0001539,A000792,R08,profile_opened,2026-05-15 21:57
E0001540,A000792,R02,ai_score_viewed,2026-05-15 22:07
E0001541,A000792,R09,shortlisted,2026-05-16 07:34
E0001542,A000793,R03,profile_opened,2026-02-27 04:03
E0001543,A000793,R12,ai_score_viewed,2026-02-27 04:44
E0001544,A000793,R05,shortlisted,2026-02-27 09:24
E0001545,A000794,R03,profile_opened,2026-07-19 00:46
E0001546,A000794,R06,ai_score_viewed,2026-07-19 01:39
E0001547,A000795,R07,profile_opened,2026-02-21 21:07
E0001548,A000795,R02,shortlisted,2026-02-22 01:31
E0001549,A000796,R05,profile_opened,2025-12-23 00:52
E0001550,A000796,R07,ai_score_viewed,2025-12-23 01:07
E0001551,A000797,R05,profile_opened,2025-11-16 10:24
E0001552,A000797,R09,ai_score_viewed,2025-11-16 10:49
E0001553,A000797,R08,shortlisted,2025-11-16 15:10
E0001554,A000798,R04,ai_score_viewed,2026-03-03 06:49
E0001555,A000799,R08,profile_opened,2026-02-16 12:29
E0001556,A000799,R04,shortlisted,2026-02-16 20:42
E0001557,A000800,R01,profile_opened,2026-03-15 23:47
E0001558,A000800,R08,ai_score_viewed,2026-03-16 00:38
E0001559,A000801,R06,profile_opened,2025-11-24 16:14
E0001560,A000801,R08,ai_score_viewed,2025-11-24 16:37
E0001561,A000802,R02,profile_opened,2026-05-29 16:57
E0001562,A000802,R06,ai_score_viewed,2026-05-29 17:36
E0001563,A000802,R08,shortlisted,2026-05-29 21:39
E0001564,A000803,R06,profile_opened,2026-05-11 12:44
E0001565,A000803,R05,ai_score_viewed,2026-05-11 13:08
E0001566,A000804,R07,profile_opened,2026-01-25 14:37
E0001567,A000805,R10,ai_score_viewed,2025-11-07 16:21
E0001568,A000805,R04,shortlisted,2025-11-07 17:50
E0001569,A000806,R01,profile_opened,2026-01-21 21:55
E0001570,A000806,R03,ai_score_viewed,2026-01-21 22:05
E0001571,A000806,R06,shortlisted,2026-01-22 02:27
E0001572,A000807,R09,profile_opened,2026-06-05 21:01
E0001573,A000807,R09,ai_score_viewed,2026-06-05 21:30
E0001574,A000807,R05,shortlisted,2026-06-06 02:48
E0001575,A000808,R01,profile_opened,2026-02-01 10:12
E0001576,A000808,R06,shortlisted,2026-02-01 15:11
E0001577,A000809,R12,profile_opened,2026-01-11 22:38
E0001578,A000809,R12,ai_score_viewed,2026-01-11 22:58
E0001579,A000809,R06,shortlisted,2026-01-12 01:40
E0001580,A000810,R01,profile_opened,2026-06-30 16:28
E0001581,A000810,R11,shortlisted,2026-06-30 18:19
E0001582,A000811,R06,ai_score_viewed,2026-07-22 15:23
E0001583,A000811,R05,shortlisted,2026-07-22 21:24
E0001584,A000812,R07,profile_opened,2026-04-12 22:48
E0001585,A000812,R04,ai_score_viewed,2026-04-12 23:31
E0001586,A000813,R11,profile_opened,2026-05-06 06:35
E0001587,A000814,R07,profile_opened,2025-12-27 15:49
E0001588,A000814,R07,ai_score_viewed,2025-12-27 16:27
E0001589,A000815,R04,profile_opened,2026-06-30 16:37
E0001590,A000816,R04,profile_opened,2026-06-24 09:12
E0001591,A000816,R10,ai_score_viewed,2026-06-24 09:21
E0001592,A000816,R03,shortlisted,2026-06-24 12:10
E0001593,A000817,R12,ai_score_viewed,2026-06-05 03:46
E0001594,A000818,R06,profile_opened,2026-03-06 15:45
E0001595,A000818,R02,ai_score_viewed,2026-03-06 16:11
E0001596,A000819,R03,profile_opened,2026-03-30 18:31
E0001597,A000819,R05,shortlisted,2026-03-30 20:50
E0001598,A000820,R05,profile_opened,2026-05-21 08:20
E0001599,A000820,R01,ai_score_viewed,2026-05-21 09:11
E0001600,A000821,R11,profile_opened,2026-01-20 04:55
E0001601,A000822,R12,profile_opened,2026-04-05 17:55
E0001602,A000823,R06,ai_score_viewed,2025-12-06 03:13
E0001603,A000824,R06,profile_opened,2025-09-10 03:45
E0001604,A000824,R03,ai_score_viewed,2025-09-10 04:01
E0001605,A000824,R06,shortlisted,2025-09-10 13:42
E0001606,A000825,R02,profile_opened,2025-12-22 09:21
E0001607,A000825,R05,ai_score_viewed,2025-12-22 09:54
E0001608,A000826,R03,profile_opened,2026-04-13 13:39
E0001609,A000826,R05,ai_score_viewed,2026-04-13 14:17
E0001610,A000826,R01,shortlisted,2026-04-13 17:41
E0001611,A000827,R10,profile_opened,2026-01-07 10:30
E0001612,A000827,R07,ai_score_viewed,2026-01-07 11:03
E0001613,A000827,R02,shortlisted,2026-01-07 16:15
E0001614,A000828,R01,profile_opened,2025-12-11 15:59
E0001615,A000828,R01,shortlisted,2025-12-11 21:30
E0001616,A000829,R03,profile_opened,2026-02-20 13:36
E0001617,A000829,R08,ai_score_viewed,2026-02-20 14:21
E0001618,A000830,R07,profile_opened,2025-10-09 19:33
E0001619,A000830,R05,ai_score_viewed,2025-10-09 20:32
E0001620,A000831,R09,profile_opened,2025-09-02 23:45
E0001621,A000831,R11,ai_score_viewed,2025-09-03 00:44
E0001622,A000832,R02,profile_opened,2025-10-28 19:28
E0001623,A000832,R02,shortlisted,2025-10-29 04:48
E0001624,A000834,R06,ai_score_viewed,2026-03-13 04:56
E0001625,A000834,R06,shortlisted,2026-03-13 09:01
E0001626,A000835,R08,profile_opened,2025-12-26 02:39
E0001627,A000835,R07,ai_score_viewed,2025-12-26 03:01
E0001628,A000836,R12,profile_opened,2025-10-19 14:50
E0001629,A000836,R10,shortlisted,2025-10-19 20:23
E0001630,A000837,R12,profile_opened,2026-03-10 12:10
E0001631,A000838,R12,shortlisted,2026-01-23 17:14
E0001632,A000839,R12,profile_opened,2025-10-26 21:21
E0001633,A000839,R03,ai_score_viewed,2025-10-26 21:38
E0001634,A000840,R02,profile_opened,2026-02-11 02:44
E0001635,A000840,R06,ai_score_viewed,2026-02-11 03:02
E0001636,A000841,R06,profile_opened,2025-12-04 12:11
E0001637,A000841,R04,ai_score_viewed,2025-12-04 12:12
E0001638,A000841,R12,shortlisted,2025-12-04 20:26
E0001639,A000842,R09,profile_opened,2025-10-13 17:14
E0001640,A000842,R01,shortlisted,2025-10-14 02:25
E0001641,A000843,R01,profile_opened,2025-09-25 22:01
E0001642,A000843,R07,ai_score_viewed,2025-09-25 22:35
E0001643,A000843,R06,shortlisted,2025-09-26 06:18
E0001644,A000844,R03,profile_opened,2026-03-27 19:03
E0001645,A000844,R09,ai_score_viewed,2026-03-27 19:22
E0001646,A000845,R10,profile_opened,2025-09-22 15:31
E0001647,A000845,R11,ai_score_viewed,2025-09-22 15:50
E0001648,A000846,R11,profile_opened,2026-06-07 10:43
E0001649,A000847,R06,profile_opened,2026-05-23 05:32
E0001650,A000847,R10,ai_score_viewed,2026-05-23 06:03
E0001651,A000847,R06,shortlisted,2026-05-23 14:25
E0001652,A000848,R08,profile_opened,2026-06-26 18:11
E0001653,A000849,R03,ai_score_viewed,2026-07-19 14:34
E0001654,A000850,R02,profile_opened,2026-03-14 21:16
E0001655,A000850,R04,ai_score_viewed,2026-03-14 21:29
E0001656,A000850,R06,shortlisted,2026-03-15 06:19
E0001657,A000851,R10,profile_opened,2026-03-26 07:51
E0001658,A000851,R06,shortlisted,2026-03-26 09:45
E0001659,A000852,R04,profile_opened,2025-09-06 15:54
E0001660,A000853,R03,profile_opened,2025-09-22 10:13
E0001661,A000853,R05,ai_score_viewed,2025-09-22 10:27
E0001662,A000854,R06,profile_opened,2026-01-02 21:43
E0001663,A000854,R11,ai_score_viewed,2026-01-02 22:23
E0001664,A000855,R07,ai_score_viewed,2025-10-05 16:48
E0001665,A000856,R05,profile_opened,2026-07-05 04:45
E0001666,A000856,R12,ai_score_viewed,2026-07-05 05:27
E0001667,A000856,R08,shortlisted,2026-07-05 11:36
E0001668,A000857,R06,profile_opened,2026-01-09 19:42
E0001669,A000858,R09,profile_opened,2026-03-31 12:39
E0001670,A000858,R04,ai_score_viewed,2026-03-31 13:32
E0001671,A000858,R07,shortlisted,2026-03-31 14:34
E0001672,A000859,R08,profile_opened,2026-04-21 13:37
E0001673,A000859,R01,ai_score_viewed,2026-04-21 14:33
E0001674,A000859,R05,shortlisted,2026-04-21 21:12
E0001675,A000860,R05,profile_opened,2025-12-12 03:05
E0001676,A000860,R04,ai_score_viewed,2025-12-12 03:10
E0001677,A000860,R01,shortlisted,2025-12-12 09:01
E0001678,A000861,R12,profile_opened,2025-11-10 02:26
E0001679,A000861,R04,ai_score_viewed,2025-11-10 03:19
E0001680,A000862,R03,profile_opened,2026-01-10 01:24
E0001681,A000862,R03,shortlisted,2026-01-10 06:13
E0001682,A000863,R06,profile_opened,2026-03-17 22:10
E0001683,A000863,R09,ai_score_viewed,2026-03-17 22:26
E0001684,A000863,R09,shortlisted,2026-03-18 08:00
E0001685,A000864,R04,profile_opened,2025-12-06 22:16
E0001686,A000864,R02,ai_score_viewed,2025-12-06 22:35
E0001687,A000865,R08,profile_opened,2026-05-21 13:16
E0001688,A000865,R01,ai_score_viewed,2026-05-21 14:06
E0001689,A000866,R12,profile_opened,2025-12-12 06:35
E0001690,A000866,R01,ai_score_viewed,2025-12-12 07:25
E0001691,A000866,R04,shortlisted,2025-12-12 15:05
E0001692,A000867,R05,profile_opened,2026-01-28 19:56
E0001693,A000867,R04,shortlisted,2026-01-29 03:06
E0001694,A000868,R11,profile_opened,2026-01-24 17:35
E0001695,A000868,R12,ai_score_viewed,2026-01-24 18:17
E0001696,A000869,R12,profile_opened,2026-03-15 02:24
E0001697,A000870,R01,profile_opened,2025-12-05 16:58
E0001698,A000870,R02,ai_score_viewed,2025-12-05 17:42
E0001699,A000871,R03,profile_opened,2026-06-09 13:16
E0001700,A000871,R06,ai_score_viewed,2026-06-09 14:01
E0001701,A000871,R04,shortlisted,2026-06-09 21:46
E0001702,A000872,R01,profile_opened,2025-10-06 20:44
E0001703,A000872,R05,ai_score_viewed,2025-10-06 21:40
E0001704,A000872,R05,shortlisted,2025-10-07 03:54
E0001705,A000873,R03,profile_opened,2025-11-13 06:49
E0001706,A000873,R12,ai_score_viewed,2025-11-13 07:40
E0001707,A000873,R01,shortlisted,2025-11-13 09:58
E0001708,A000874,R08,ai_score_viewed,2025-11-20 16:29
E0001709,A000875,R04,profile_opened,2025-10-01 12:13
E0001710,A000875,R01,ai_score_viewed,2025-10-01 12:36
E0001711,A000876,R03,profile_opened,2025-11-27 18:59
E0001712,A000876,R09,ai_score_viewed,2025-11-27 19:33
E0001713,A000876,R12,shortlisted,2025-11-28 02:56
E0001714,A000877,R06,profile_opened,2025-11-10 06:20
E0001715,A000877,R12,ai_score_viewed,2025-11-10 06:46
E0001716,A000878,R08,profile_opened,2026-03-07 13:31
E0001717,A000878,R12,ai_score_viewed,2026-03-07 14:31
E0001718,A000879,R05,profile_opened,2026-04-05 15:49
E0001719,A000879,R08,ai_score_viewed,2026-04-05 16:11
E0001720,A000879,R05,shortlisted,2026-04-05 18:26
E0001721,A000880,R05,profile_opened,2026-04-05 20:07
E0001722,A000880,R06,ai_score_viewed,2026-04-05 20:34
E0001723,A000880,R05,shortlisted,2026-04-05 23:36
E0001724,A000881,R10,profile_opened,2026-04-12 04:49
E0001725,A000882,R11,profile_opened,2026-07-24 19:41
E0001726,A000882,R03,ai_score_viewed,2026-07-24 19:46
E0001727,A000883,R07,profile_opened,2026-05-25 16:35
E0001728,A000883,R12,ai_score_viewed,2026-05-25 17:06
E0001729,A000883,R04,shortlisted,2026-05-25 18:21
E0001730,A000884,R09,profile_opened,2025-09-05 15:18
E0001731,A000885,R11,profile_opened,2025-10-11 10:30
E0001732,A000886,R12,profile_opened,2025-10-13 11:22
E0001733,A000886,R01,ai_score_viewed,2025-10-13 11:33
E0001734,A000887,R11,profile_opened,2026-05-03 02:44
E0001735,A000887,R05,ai_score_viewed,2026-05-03 02:59
E0001736,A000887,R10,shortlisted,2026-05-03 10:54
E0001737,A000889,R05,profile_opened,2025-12-21 18:15
E0001738,A000889,R09,ai_score_viewed,2025-12-21 19:01
E0001739,A000890,R07,profile_opened,2025-11-01 11:09
E0001740,A000890,R12,ai_score_viewed,2025-11-01 11:22
E0001741,A000891,R07,profile_opened,2026-05-03 17:10
E0001742,A000891,R10,shortlisted,2026-05-03 23:24
E0001743,A000892,R02,profile_opened,2025-10-28 01:00
E0001744,A000892,R11,ai_score_viewed,2025-10-28 01:44
E0001745,A000893,R09,profile_opened,2025-09-18 16:25
E0001746,A000893,R07,ai_score_viewed,2025-09-18 17:10
E0001747,A000893,R08,shortlisted,2025-09-19 00:31
E0001748,A000894,R10,profile_opened,2026-04-15 17:58
E0001749,A000894,R03,ai_score_viewed,2026-04-15 18:20
E0001750,A000895,R11,profile_opened,2026-07-19 18:03
E0001751,A000895,R06,ai_score_viewed,2026-07-19 18:13
E0001752,A000895,R07,shortlisted,2026-07-19 20:03
E0001753,A000897,R02,profile_opened,2026-06-11 20:27
E0001754,A000898,R02,profile_opened,2026-02-15 15:04
E0001755,A000899,R09,profile_opened,2026-01-27 20:47
E0001756,A000899,R02,ai_score_viewed,2026-01-27 21:14
E0001757,A000900,R04,profile_opened,2025-11-16 13:18
E0001758,A000901,R05,profile_opened,2025-10-17 07:56
E0001759,A000902,R02,profile_opened,2025-12-26 00:42
E0001760,A000902,R08,ai_score_viewed,2025-12-26 01:29
E0001761,A000902,R05,shortlisted,2025-12-26 09:02
E0001762,A000903,R10,profile_opened,2026-01-06 01:36
E0001763,A000903,R08,ai_score_viewed,2026-01-06 02:16
E0001764,A000903,R02,shortlisted,2026-01-06 04:02
E0001765,A000904,R10,profile_opened,2025-11-10 00:50
E0001766,A000904,R07,shortlisted,2025-11-10 07:16
E0001767,A000905,R10,profile_opened,2026-03-06 23:23
E0001768,A000905,R03,ai_score_viewed,2026-03-07 00:18
E0001769,A000905,R07,shortlisted,2026-03-07 06:17
E0001770,A000907,R05,profile_opened,2026-05-20 08:56
E0001771,A000907,R03,ai_score_viewed,2026-05-20 09:01
E0001772,A000907,R05,shortlisted,2026-05-20 11:04
E0001773,A000908,R01,ai_score_viewed,2025-11-28 10:44
E0001774,A000909,R02,profile_opened,2026-03-18 11:47
E0001775,A000909,R06,ai_score_viewed,2026-03-18 12:46
E0001776,A000909,R07,shortlisted,2026-03-18 14:34
E0001777,A000910,R07,profile_opened,2026-05-11 03:42
E0001778,A000910,R08,ai_score_viewed,2026-05-11 04:10
E0001779,A000911,R11,profile_opened,2026-06-04 07:12
E0001780,A000912,R02,profile_opened,2026-06-23 04:54
E0001781,A000912,R09,ai_score_viewed,2026-06-23 05:52
E0001782,A000913,R04,profile_opened,2026-04-05 10:18
E0001783,A000913,R02,ai_score_viewed,2026-04-05 10:50
E0001784,A000913,R05,shortlisted,2026-04-05 13:53
E0001785,A000914,R03,profile_opened,2026-03-26 23:08
E0001786,A000914,R04,shortlisted,2026-03-27 02:03
E0001787,A000915,R01,profile_opened,2025-11-11 02:50
E0001788,A000915,R05,ai_score_viewed,2025-11-11 03:03
E0001789,A000916,R09,profile_opened,2026-05-01 21:26
E0001790,A000916,R11,ai_score_viewed,2026-05-01 21:27
E0001791,A000917,R06,profile_opened,2026-01-08 04:22
E0001792,A000917,R04,shortlisted,2026-01-08 11:00
E0001793,A000918,R02,profile_opened,2026-04-27 11:22
E0001794,A000918,R09,ai_score_viewed,2026-04-27 12:18
E0001795,A000918,R08,shortlisted,2026-04-27 18:34
E0001796,A000919,R07,profile_opened,2026-04-18 22:09
E0001797,A000919,R03,ai_score_viewed,2026-04-18 22:51
E0001798,A000919,R10,shortlisted,2026-04-18 23:40
E0001799,A000920,R01,profile_opened,2026-05-31 16:02
E0001800,A000920,R03,shortlisted,2026-05-31 23:03
E0001801,A000921,R01,shortlisted,2026-04-16 05:27
E0001802,A000922,R05,profile_opened,2026-02-14 07:27
E0001803,A000922,R04,ai_score_viewed,2026-02-14 07:35
E0001804,A000923,R11,profile_opened,2026-05-05 20:39
E0001805,A000923,R11,ai_score_viewed,2026-05-05 21:36
E0001806,A000923,R07,shortlisted,2026-05-06 03:04
E0001807,A000924,R11,profile_opened,2026-07-09 23:21
E0001808,A000924,R01,shortlisted,2026-07-10 04:58
E0001809,A000925,R10,profile_opened,2025-10-03 13:28
E0001810,A000925,R03,ai_score_viewed,2025-10-03 13:56
E0001811,A000925,R05,shortlisted,2025-10-03 20:57
E0001812,A000926,R02,profile_opened,2026-02-04 02:11
E0001813,A000926,R01,ai_score_viewed,2026-02-04 02:15
E0001814,A000926,R12,shortlisted,2026-02-04 08:21
E0001815,A000927,R03,profile_opened,2026-03-03 13:03
E0001816,A000927,R03,ai_score_viewed,2026-03-03 13:09
E0001817,A000928,R07,profile_opened,2026-06-18 22:47
E0001818,A000929,R01,profile_opened,2026-02-11 16:18
E0001819,A000929,R11,shortlisted,2026-02-11 22:32
E0001820,A000931,R06,profile_opened,2025-12-29 12:35
E0001821,A000931,R10,ai_score_viewed,2025-12-29 13:07
E0001822,A000931,R04,shortlisted,2025-12-29 19:16
E0001823,A000932,R09,profile_opened,2026-01-04 01:25
E0001824,A000932,R06,shortlisted,2026-01-04 08:18
E0001825,A000933,R02,profile_opened,2026-04-12 12:29
E0001826,A000934,R04,profile_opened,2025-09-10 03:50
E0001827,A000934,R04,ai_score_viewed,2025-09-10 04:27
E0001828,A000934,R08,shortlisted,2025-09-10 09:05
E0001829,A000935,R11,profile_opened,2026-03-01 05:50
E0001830,A000935,R04,ai_score_viewed,2026-03-01 06:29
E0001831,A000936,R05,profile_opened,2026-06-03 23:33
E0001832,A000936,R08,ai_score_viewed,2026-06-04 00:06
E0001833,A000937,R10,profile_opened,2026-04-04 21:33
E0001834,A000937,R05,shortlisted,2026-04-05 07:19
E0001835,A000938,R11,profile_opened,2026-02-16 00:21
E0001836,A000938,R11,ai_score_viewed,2026-02-16 01:15
E0001837,A000939,R03,profile_opened,2025-09-14 04:18
E0001838,A000939,R02,ai_score_viewed,2025-09-14 04:47
E0001839,A000940,R03,profile_opened,2025-09-14 06:42
E0001840,A000940,R06,shortlisted,2025-09-14 08:16
E0001841,A000941,R03,profile_opened,2026-05-23 00:44
E0001842,A000941,R08,ai_score_viewed,2026-05-23 00:58
E0001843,A000942,R08,profile_opened,2026-01-12 11:17
E0001844,A000943,R09,profile_opened,2025-11-25 08:55
E0001845,A000944,R03,profile_opened,2026-03-31 10:33
E0001846,A000945,R07,profile_opened,2026-02-07 05:22
E0001847,A000945,R11,ai_score_viewed,2026-02-07 05:28
E0001848,A000946,R10,profile_opened,2026-01-30 09:21
E0001849,A000947,R10,profile_opened,2025-09-30 18:18
E0001850,A000947,R02,ai_score_viewed,2025-09-30 18:19
E0001851,A000948,R08,profile_opened,2025-12-24 22:03
E0001852,A000948,R11,shortlisted,2025-12-25 07:55
E0001853,A000949,R12,profile_opened,2026-05-13 07:41
E0001854,A000949,R02,ai_score_viewed,2026-05-13 08:05
E0001855,A000950,R08,profile_opened,2026-04-28 00:13
E0001856,A000950,R07,ai_score_viewed,2026-04-28 01:08
E0001857,A000951,R01,profile_opened,2025-12-12 13:17
E0001858,A000951,R04,shortlisted,2025-12-12 16:14
E0001859,A000952,R02,profile_opened,2026-01-03 04:34
E0001860,A000952,R09,ai_score_viewed,2026-01-03 05:09
E0001861,A000952,R01,shortlisted,2026-01-03 10:18
E0001862,A000953,R05,profile_opened,2026-03-26 22:16
E0001863,A000954,R12,profile_opened,2026-04-30 14:27
E0001864,A000954,R01,shortlisted,2026-04-30 15:49
E0001865,A000955,R01,profile_opened,2025-09-29 16:12
E0001866,A000955,R05,ai_score_viewed,2025-09-29 16:54
E0001867,A000956,R07,profile_opened,2025-10-05 16:12
E0001868,A000956,R09,ai_score_viewed,2025-10-05 17:10
E0001869,A000957,R08,profile_opened,2026-06-10 21:46
E0001870,A000957,R01,ai_score_viewed,2026-06-10 22:41
E0001871,A000957,R07,shortlisted,2026-06-11 07:11
E0001872,A000958,R08,ai_score_viewed,2025-12-22 01:06
E0001873,A000959,R05,profile_opened,2026-01-04 15:29
E0001874,A000959,R07,ai_score_viewed,2026-01-04 15:48
E0001875,A000960,R04,profile_opened,2025-10-02 08:32
E0001876,A000960,R02,ai_score_viewed,2025-10-02 08:42
E0001877,A000961,R10,profile_opened,2025-11-27 14:48
E0001878,A000961,R08,ai_score_viewed,2025-11-27 15:02
E0001879,A000962,R11,profile_opened,2025-11-08 09:02
E0001880,A000962,R01,ai_score_viewed,2025-11-08 09:42
E0001881,A000962,R12,shortlisted,2025-11-08 10:59
E0001882,A000963,R08,profile_opened,2025-11-04 22:50
E0001883,A000963,R03,ai_score_viewed,2025-11-04 22:54
E0001884,A000964,R11,profile_opened,2026-05-25 22:28
E0001885,A000964,R02,ai_score_viewed,2026-05-25 23:10
E0001886,A000964,R05,shortlisted,2026-05-26 02:22
E0001887,A000965,R02,profile_opened,2026-07-25 18:37
E0001888,A000966,R08,profile_opened,2025-11-27 15:55
E0001889,A000966,R04,ai_score_viewed,2025-11-27 15:58
E0001890,A000967,R05,profile_opened,2026-04-18 00:18
E0001891,A000967,R12,shortlisted,2026-04-18 10:16
E0001892,A000968,R05,profile_opened,2025-10-31 23:13
E0001893,A000968,R08,ai_score_viewed,2025-10-31 23:53
E0001894,A000969,R01,profile_opened,2025-09-18 13:23
E0001895,A000969,R12,ai_score_viewed,2025-09-18 14:04
E0001896,A000970,R04,profile_opened,2026-06-22 06:02
E0001897,A000970,R01,ai_score_viewed,2026-06-22 07:01
E0001898,A000971,R03,profile_opened,2025-11-30 22:12
E0001899,A000971,R04,ai_score_viewed,2025-11-30 22:16
E0001900,A000972,R05,profile_opened,2026-06-20 12:54
E0001901,A000972,R10,ai_score_viewed,2026-06-20 13:31
E0001902,A000972,R09,shortlisted,2026-06-20 21:14
E0001903,A000973,R03,profile_opened,2026-05-27 19:20
E0001904,A000973,R10,ai_score_viewed,2026-05-27 20:15
E0001905,A000974,R06,profile_opened,2026-02-12 04:36
E0001906,A000975,R04,profile_opened,2026-01-05 04:39
E0001907,A000975,R09,shortlisted,2026-01-05 12:29
E0001908,A000976,R11,profile_opened,2025-09-03 04:35
E0001909,A000976,R10,ai_score_viewed,2025-09-03 05:00
E0001910,A000976,R03,shortlisted,2025-09-03 06:54
E0001911,A000977,R09,profile_opened,2026-04-07 14:12
E0001912,A000977,R10,ai_score_viewed,2026-04-07 15:04
E0001913,A000977,R07,shortlisted,2026-04-07 22:50
E0001914,A000978,R01,profile_opened,2026-02-01 06:04
E0001915,A000978,R06,shortlisted,2026-02-01 09:30
E0001916,A000979,R04,profile_opened,2026-01-14 16:54
E0001917,A000979,R12,ai_score_viewed,2026-01-14 17:36
E0001918,A000980,R03,profile_opened,2025-10-18 04:20
E0001919,A000981,R12,profile_opened,2025-12-09 13:29
E0001920,A000981,R03,ai_score_viewed,2025-12-09 13:46
E0001921,A000981,R04,shortlisted,2025-12-09 18:02
E0001922,A000982,R05,profile_opened,2026-01-20 15:50
E0001923,A000982,R03,shortlisted,2026-01-20 23:23
E0001924,A000983,R03,profile_opened,2026-02-23 02:57
E0001925,A000984,R07,shortlisted,2026-03-21 12:46
E0001926,A000985,R08,profile_opened,2026-03-17 06:16
E0001927,A000985,R11,ai_score_viewed,2026-03-17 06:25
E0001928,A000985,R09,shortlisted,2026-03-17 10:47
E0001929,A000986,R05,profile_opened,2026-01-01 20:04
E0001930,A000986,R07,ai_score_viewed,2026-01-01 20:57
E0001931,A000986,R03,shortlisted,2026-01-01 22:54
E0001932,A000987,R12,profile_opened,2025-12-05 23:35
E0001933,A000987,R12,ai_score_viewed,2025-12-05 23:50
E0001934,A000987,R11,shortlisted,2025-12-06 00:49
E0001935,A000988,R10,profile_opened,2026-04-15 19:04
E0001936,A000989,R06,profile_opened,2026-06-28 08:42
E0001937,A000990,R02,profile_opened,2026-02-21 21:28
E0001938,A000990,R11,ai_score_viewed,2026-02-21 22:06
E0001939,A000991,R02,profile_opened,2026-05-03 22:34
E0001940,A000992,R07,profile_opened,2026-06-14 16:41
E0001941,A000992,R06,ai_score_viewed,2026-06-14 17:00
E0001942,A000992,R10,shortlisted,2026-06-15 00:29
E0001943,A000993,R10,profile_opened,2025-11-14 07:38
E0001944,A000993,R08,ai_score_viewed,2025-11-14 07:48
E0001945,A000993,R10,shortlisted,2025-11-14 15:53
E0001946,A000994,R07,profile_opened,2026-04-24 17:59
E0001947,A000995,R01,profile_opened,2026-07-08 13:22
E0001948,A000995,R02,ai_score_viewed,2026-07-08 14:15
E0001949,A000995,R01,shortlisted,2026-07-08 21:38
E0001950,A000996,R01,profile_opened,2026-02-10 01:30
E0001951,A000996,R10,ai_score_viewed,2026-02-10 01:35
E0001952,A000997,R03,profile_opened,2026-04-09 04:32
E0001953,A000997,R10,ai_score_viewed,2026-04-09 04:38
E0001954,A000997,R03,shortlisted,2026-04-09 08:26
E0001955,A000998,R04,shortlisted,2025-11-01 20:30
E0001956,A000999,R06,profile_opened,2025-09-28 06:33
E0001957,A000999,R11,ai_score_viewed,2025-09-28 06:54
E0001958,A001000,R09,profile_opened,2025-09-27 21:25
E0001959,A001000,R07,shortlisted,2025-09-28 00:29
E0001960,A001001,R11,profile_opened,2026-01-02 13:15
E0001961,A001001,R04,shortlisted,2026-01-02 22:12
E0001962,A001002,R08,profile_opened,2026-05-31 21:28
E0001963,A001002,R12,shortlisted,2026-05-31 22:29
E0001964,A001003,R07,shortlisted,2026-06-23 22:05
E0001965,A001004,R04,ai_score_viewed,2026-05-19 04:43
E0001966,A001005,R10,profile_opened,2025-11-03 11:11
E0001967,A001005,R11,ai_score_viewed,2025-11-03 12:09
E0001968,A001006,R05,profile_opened,2025-12-15 01:39
E0001969,A001006,R02,ai_score_viewed,2025-12-15 01:45
E0001970,A001006,R10,shortlisted,2025-12-15 07:40
E0001971,A001007,R06,ai_score_viewed,2026-06-21 16:41
E0001972,A001008,R10,profile_opened,2026-06-14 05:00
E0001973,A001008,R06,ai_score_viewed,2026-06-14 05:31
E0001974,A001008,R08,shortlisted,2026-06-14 08:29
E0001975,A001009,R08,profile_opened,2025-12-16 19:27
E0001976,A001009,R09,ai_score_viewed,2025-12-16 19:33
E0001977,A001010,R11,profile_opened,2026-07-25 02:38
E0001978,A001010,R12,ai_score_viewed,2026-07-25 02:56
E0001979,A001011,R06,profile_opened,2026-07-15 03:07
E0001980,A001011,R05,ai_score_viewed,2026-07-15 04:00
E0001981,A001011,R07,shortlisted,2026-07-15 07:19
E0001982,A001012,R04,profile_opened,2025-12-30 14:26
E0001983,A001012,R12,shortlisted,2025-12-30 18:57
E0001984,A001013,R09,ai_score_viewed,2025-12-02 22:54
E0001985,A001014,R06,profile_opened,2026-04-08 03:28
E0001986,A001014,R09,ai_score_viewed,2026-04-08 04:17
E0001987,A001015,R07,profile_opened,2026-03-02 04:24
E0001988,A001015,R09,ai_score_viewed,2026-03-02 04:54
E0001989,A001015,R09,shortlisted,2026-03-02 10:22
E0001990,A001016,R08,profile_opened,2026-02-24 20:40
E0001991,A001016,R02,ai_score_viewed,2026-02-24 21:20
E0001992,A001017,R10,profile_opened,2026-06-21 11:45
E0001993,A001017,R07,ai_score_viewed,2026-06-21 12:05
E0001994,A001017,R08,shortlisted,2026-06-21 20:30
E0001995,A001018,R05,profile_opened,2026-01-15 02:31
E0001996,A001018,R04,ai_score_viewed,2026-01-15 03:18
E0001997,A001018,R12,shortlisted,2026-01-15 06:32
E0001998,A001019,R04,profile_opened,2026-06-15 06:57
E0001999,A001020,R08,profile_opened,2025-09-08 21:12
E0002000,A001020,R10,ai_score_viewed,2025-09-08 21:15
E0002001,A001021,R05,profile_opened,2026-06-28 22:35
E0002002,A001021,R08,shortlisted,2026-06-29 00:49
E0002003,A001022,R06,profile_opened,2026-03-13 23:24
E0002004,A001022,R03,shortlisted,2026-03-14 06:07
E0002005,A001023,R06,profile_opened,2026-02-20 01:02
E0002006,A001023,R04,ai_score_viewed,2026-02-20 01:10
E0002007,A001024,R09,profile_opened,2026-05-28 10:44
E0002008,A001025,R09,profile_opened,2026-04-06 07:38
E0002009,A001025,R07,ai_score_viewed,2026-04-06 08:09
E0002010,A001026,R09,profile_opened,2026-03-21 01:20
E0002011,A001027,R01,profile_opened,2026-06-15 12:27
E0002012,A001027,R08,ai_score_viewed,2026-06-15 12:54
E0002013,A001028,R02,profile_opened,2026-02-19 15:38
E0002014,A001028,R05,ai_score_viewed,2026-02-19 16:06
E0002015,A001029,R07,profile_opened,2025-11-08 06:52
E0002016,A001030,R05,profile_opened,2026-02-14 14:40
E0002017,A001030,R02,ai_score_viewed,2026-02-14 15:27
E0002018,A001031,R04,ai_score_viewed,2026-03-19 21:48
E0002019,A001032,R05,ai_score_viewed,2025-10-24 19:07
E0002020,A001032,R06,shortlisted,2025-10-24 23:20
E0002021,A001033,R08,profile_opened,2025-09-07 05:33
E0002022,A001033,R04,ai_score_viewed,2025-09-07 06:30
E0002023,A001033,R09,shortlisted,2025-09-07 15:22
E0002024,A001034,R12,profile_opened,2025-11-03 05:58
E0002025,A001034,R08,ai_score_viewed,2025-11-03 06:18
E0002026,A001034,R06,shortlisted,2025-11-03 09:16
E0002027,A001035,R03,profile_opened,2026-02-12 16:28
E0002028,A001035,R05,ai_score_viewed,2026-02-12 17:12
E0002029,A001036,R08,profile_opened,2025-11-19 11:42
E0002030,A001036,R05,ai_score_viewed,2025-11-19 12:36
E0002031,A001037,R10,profile_opened,2025-12-01 03:38
E0002032,A001037,R05,ai_score_viewed,2025-12-01 04:24
E0002033,A001038,R01,profile_opened,2026-04-27 06:05
E0002034,A001038,R07,ai_score_viewed,2026-04-27 06:29
E0002035,A001038,R08,shortlisted,2026-04-27 08:03
E0002036,A001039,R06,profile_opened,2026-03-11 08:22
E0002037,A001039,R09,ai_score_viewed,2026-03-11 09:14
E0002038,A001040,R04,profile_opened,2026-03-27 16:11
E0002039,A001040,R06,shortlisted,2026-03-28 01:35
E0002040,A001041,R05,profile_opened,2026-03-20 15:19
E0002041,A001041,R06,ai_score_viewed,2026-03-20 15:33
E0002042,A001041,R06,shortlisted,2026-03-20 19:53
E0002043,A001042,R04,profile_opened,2026-05-01 09:12
E0002044,A001042,R07,ai_score_viewed,2026-05-01 09:59
E0002045,A001043,R04,profile_opened,2025-11-27 01:20
E0002046,A001043,R12,ai_score_viewed,2025-11-27 01:31
E0002047,A001043,R01,shortlisted,2025-11-27 10:10
E0002048,A001044,R11,profile_opened,2025-11-11 18:16
E0002049,A001044,R05,ai_score_viewed,2025-11-11 18:20
E0002050,A001045,R05,profile_opened,2026-04-13 08:37
E0002051,A001045,R10,ai_score_viewed,2026-04-13 09:31
E0002052,A001046,R04,profile_opened,2025-11-03 20:23
E0002053,A001047,R10,profile_opened,2025-11-24 19:22
E0002054,A001047,R11,ai_score_viewed,2025-11-24 20:19
E0002055,A001048,R01,profile_opened,2025-11-26 23:15
E0002056,A001048,R08,ai_score_viewed,2025-11-26 23:35
E0002057,A001048,R03,shortlisted,2025-11-27 07:58
E0002058,A001049,R12,profile_opened,2026-05-29 23:35
E0002059,A001050,R10,profile_opened,2025-12-15 00:19
E0002060,A001050,R05,ai_score_viewed,2025-12-15 00:53
E0002061,A001051,R06,ai_score_viewed,2026-03-25 10:33
E0002062,A001053,R04,profile_opened,2025-10-17 08:13
E0002063,A001054,R01,profile_opened,2026-05-15 20:14
E0002064,A001054,R06,ai_score_viewed,2026-05-15 20:58
E0002065,A001054,R10,shortlisted,2026-05-16 02:42
E0002066,A001055,R10,profile_opened,2026-05-02 14:39
E0002067,A001056,R11,profile_opened,2025-09-08 10:29
E0002068,A001056,R07,ai_score_viewed,2025-09-08 11:27
E0002069,A001057,R09,profile_opened,2026-03-29 16:00
E0002070,A001058,R11,profile_opened,2026-06-22 23:03
E0002071,A001058,R08,ai_score_viewed,2026-06-22 23:23
E0002072,A001059,R09,profile_opened,2025-10-10 19:42
E0002073,A001059,R09,ai_score_viewed,2025-10-10 19:44
E0002074,A001059,R05,shortlisted,2025-10-10 21:21
E0002075,A001060,R01,profile_opened,2026-01-15 16:33
E0002076,A001061,R07,profile_opened,2026-01-15 08:06
E0002077,A001062,R06,profile_opened,2026-04-20 19:48
E0002078,A001062,R02,ai_score_viewed,2026-04-20 20:01
E0002079,A001062,R10,shortlisted,2026-04-21 05:00
E0002080,A001063,R04,profile_opened,2026-06-04 05:51
E0002081,A001063,R12,ai_score_viewed,2026-06-04 06:07
E0002082,A001064,R03,ai_score_viewed,2026-05-07 08:39
E0002083,A001064,R05,shortlisted,2026-05-07 09:25
E0002084,A001065,R05,profile_opened,2026-02-17 05:34
E0002085,A001065,R04,ai_score_viewed,2026-02-17 05:50
E0002086,A001066,R01,profile_opened,2026-03-02 23:48
E0002087,A001066,R09,shortlisted,2026-03-03 05:49
E0002088,A001067,R08,profile_opened,2026-07-18 08:27
E0002089,A001067,R10,ai_score_viewed,2026-07-18 08:54
E0002090,A001067,R08,shortlisted,2026-07-18 14:20
E0002091,A001068,R05,profile_opened,2026-02-27 14:15
E0002092,A001068,R11,ai_score_viewed,2026-02-27 14:48
E0002093,A001069,R04,profile_opened,2025-10-02 20:35
E0002094,A001070,R01,profile_opened,2025-10-15 14:45
E0002095,A001070,R04,ai_score_viewed,2025-10-15 15:15
E0002096,A001071,R03,profile_opened,2025-10-14 08:54
E0002097,A001071,R11,ai_score_viewed,2025-10-14 09:11
E0002098,A001072,R10,profile_opened,2026-04-28 16:51
E0002099,A001073,R12,profile_opened,2026-07-04 02:52
E0002100,A001073,R11,ai_score_viewed,2026-07-04 03:03
E0002101,A001073,R04,shortlisted,2026-07-04 09:47
E0002102,A001074,R09,ai_score_viewed,2025-12-03 17:02
E0002103,A001075,R08,profile_opened,2025-11-13 15:33
E0002104,A001075,R04,shortlisted,2025-11-13 23:22
E0002105,A001076,R08,profile_opened,2025-09-23 02:16
E0002106,A001076,R07,ai_score_viewed,2025-09-23 02:18
E0002107,A001076,R11,shortlisted,2025-09-23 06:16
E0002108,A001077,R04,profile_opened,2026-07-09 14:15
E0002109,A001077,R09,ai_score_viewed,2026-07-09 15:15
E0002110,A001077,R03,shortlisted,2026-07-09 18:56
E0002111,A001078,R11,profile_opened,2026-07-12 05:06
E0002112,A001078,R08,ai_score_viewed,2026-07-12 05:19
E0002113,A001078,R03,shortlisted,2026-07-12 07:42
E0002114,A001079,R01,ai_score_viewed,2025-10-30 07:15
E0002115,A001080,R06,profile_opened,2025-09-19 06:55
E0002116,A001081,R03,profile_opened,2025-10-08 14:25
E0002117,A001081,R06,shortlisted,2025-10-08 18:17
E0002118,A001082,R11,profile_opened,2025-11-08 14:51
E0002119,A001082,R10,ai_score_viewed,2025-11-08 15:11
E0002120,A001083,R10,profile_opened,2025-09-21 18:46
E0002121,A001083,R01,ai_score_viewed,2025-09-21 19:38
E0002122,A001083,R10,shortlisted,2025-09-22 01:18
E0002123,A001084,R11,profile_opened,2026-05-01 07:03
E0002124,A001084,R09,ai_score_viewed,2026-05-01 07:18
E0002125,A001084,R10,shortlisted,2026-05-01 11:37
E0002126,A001085,R05,profile_opened,2025-12-16 19:39
E0002127,A001086,R07,profile_opened,2025-09-04 02:21
E0002128,A001086,R09,ai_score_viewed,2025-09-04 02:39
E0002129,A001087,R11,profile_opened,2026-04-12 14:10
E0002130,A001088,R10,profile_opened,2026-06-03 08:26
E0002131,A001088,R05,ai_score_viewed,2026-06-03 08:27
E0002132,A001088,R08,shortlisted,2026-06-03 16:39
E0002133,A001089,R01,profile_opened,2025-11-18 17:27
E0002134,A001089,R07,ai_score_viewed,2025-11-18 17:51
E0002135,A001089,R12,shortlisted,2025-11-19 01:01
E0002136,A001090,R08,ai_score_viewed,2025-11-29 21:10
E0002137,A001090,R09,shortlisted,2025-11-30 05:08
E0002138,A001091,R08,profile_opened,2025-12-14 06:57
E0002139,A001091,R04,ai_score_viewed,2025-12-14 07:57
E0002140,A001091,R05,shortlisted,2025-12-14 14:23
E0002141,A001092,R07,profile_opened,2026-06-07 22:02
E0002142,A001092,R07,ai_score_viewed,2026-06-07 22:36
E0002143,A001092,R02,shortlisted,2026-06-08 02:02
E0002144,A001093,R06,profile_opened,2026-07-02 12:52
E0002145,A001093,R11,ai_score_viewed,2026-07-02 13:46
E0002146,A001094,R11,profile_opened,2025-10-10 03:41
E0002147,A001094,R05,ai_score_viewed,2025-10-10 03:46
E0002148,A001095,R06,profile_opened,2025-11-09 18:10
E0002149,A001096,R10,profile_opened,2026-04-18 12:24
E0002150,A001096,R09,ai_score_viewed,2026-04-18 13:23
E0002151,A001096,R02,shortlisted,2026-04-18 22:08
E0002152,A001097,R10,profile_opened,2026-02-19 05:53
E0002153,A001098,R01,profile_opened,2025-10-02 08:25
E0002154,A001098,R12,ai_score_viewed,2025-10-02 09:15
E0002155,A001098,R05,shortlisted,2025-10-02 09:47
E0002156,A001099,R11,profile_opened,2026-07-28 18:08
E0002157,A001099,R05,ai_score_viewed,2026-07-28 18:58
E0002158,A001099,R07,shortlisted,2026-07-28 23:37
E0002159,A001100,R07,profile_opened,2025-11-06 13:06
E0002160,A001101,R06,profile_opened,2026-03-14 11:03
E0002161,A001101,R01,ai_score_viewed,2026-03-14 12:02
E0002162,A001102,R08,profile_opened,2025-10-24 12:51
E0002163,A001103,R04,profile_opened,2025-11-11 21:19
E0002164,A001104,R02,profile_opened,2026-05-13 06:29
E0002165,A001105,R09,profile_opened,2025-10-03 10:14
E0002166,A001105,R10,ai_score_viewed,2025-10-03 11:04
E0002167,A001106,R07,profile_opened,2026-01-24 14:20
E0002168,A001107,R01,profile_opened,2025-11-07 17:08
E0002169,A001107,R06,shortlisted,2025-11-08 00:11
E0002170,A001108,R07,profile_opened,2026-06-21 19:22
E0002171,A001108,R08,ai_score_viewed,2026-06-21 20:18
E0002172,A001108,R06,shortlisted,2026-06-22 01:02
E0002173,A001109,R10,profile_opened,2026-07-26 03:42
E0002174,A001109,R09,ai_score_viewed,2026-07-26 04:18
E0002175,A001109,R10,shortlisted,2026-07-26 12:45
E0002176,A001110,R06,profile_opened,2025-11-26 16:57
E0002177,A001111,R07,profile_opened,2025-10-31 14:49
E0002178,A001111,R12,ai_score_viewed,2025-10-31 15:41
E0002179,A001112,R07,profile_opened,2025-09-03 01:24
E0002180,A001113,R12,profile_opened,2026-03-24 22:36
E0002181,A001113,R01,ai_score_viewed,2026-03-24 23:07
E0002182,A001114,R09,profile_opened,2026-06-07 21:53
E0002183,A001114,R09,shortlisted,2026-06-08 05:48
E0002184,A001115,R09,profile_opened,2026-03-25 05:15
E0002185,A001115,R03,shortlisted,2026-03-25 12:42
E0002186,A001116,R02,profile_opened,2026-07-27 23:24
E0002187,A001117,R12,profile_opened,2025-12-06 05:42
E0002188,A001117,R05,shortlisted,2025-12-06 14:40
E0002189,A001118,R09,profile_opened,2026-07-21 15:05
E0002190,A001118,R06,shortlisted,2026-07-21 23:38
E0002191,A001119,R03,profile_opened,2026-07-13 13:15
E0002192,A001119,R03,ai_score_viewed,2026-07-13 14:10
E0002193,A001120,R04,profile_opened,2025-11-27 02:09
E0002194,A001121,R06,profile_opened,2025-09-19 00:58
E0002195,A001121,R12,ai_score_viewed,2025-09-19 01:55
E0002196,A001121,R10,shortlisted,2025-09-19 10:03
E0002197,A001123,R01,profile_opened,2026-05-21 20:36
E0002198,A001123,R02,ai_score_viewed,2026-05-21 21:03
E0002199,A001124,R10,profile_opened,2026-07-18 05:56
E0002200,A001124,R03,ai_score_viewed,2026-07-18 06:18
E0002201,A001125,R12,profile_opened,2025-12-15 21:58
E0002202,A001125,R06,shortlisted,2025-12-16 00:18
E0002203,A001126,R10,ai_score_viewed,2025-11-19 11:44
E0002204,A001127,R11,ai_score_viewed,2025-12-30 02:20
E0002205,A001127,R08,shortlisted,2025-12-30 11:19
E0002206,A001128,R01,profile_opened,2026-02-26 08:45
E0002207,A001128,R09,shortlisted,2026-02-26 12:48
E0002208,A001129,R08,profile_opened,2026-02-10 07:56
E0002209,A001129,R02,ai_score_viewed,2026-02-10 08:19
E0002210,A001130,R03,profile_opened,2026-07-16 21:40
E0002211,A001130,R05,shortlisted,2026-07-17 03:07
E0002212,A001131,R10,profile_opened,2026-02-27 15:07
E0002213,A001132,R10,profile_opened,2026-07-01 13:34
E0002214,A001133,R01,profile_opened,2026-05-28 02:44
E0002215,A001133,R07,ai_score_viewed,2026-05-28 03:38
E0002216,A001133,R08,shortlisted,2026-05-28 06:44
E0002217,A001134,R08,profile_opened,2025-12-01 22:41
E0002218,A001134,R04,ai_score_viewed,2025-12-01 23:10
E0002219,A001135,R02,profile_opened,2025-10-13 02:11
E0002220,A001136,R12,profile_opened,2025-11-03 10:55
E0002221,A001136,R09,ai_score_viewed,2025-11-03 11:46
E0002222,A001137,R11,profile_opened,2026-04-19 15:07
E0002223,A001137,R03,shortlisted,2026-04-19 19:34
E0002224,A001138,R04,profile_opened,2026-05-27 19:29
E0002225,A001138,R07,ai_score_viewed,2026-05-27 20:28
E0002226,A001138,R11,shortlisted,2026-05-28 04:05
E0002227,A001139,R12,profile_opened,2026-07-06 20:04
E0002228,A001139,R07,ai_score_viewed,2026-07-06 21:04
E0002229,A001140,R03,profile_opened,2025-12-31 09:45
E0002230,A001140,R06,ai_score_viewed,2025-12-31 09:55
E0002231,A001141,R11,profile_opened,2026-03-29 04:07
E0002232,A001141,R10,ai_score_viewed,2026-03-29 04:21
E0002233,A001142,R04,profile_opened,2026-05-27 03:37
E0002234,A001142,R10,ai_score_viewed,2026-05-27 04:05
E0002235,A001142,R09,shortlisted,2026-05-27 04:37
E0002236,A001143,R02,profile_opened,2025-09-26 20:53
E0002237,A001143,R09,ai_score_viewed,2025-09-26 21:23
E0002238,A001144,R08,profile_opened,2025-11-07 01:53
E0002239,A001144,R07,ai_score_viewed,2025-11-07 02:01
E0002240,A001145,R12,profile_opened,2026-05-20 02:34
E0002241,A001145,R06,ai_score_viewed,2026-05-20 02:41
E0002242,A001146,R07,profile_opened,2025-11-18 19:37
E0002243,A001146,R06,ai_score_viewed,2025-11-18 19:47
E0002244,A001147,R12,profile_opened,2026-01-25 06:06
E0002245,A001148,R02,profile_opened,2025-10-31 06:19
E0002246,A001148,R08,shortlisted,2025-10-31 08:51
E0002247,A001149,R07,ai_score_viewed,2026-02-20 21:26
E0002248,A001149,R03,shortlisted,2026-02-21 04:57
E0002249,A001150,R03,profile_opened,2025-10-28 22:49
E0002250,A001150,R11,ai_score_viewed,2025-10-28 23:42
E0002251,A001151,R01,profile_opened,2026-02-28 07:25
E0002252,A001152,R04,profile_opened,2025-10-29 23:00
E0002253,A001152,R08,ai_score_viewed,2025-10-29 23:09
E0002254,A001153,R11,profile_opened,2025-12-14 16:57
E0002255,A001154,R02,profile_opened,2026-02-01 08:48
E0002256,A001155,R10,profile_opened,2026-02-21 14:40
E0002257,A001156,R03,profile_opened,2025-09-04 22:14
E0002258,A001157,R11,profile_opened,2026-05-28 19:47
E0002259,A001157,R05,ai_score_viewed,2026-05-28 20:10
E0002260,A001158,R02,profile_opened,2026-03-27 11:12
E0002261,A001158,R08,ai_score_viewed,2026-03-27 12:09
E0002262,A001159,R06,profile_opened,2026-06-16 07:59
E0002263,A001159,R06,ai_score_viewed,2026-06-16 08:35
E0002264,A001159,R12,shortlisted,2026-06-16 09:00
E0002265,A001160,R08,profile_opened,2025-11-06 00:55
E0002266,A001160,R02,ai_score_viewed,2025-11-06 01:27
E0002267,A001161,R05,profile_opened,2025-09-08 23:22
E0002268,A001162,R08,profile_opened,2026-02-19 16:31
E0002269,A001162,R01,ai_score_viewed,2026-02-19 17:11
E0002270,A001163,R07,profile_opened,2026-03-04 00:53
E0002271,A001163,R06,ai_score_viewed,2026-03-04 01:22
E0002272,A001164,R02,profile_opened,2025-11-15 10:21
E0002273,A001165,R09,profile_opened,2026-03-07 10:14
E0002274,A001166,R09,profile_opened,2025-12-08 16:39
E0002275,A001167,R06,profile_opened,2026-07-16 03:18
E0002276,A001168,R11,profile_opened,2026-04-17 17:25
E0002277,A001168,R01,ai_score_viewed,2026-04-17 18:09
E0002278,A001169,R09,profile_opened,2025-10-04 12:16
E0002279,A001169,R11,ai_score_viewed,2025-10-04 13:05
E0002280,A001169,R06,shortlisted,2025-10-04 18:26
E0002281,A001170,R02,profile_opened,2025-09-12 22:35
E0002282,A001172,R12,profile_opened,2025-12-16 12:48
E0002283,A001172,R02,shortlisted,2025-12-16 19:46
E0002284,A001173,R04,profile_opened,2026-06-08 00:20
E0002285,A001173,R05,ai_score_viewed,2026-06-08 00:28
E0002286,A001174,R02,profile_opened,2026-07-04 05:39
E0002287,A001174,R11,ai_score_viewed,2026-07-04 06:26
E0002288,A001175,R03,profile_opened,2025-10-29 11:08
E0002289,A001175,R02,ai_score_viewed,2025-10-29 12:06
E0002290,A001176,R11,profile_opened,2026-07-26 10:42
E0002291,A001176,R11,ai_score_viewed,2026-07-26 11:00
E0002292,A001177,R05,profile_opened,2026-05-19 13:27
E0002293,A001177,R12,shortlisted,2026-05-19 15:44
E0002294,A001178,R11,profile_opened,2025-10-14 17:21
E0002295,A001178,R03,ai_score_viewed,2025-10-14 18:02
E0002296,A001178,R10,shortlisted,2025-10-15 02:56
E0002297,A001179,R06,profile_opened,2025-10-31 07:37
E0002298,A001179,R10,ai_score_viewed,2025-10-31 08:22
E0002299,A001179,R01,shortlisted,2025-10-31 12:05
E0002300,A001180,R02,profile_opened,2026-06-14 03:42
E0002301,A001180,R05,ai_score_viewed,2026-06-14 04:40
E0002302,A001182,R05,profile_opened,2026-03-29 22:01
E0002303,A001182,R07,ai_score_viewed,2026-03-29 22:09
E0002304,A001182,R05,shortlisted,2026-03-30 02:39
E0002305,A001183,R12,profile_opened,2025-10-24 13:18
E0002306,A001183,R06,ai_score_viewed,2025-10-24 13:28
E0002307,A001183,R10,shortlisted,2025-10-24 18:24
E0002308,A001184,R09,profile_opened,2026-05-11 07:55
E0002309,A001184,R03,ai_score_viewed,2026-05-11 08:51
E0002310,A001184,R07,shortlisted,2026-05-11 09:34
E0002311,A001185,R12,profile_opened,2026-05-27 18:18
E0002312,A001185,R06,shortlisted,2026-05-27 21:00
E0002313,A001186,R11,profile_opened,2026-03-22 18:31
E0002314,A001187,R04,profile_opened,2025-10-22 10:09
E0002315,A001188,R07,profile_opened,2025-10-24 01:22
E0002316,A001188,R12,ai_score_viewed,2025-10-24 02:04
E0002317,A001189,R11,profile_opened,2025-10-21 16:08
E0002318,A001189,R01,ai_score_viewed,2025-10-21 17:01
E0002319,A001189,R09,shortlisted,2025-10-21 23:24
E0002320,A001190,R06,profile_opened,2026-06-29 14:19
E0002321,A001192,R05,profile_opened,2026-05-27 03:14
E0002322,A001193,R09,profile_opened,2026-03-25 12:59
E0002323,A001193,R03,shortlisted,2026-03-25 21:41
E0002324,A001194,R04,profile_opened,2025-10-07 09:29
E0002325,A001194,R07,ai_score_viewed,2025-10-07 09:49
E0002326,A001194,R12,shortlisted,2025-10-07 14:19
E0002327,A001195,R04,profile_opened,2025-11-21 00:41
E0002328,A001196,R07,profile_opened,2025-11-05 11:26
E0002329,A001196,R07,ai_score_viewed,2025-11-05 11:39
E0002330,A001197,R12,shortlisted,2025-12-19 20:43
E0002331,A001198,R09,profile_opened,2026-04-15 19:57
E0002332,A001198,R03,shortlisted,2026-04-16 04:23
E0002333,A001199,R11,profile_opened,2025-12-16 06:36
E0002334,A001199,R01,ai_score_viewed,2025-12-16 07:04
E0002335,A001200,R02,profile_opened,2026-06-27 16:07
E0002336,A001201,R08,profile_opened,2026-06-21 22:26
E0002337,A001201,R05,ai_score_viewed,2026-06-21 22:45
E0002338,A001202,R07,profile_opened,2025-12-30 07:06
E0002339,A001202,R09,ai_score_viewed,2025-12-30 07:52
E0002340,A001203,R01,profile_opened,2026-01-19 05:26
E0002341,A001203,R12,ai_score_viewed,2026-01-19 06:00
E0002342,A001203,R01,shortlisted,2026-01-19 12:02
E0002343,A001204,R12,profile_opened,2025-11-02 01:24
E0002344,A001204,R10,ai_score_viewed,2025-11-02 01:25
E0002345,A001205,R07,profile_opened,2025-09-07 18:39
E0002346,A001205,R03,ai_score_viewed,2025-09-07 18:46
E0002347,A001205,R09,shortlisted,2025-09-07 21:07
E0002348,A001206,R09,profile_opened,2026-04-06 08:12
E0002349,A001207,R10,profile_opened,2026-07-16 04:03
E0002350,A001207,R08,shortlisted,2026-07-16 11:57
E0002351,A001208,R03,profile_opened,2026-04-25 07:14
E0002352,A001208,R07,ai_score_viewed,2026-04-25 07:31
E0002353,A001209,R07,profile_opened,2026-01-05 02:26
E0002354,A001209,R11,shortlisted,2026-01-05 09:50
E0002355,A001210,R12,profile_opened,2025-12-28 03:57
E0002356,A001210,R07,ai_score_viewed,2025-12-28 04:12
E0002357,A001211,R12,profile_opened,2025-09-10 12:36
E0002358,A001212,R03,profile_opened,2026-06-24 00:00
E0002359,A001212,R03,ai_score_viewed,2026-06-24 00:39
E0002360,A001213,R06,profile_opened,2026-02-24 12:12
E0002361,A001213,R09,ai_score_viewed,2026-02-24 12:29
E0002362,A001214,R06,profile_opened,2025-10-12 18:36
E0002363,A001215,R06,profile_opened,2026-02-11 08:25
E0002364,A001215,R02,ai_score_viewed,2026-02-11 08:31
E0002365,A001215,R09,shortlisted,2026-02-11 12:44
E0002366,A001216,R11,profile_opened,2026-06-02 09:02
E0002367,A001216,R08,ai_score_viewed,2026-06-02 09:11
E0002368,A001216,R01,shortlisted,2026-06-02 18:30
E0002369,A001217,R01,ai_score_viewed,2026-03-20 23:49
E0002370,A001217,R12,shortlisted,2026-03-21 08:19
E0002371,A001218,R02,profile_opened,2026-04-11 04:42
E0002372,A001219,R07,profile_opened,2026-05-28 00:55
E0002373,A001219,R01,ai_score_viewed,2026-05-28 01:46
E0002374,A001219,R04,shortlisted,2026-05-28 10:34
E0002375,A001220,R12,profile_opened,2026-03-29 13:28
E0002376,A001220,R08,ai_score_viewed,2026-03-29 14:10
E0002377,A001221,R08,profile_opened,2026-02-26 03:08
E0002378,A001221,R08,ai_score_viewed,2026-02-26 03:53
E0002379,A001221,R12,shortlisted,2026-02-26 10:01
E0002380,A001222,R09,profile_opened,2026-03-09 18:56
E0002381,A001222,R02,ai_score_viewed,2026-03-09 19:52
E0002382,A001223,R03,profile_opened,2026-04-22 04:20
E0002383,A001223,R04,ai_score_viewed,2026-04-22 04:52
E0002384,A001223,R02,shortlisted,2026-04-22 08:47
E0002385,A001224,R03,profile_opened,2025-10-18 03:39
E0002386,A001225,R01,profile_opened,2025-09-16 02:44
E0002387,A001225,R01,ai_score_viewed,2025-09-16 02:57
E0002388,A001225,R02,shortlisted,2025-09-16 11:49
E0002389,A001226,R05,profile_opened,2026-03-20 16:24
E0002390,A001226,R12,ai_score_viewed,2026-03-20 16:55
E0002391,A001227,R02,profile_opened,2025-11-19 16:19
E0002392,A001227,R07,ai_score_viewed,2025-11-19 17:01
E0002393,A001227,R10,shortlisted,2025-11-19 22:18
E0002394,A001228,R12,profile_opened,2025-12-05 19:21
E0002395,A001228,R04,ai_score_viewed,2025-12-05 19:22
E0002396,A001228,R07,shortlisted,2025-12-06 00:44
E0002397,A001229,R10,profile_opened,2026-03-19 01:41
E0002398,A001229,R02,ai_score_viewed,2026-03-19 01:44
E0002399,A001230,R08,profile_opened,2026-05-03 03:35
E0002400,A001231,R10,profile_opened,2025-09-03 06:17
E0002401,A001232,R06,profile_opened,2026-03-30 22:50
E0002402,A001233,R04,profile_opened,2026-07-17 18:55
E0002403,A001233,R01,ai_score_viewed,2026-07-17 18:56
E0002404,A001233,R11,shortlisted,2026-07-18 00:37
E0002405,A001234,R06,ai_score_viewed,2025-11-22 02:47
E0002406,A001235,R12,profile_opened,2026-02-10 22:36
E0002407,A001235,R08,ai_score_viewed,2026-02-10 23:29
E0002408,A001236,R03,profile_opened,2026-02-20 03:44
E0002409,A001236,R07,ai_score_viewed,2026-02-20 04:20
E0002410,A001236,R05,shortlisted,2026-02-20 11:07
E0002411,A001237,R11,profile_opened,2025-11-19 22:47
E0002412,A001237,R09,ai_score_viewed,2025-11-19 23:24
E0002413,A001237,R02,shortlisted,2025-11-20 03:12
E0002414,A001238,R02,ai_score_viewed,2025-10-31 12:04
E0002415,A001238,R07,shortlisted,2025-10-31 20:41
E0002416,A001239,R02,profile_opened,2025-10-24 22:38
E0002417,A001239,R09,ai_score_viewed,2025-10-24 23:08
E0002418,A001240,R08,ai_score_viewed,2025-10-08 13:36
E0002419,A001241,R06,profile_opened,2025-10-02 11:30
E0002420,A001241,R06,ai_score_viewed,2025-10-02 11:51
E0002421,A001242,R02,profile_opened,2026-07-24 06:17
E0002422,A001242,R04,ai_score_viewed,2026-07-24 06:33
E0002423,A001242,R06,shortlisted,2026-07-24 08:01
E0002424,A001243,R12,profile_opened,2025-10-04 07:11
E0002425,A001243,R12,ai_score_viewed,2025-10-04 07:34
E0002426,A001243,R03,shortlisted,2025-10-04 15:40
E0002427,A001244,R02,profile_opened,2026-07-24 23:31
E0002428,A001244,R03,shortlisted,2026-07-25 01:37
E0002429,A001245,R01,profile_opened,2025-09-16 14:07
E0002430,A001245,R09,ai_score_viewed,2025-09-16 14:14
E0002431,A001245,R09,shortlisted,2025-09-16 18:19
E0002432,A001246,R09,profile_opened,2026-07-19 15:53
E0002433,A001246,R07,ai_score_viewed,2026-07-19 16:27
E0002434,A001246,R09,shortlisted,2026-07-20 01:06
E0002435,A001247,R02,profile_opened,2025-10-27 23:42
E0002436,A001247,R04,ai_score_viewed,2025-10-27 23:50
E0002437,A001247,R02,shortlisted,2025-10-28 05:44
E0002438,A001248,R03,profile_opened,2026-04-05 10:03
E0002439,A001248,R11,ai_score_viewed,2026-04-05 10:44
E0002440,A001249,R12,profile_opened,2025-11-19 20:27
E0002441,A001250,R02,profile_opened,2026-05-07 03:23
E0002442,A001250,R10,ai_score_viewed,2026-05-07 03:50
E0002443,A001251,R09,profile_opened,2026-03-11 00:40
E0002444,A001251,R06,shortlisted,2026-03-11 02:59
E0002445,A001252,R03,profile_opened,2026-06-27 05:45
E0002446,A001252,R01,ai_score_viewed,2026-06-27 05:49
E0002447,A001253,R04,profile_opened,2025-11-06 19:58
E0002448,A001253,R04,ai_score_viewed,2025-11-06 20:13
E0002449,A001254,R07,profile_opened,2026-05-16 12:03
E0002450,A001255,R02,profile_opened,2026-04-18 10:35
E0002451,A001255,R10,shortlisted,2026-04-18 20:33
E0002452,A001256,R07,profile_opened,2025-09-12 04:20
E0002453,A001257,R09,profile_opened,2026-07-01 07:07
E0002454,A001257,R08,ai_score_viewed,2026-07-01 07:30
E0002455,A001258,R11,profile_opened,2025-10-21 04:12
E0002456,A001258,R04,ai_score_viewed,2025-10-21 04:49
E0002457,A001258,R09,shortlisted,2025-10-21 10:33
E0002458,A001259,R07,profile_opened,2026-07-17 13:00
E0002459,A001259,R10,ai_score_viewed,2026-07-17 13:08
E0002460,A001260,R07,profile_opened,2026-02-09 13:14
E0002461,A001260,R11,ai_score_viewed,2026-02-09 13:36
E0002462,A001261,R11,profile_opened,2025-09-19 04:24
E0002463,A001261,R12,ai_score_viewed,2025-09-19 05:03
E0002464,A001261,R01,shortlisted,2025-09-19 11:16
E0002465,A001262,R04,profile_opened,2025-11-18 17:57
E0002466,A001262,R12,ai_score_viewed,2025-11-18 18:26
E0002467,A001263,R03,profile_opened,2025-09-24 00:54
E0002468,A001263,R06,shortlisted,2025-09-24 04:19
E0002469,A001264,R07,profile_opened,2025-10-14 13:45
E0002470,A001264,R02,ai_score_viewed,2025-10-14 14:22
E0002471,A001265,R02,profile_opened,2026-06-13 11:33
E0002472,A001265,R08,shortlisted,2026-06-13 14:02
E0002473,A001266,R02,profile_opened,2026-02-23 17:56
E0002474,A001266,R11,ai_score_viewed,2026-02-23 18:33
E0002475,A001267,R09,profile_opened,2025-12-05 05:24
E0002476,A001267,R06,ai_score_viewed,2025-12-05 05:58
E0002477,A001268,R01,profile_opened,2025-11-21 07:12
E0002478,A001269,R05,profile_opened,2026-03-08 04:06
E0002479,A001270,R10,profile_opened,2026-04-23 00:50
E0002480,A001270,R01,shortlisted,2026-04-23 03:51
E0002481,A001271,R09,profile_opened,2026-05-22 02:22
E0002482,A001271,R11,shortlisted,2026-05-22 05:32
E0002483,A001272,R11,shortlisted,2025-09-25 05:18
E0002484,A001273,R08,ai_score_viewed,2025-11-25 03:21
E0002485,A001274,R10,profile_opened,2026-04-09 10:18
E0002486,A001274,R02,ai_score_viewed,2026-04-09 10:27
E0002487,A001275,R04,profile_opened,2026-07-15 16:59
E0002488,A001275,R01,ai_score_viewed,2026-07-15 17:37
E0002489,A001275,R01,shortlisted,2026-07-15 19:11
E0002490,A001276,R06,profile_opened,2026-03-28 14:25
E0002491,A001276,R04,ai_score_viewed,2026-03-28 14:48
E0002492,A001277,R02,profile_opened,2025-11-02 20:50
E0002493,A001277,R09,shortlisted,2025-11-03 02:15
E0002494,A001278,R01,profile_opened,2026-01-04 05:33
E0002495,A001278,R01,shortlisted,2026-01-04 11:25
E0002496,A001279,R06,profile_opened,2026-05-25 01:30
E0002497,A001279,R12,shortlisted,2026-05-25 05:08
E0002498,A001280,R03,profile_opened,2026-06-08 10:10
E0002499,A001280,R03,shortlisted,2026-06-08 14:26
E0002500,A001281,R10,profile_opened,2026-01-20 22:35
E0002501,A001281,R09,shortlisted,2026-01-21 04:15
E0002502,A001282,R03,profile_opened,2026-03-15 09:09
E0002503,A001283,R12,profile_opened,2025-10-22 07:33
E0002504,A001283,R04,ai_score_viewed,2025-10-22 07:36
E0002505,A001284,R12,profile_opened,2026-04-12 13:39
E0002506,A001284,R10,ai_score_viewed,2026-04-12 14:10
E0002507,A001284,R07,shortlisted,2026-04-12 23:37
E0002508,A001285,R01,profile_opened,2025-09-26 13:14
E0002509,A001286,R10,profile_opened,2025-12-02 08:00
E0002510,A001286,R01,ai_score_viewed,2025-12-02 08:12
E0002511,A001286,R01,shortlisted,2025-12-02 13:27
E0002512,A001287,R08,profile_opened,2026-03-31 07:13
E0002513,A001288,R08,profile_opened,2025-10-27 07:42
E0002514,A001289,R03,shortlisted,2026-07-24 05:51
E0002515,A001290,R09,profile_opened,2025-12-08 18:21
E0002516,A001290,R06,ai_score_viewed,2025-12-08 18:33
E0002517,A001290,R06,shortlisted,2025-12-08 20:08
E0002518,A001291,R12,profile_opened,2026-01-14 09:27
E0002519,A001291,R09,ai_score_viewed,2026-01-14 09:44
E0002520,A001292,R10,profile_opened,2025-10-31 12:57
E0002521,A001293,R09,profile_opened,2025-12-08 08:38
E0002522,A001293,R05,ai_score_viewed,2025-12-08 09:25
E0002523,A001294,R03,profile_opened,2025-09-12 00:37
E0002524,A001294,R07,ai_score_viewed,2025-09-12 00:43
E0002525,A001294,R01,shortlisted,2025-09-12 05:19
E0002526,A001295,R08,profile_opened,2026-05-07 00:09
E0002527,A001296,R10,profile_opened,2026-05-22 11:09
E0002528,A001297,R06,profile_opened,2026-06-14 09:58
E0002529,A001298,R02,profile_opened,2025-11-24 01:37
E0002530,A001298,R07,ai_score_viewed,2025-11-24 01:53
E0002531,A001299,R05,profile_opened,2026-07-25 21:08
E0002532,A001299,R12,ai_score_viewed,2026-07-25 22:07
E0002533,A001300,R10,profile_opened,2026-01-24 03:58
E0002534,A001300,R03,ai_score_viewed,2026-01-24 04:24
E0002535,A001301,R12,profile_opened,2026-02-19 18:28
E0002536,A001302,R12,profile_opened,2026-07-09 16:03
E0002537,A001302,R02,ai_score_viewed,2026-07-09 16:42
E0002538,A001302,R04,shortlisted,2026-07-09 20:39
E0002539,A001303,R05,profile_opened,2026-02-02 05:31
E0002540,A001303,R05,ai_score_viewed,2026-02-02 05:34
E0002541,A001304,R07,profile_opened,2026-05-25 17:14
E0002542,A001304,R06,ai_score_viewed,2026-05-25 17:48
E0002543,A001304,R02,shortlisted,2026-05-26 01:24
E0002544,A001305,R07,profile_opened,2026-01-13 20:29
E0002545,A001305,R04,ai_score_viewed,2026-01-13 21:23
E0002546,A001306,R09,profile_opened,2026-05-16 17:36
E0002547,A001306,R04,ai_score_viewed,2026-05-16 17:43
E0002548,A001306,R08,shortlisted,2026-05-16 19:32
E0002549,A001307,R08,profile_opened,2026-04-08 17:50
E0002550,A001308,R07,profile_opened,2025-11-20 05:56
E0002551,A001308,R07,ai_score_viewed,2025-11-20 06:11
E0002552,A001309,R05,profile_opened,2026-04-03 16:09
E0002553,A001309,R12,shortlisted,2026-04-03 17:37
E0002554,A001310,R10,profile_opened,2026-07-08 06:42
E0002555,A001310,R04,shortlisted,2026-07-08 09:11
E0002556,A001311,R04,profile_opened,2025-10-21 00:10
E0002557,A001311,R02,ai_score_viewed,2025-10-21 00:28
E0002558,A001311,R04,shortlisted,2025-10-21 01:50
E0002559,A001312,R08,profile_opened,2026-07-18 18:17
E0002560,A001312,R04,ai_score_viewed,2026-07-18 18:34
E0002561,A001313,R12,profile_opened,2026-01-22 14:49
E0002562,A001314,R05,profile_opened,2025-12-27 10:48
E0002563,A001314,R04,ai_score_viewed,2025-12-27 11:42
E0002564,A001315,R10,profile_opened,2025-11-14 15:59
E0002565,A001315,R11,ai_score_viewed,2025-11-14 16:32
E0002566,A001316,R03,profile_opened,2026-07-28 22:41
E0002567,A001316,R09,ai_score_viewed,2026-07-28 23:41
E0002568,A001317,R10,profile_opened,2025-11-15 17:02
E0002569,A001318,R01,profile_opened,2025-10-13 04:48
E0002570,A001318,R10,ai_score_viewed,2025-10-13 05:15
E0002571,A001318,R02,shortlisted,2025-10-13 07:17
E0002572,A001319,R12,profile_opened,2025-10-26 10:36
E0002573,A001319,R09,ai_score_viewed,2025-10-26 11:15
E0002574,A001320,R03,profile_opened,2026-05-26 22:02
E0002575,A001320,R05,ai_score_viewed,2026-05-26 22:30
E0002576,A001320,R06,shortlisted,2026-05-27 01:49
E0002577,A001321,R09,profile_opened,2026-01-19 05:25
E0002578,A001321,R03,ai_score_viewed,2026-01-19 05:34
E0002579,A001322,R07,profile_opened,2025-09-14 20:54
E0002580,A001322,R09,ai_score_viewed,2025-09-14 21:36
E0002581,A001322,R09,shortlisted,2025-09-15 00:56
E0002582,A001323,R10,profile_opened,2025-10-02 13:15
E0002583,A001324,R06,profile_opened,2026-04-30 14:21
E0002584,A001325,R04,profile_opened,2026-07-22 04:10
E0002585,A001325,R04,shortlisted,2026-07-22 09:08
E0002586,A001326,R02,profile_opened,2025-10-22 02:27
E0002587,A001326,R10,ai_score_viewed,2025-10-22 02:29
E0002588,A001327,R01,profile_opened,2026-02-22 07:35
E0002589,A001327,R05,ai_score_viewed,2026-02-22 08:34
E0002590,A001328,R07,profile_opened,2025-12-15 07:46
E0002591,A001328,R01,ai_score_viewed,2025-12-15 08:22
E0002592,A001328,R08,shortlisted,2025-12-15 09:50
E0002593,A001329,R04,profile_opened,2026-01-14 16:09
E0002594,A001329,R03,ai_score_viewed,2026-01-14 16:21
E0002595,A001329,R11,shortlisted,2026-01-14 18:19
E0002596,A001330,R05,profile_opened,2025-09-19 03:05
E0002597,A001331,R08,profile_opened,2025-10-27 07:11
E0002598,A001331,R08,ai_score_viewed,2025-10-27 07:15
E0002599,A001331,R03,shortlisted,2025-10-27 12:31
E0002600,A001332,R11,profile_opened,2026-02-15 15:08
E0002601,A001333,R12,profile_opened,2026-04-26 18:49
E0002602,A001333,R02,ai_score_viewed,2026-04-26 19:48
E0002603,A001334,R03,profile_opened,2025-11-18 13:27
E0002604,A001335,R06,profile_opened,2026-04-08 22:20
E0002605,A001336,R05,profile_opened,2026-01-22 23:25
E0002606,A001337,R09,profile_opened,2026-06-17 12:00
E0002607,A001337,R03,ai_score_viewed,2026-06-17 12:03
E0002608,A001338,R07,profile_opened,2026-04-28 19:55
E0002609,A001338,R08,ai_score_viewed,2026-04-28 20:08
E0002610,A001339,R02,ai_score_viewed,2026-06-15 22:25
E0002611,A001340,R07,profile_opened,2026-06-19 11:28
E0002612,A001340,R08,shortlisted,2026-06-19 16:52
E0002613,A001341,R09,profile_opened,2026-02-02 13:17
E0002614,A001341,R06,ai_score_viewed,2026-02-02 13:33
E0002615,A001341,R07,shortlisted,2026-02-02 16:06
E0002616,A001342,R07,profile_opened,2025-10-07 08:39
E0002617,A001342,R02,ai_score_viewed,2025-10-07 09:36
E0002618,A001343,R05,profile_opened,2026-01-08 09:13
E0002619,A001343,R01,ai_score_viewed,2026-01-08 09:25
E0002620,A001343,R07,shortlisted,2026-01-08 12:52
E0002621,A001344,R02,profile_opened,2025-11-26 11:06
E0002622,A001345,R07,profile_opened,2026-04-21 06:39
E0002623,A001345,R10,ai_score_viewed,2026-04-21 06:56
E0002624,A001345,R01,shortlisted,2026-04-21 12:13
E0002625,A001346,R08,profile_opened,2026-03-12 07:39
E0002626,A001347,R12,profile_opened,2025-09-30 17:51
E0002627,A001347,R11,ai_score_viewed,2025-09-30 18:19
E0002628,A001347,R04,shortlisted,2025-09-30 20:12
E0002629,A001348,R10,profile_opened,2026-03-27 13:20
E0002630,A001348,R07,shortlisted,2026-03-27 21:44
E0002631,A001349,R07,profile_opened,2026-05-06 21:28
E0002632,A001349,R08,ai_score_viewed,2026-05-06 22:20
E0002633,A001349,R03,shortlisted,2026-05-07 05:33
E0002634,A001350,R07,profile_opened,2026-06-14 13:29
E0002635,A001350,R12,ai_score_viewed,2026-06-14 13:54
E0002636,A001350,R08,shortlisted,2026-06-14 22:40
E0002637,A001351,R02,profile_opened,2025-09-10 02:46
E0002638,A001351,R08,ai_score_viewed,2025-09-10 02:48
E0002639,A001351,R10,shortlisted,2025-09-10 12:45
E0002640,A001352,R02,profile_opened,2026-06-02 23:59
E0002641,A001352,R08,shortlisted,2026-06-03 07:24
E0002642,A001353,R11,profile_opened,2026-04-27 07:00
E0002643,A001354,R03,profile_opened,2025-12-11 05:17
E0002644,A001354,R06,ai_score_viewed,2025-12-11 05:42
E0002645,A001354,R05,shortlisted,2025-12-11 14:36
E0002646,A001355,R08,profile_opened,2026-01-15 14:24
E0002647,A001355,R07,ai_score_viewed,2026-01-15 15:15
E0002648,A001356,R08,profile_opened,2025-10-24 13:12
E0002649,A001357,R02,profile_opened,2026-04-01 13:28
E0002650,A001358,R09,profile_opened,2026-03-22 14:28
E0002651,A001359,R02,profile_opened,2025-11-25 17:59
E0002652,A001360,R03,profile_opened,2025-10-11 23:58
E0002653,A001360,R10,ai_score_viewed,2025-10-12 00:23
E0002654,A001361,R07,profile_opened,2026-06-18 19:12
E0002655,A001361,R06,ai_score_viewed,2026-06-18 20:03
E0002656,A001361,R02,shortlisted,2026-06-19 04:08
E0002657,A001362,R11,ai_score_viewed,2026-03-06 21:02
E0002658,A001363,R11,profile_opened,2026-04-14 04:35
E0002659,A001364,R05,ai_score_viewed,2025-10-01 00:10
E0002660,A001365,R05,profile_opened,2026-01-08 16:50
E0002661,A001365,R11,shortlisted,2026-01-09 02:33
E0002662,A001366,R08,profile_opened,2026-07-24 11:06
E0002663,A001366,R01,ai_score_viewed,2026-07-24 11:40
E0002664,A001367,R12,profile_opened,2026-07-20 16:51
E0002665,A001367,R01,shortlisted,2026-07-20 17:53
E0002666,A001368,R07,profile_opened,2026-01-02 14:11
E0002667,A001368,R07,ai_score_viewed,2026-01-02 14:20
E0002668,A001368,R06,shortlisted,2026-01-02 18:22
E0002669,A001369,R04,profile_opened,2026-06-07 00:50
E0002670,A001369,R03,ai_score_viewed,2026-06-07 00:51
E0002671,A001369,R11,shortlisted,2026-06-07 09:50
E0002672,A001370,R02,profile_opened,2026-05-26 06:59
E0002673,A001370,R11,ai_score_viewed,2026-05-26 07:05
E0002674,A001370,R01,shortlisted,2026-05-26 09:20
E0002675,A001371,R03,profile_opened,2026-07-18 18:10
E0002676,A001372,R11,profile_opened,2025-12-04 23:27
E0002677,A001372,R08,ai_score_viewed,2025-12-05 00:07
E0002678,A001372,R09,shortlisted,2025-12-05 05:29
E0002679,A001373,R08,profile_opened,2026-07-24 16:50
E0002680,A001374,R04,profile_opened,2026-05-15 12:40
E0002681,A001374,R12,ai_score_viewed,2026-05-15 13:37
E0002682,A001374,R07,shortlisted,2026-05-15 15:21
E0002683,A001375,R06,profile_opened,2025-11-17 10:48
E0002684,A001375,R08,ai_score_viewed,2025-11-17 11:44
E0002685,A001376,R06,ai_score_viewed,2025-11-15 09:46
E0002686,A001377,R08,profile_opened,2025-10-13 13:10
E0002687,A001378,R12,profile_opened,2026-04-29 01:46
E0002688,A001378,R10,shortlisted,2026-04-29 11:39
E0002689,A001379,R11,profile_opened,2026-02-24 19:40
E0002690,A001380,R08,profile_opened,2025-11-23 05:27
E0002691,A001380,R02,ai_score_viewed,2025-11-23 05:36
E0002692,A001381,R01,profile_opened,2026-07-22 15:10
E0002693,A001381,R11,ai_score_viewed,2026-07-22 15:15
E0002694,A001381,R11,shortlisted,2026-07-22 17:52
E0002695,A001382,R05,profile_opened,2025-11-17 03:36
E0002696,A001382,R08,ai_score_viewed,2025-11-17 03:51
E0002697,A001382,R10,shortlisted,2025-11-17 12:18
E0002698,A001383,R11,profile_opened,2026-01-25 08:57
E0002699,A001383,R02,ai_score_viewed,2026-01-25 09:36
E0002700,A001383,R02,shortlisted,2026-01-25 14:19
E0002701,A001384,R09,profile_opened,2025-09-17 21:05
E0002702,A001385,R12,profile_opened,2025-09-30 01:59
E0002703,A001385,R01,ai_score_viewed,2025-09-30 02:35
E0002704,A001386,R01,profile_opened,2026-06-22 12:21
E0002705,A001386,R03,ai_score_viewed,2026-06-22 12:34
E0002706,A001386,R12,shortlisted,2026-06-22 17:53
E0002707,A001387,R12,profile_opened,2026-03-26 17:28
E0002708,A001388,R09,profile_opened,2025-09-06 16:06
E0002709,A001388,R01,ai_score_viewed,2025-09-06 17:05
E0002710,A001389,R07,profile_opened,2026-07-14 07:28
E0002711,A001389,R11,ai_score_viewed,2026-07-14 08:09
E0002712,A001389,R10,shortlisted,2026-07-14 15:47
E0002713,A001390,R06,profile_opened,2026-01-01 12:42
E0002714,A001390,R09,shortlisted,2026-01-01 14:30
E0002715,A001391,R12,profile_opened,2026-07-30 02:35
E0002716,A001391,R03,ai_score_viewed,2026-07-30 03:31
E0002717,A001392,R07,profile_opened,2025-12-06 17:26
E0002718,A001392,R11,ai_score_viewed,2025-12-06 18:16
E0002719,A001393,R08,profile_opened,2025-10-13 09:48
E0002720,A001393,R06,ai_score_viewed,2025-10-13 10:40
E0002721,A001394,R10,profile_opened,2026-02-17 00:52
E0002722,A001395,R08,profile_opened,2026-03-31 10:23
E0002723,A001395,R08,ai_score_viewed,2026-03-31 10:44
E0002724,A001396,R12,profile_opened,2026-05-09 23:38
E0002725,A001396,R12,ai_score_viewed,2026-05-10 00:17
E0002726,A001397,R11,ai_score_viewed,2025-12-01 05:46
E0002727,A001398,R09,profile_opened,2025-09-10 02:35
E0002728,A001399,R06,profile_opened,2026-02-10 15:51
E0002729,A001399,R10,ai_score_viewed,2026-02-10 16:32
E0002730,A001399,R04,shortlisted,2026-02-10 17:08
E0002731,A001400,R02,profile_opened,2025-11-27 18:09
E0002732,A001400,R01,ai_score_viewed,2025-11-27 18:33
E0002733,A001401,R03,profile_opened,2025-12-29 12:07
E0002734,A001401,R09,ai_score_viewed,2025-12-29 12:38
E0002735,A001402,R09,profile_opened,2025-12-09 02:43
E0002736,A001402,R11,shortlisted,2025-12-09 08:45
E0002737,A001403,R06,profile_opened,2026-05-06 23:07
E0002738,A001403,R02,ai_score_viewed,2026-05-06 23:29
E0002739,A001404,R11,profile_opened,2026-06-11 04:57
E0002740,A001404,R06,ai_score_viewed,2026-06-11 05:21
E0002741,A001405,R11,profile_opened,2026-06-11 00:21
E0002742,A001405,R09,ai_score_viewed,2026-06-11 00:53
E0002743,A001405,R06,shortlisted,2026-06-11 01:47
E0002744,A001406,R11,profile_opened,2025-11-07 05:36
E0002745,A001406,R12,ai_score_viewed,2025-11-07 06:35
E0002746,A001406,R06,shortlisted,2025-11-07 15:29
E0002747,A001407,R01,profile_opened,2025-10-03 02:12
E0002748,A001407,R10,ai_score_viewed,2025-10-03 02:21
E0002749,A001407,R07,shortlisted,2025-10-03 03:28
E0002750,A001408,R02,ai_score_viewed,2025-09-17 15:29
E0002751,A001409,R04,profile_opened,2025-10-28 11:15
E0002752,A001409,R09,ai_score_viewed,2025-10-28 11:35
E0002753,A001410,R04,profile_opened,2025-09-19 01:43
E0002754,A001410,R11,ai_score_viewed,2025-09-19 02:07
E0002755,A001410,R03,shortlisted,2025-09-19 08:02
E0002756,A001411,R11,ai_score_viewed,2026-07-03 23:21
E0002757,A001412,R03,profile_opened,2025-09-27 14:44
E0002758,A001412,R12,ai_score_viewed,2025-09-27 15:24
E0002759,A001412,R01,shortlisted,2025-09-27 23:06
E0002760,A001413,R09,profile_opened,2026-04-24 04:07
E0002761,A001414,R03,profile_opened,2025-09-05 15:02
E0002762,A001414,R04,ai_score_viewed,2025-09-05 15:45
E0002763,A001414,R06,shortlisted,2025-09-05 19:00
E0002764,A001415,R08,profile_opened,2026-01-18 01:09
E0002765,A001416,R03,profile_opened,2025-12-05 13:00
E0002766,A001416,R03,ai_score_viewed,2025-12-05 13:51
E0002767,A001417,R08,profile_opened,2026-05-09 17:27
E0002768,A001417,R09,ai_score_viewed,2026-05-09 17:47
E0002769,A001417,R12,shortlisted,2026-05-09 23:24
E0002770,A001418,R06,profile_opened,2026-07-16 21:42
E0002771,A001418,R11,shortlisted,2026-07-17 05:55
E0002772,A001419,R06,profile_opened,2026-05-01 00:35
E0002773,A001419,R04,shortlisted,2026-05-01 06:11
E0002774,A001420,R05,profile_opened,2025-11-11 19:34
E0002775,A001420,R07,shortlisted,2025-11-11 22:42
E0002776,A001421,R11,profile_opened,2026-06-11 13:57
E0002777,A001421,R07,ai_score_viewed,2026-06-11 14:40
E0002778,A001422,R05,profile_opened,2025-12-06 12:30
E0002779,A001422,R07,shortlisted,2025-12-06 17:06
E0002780,A001423,R07,profile_opened,2026-04-11 13:36
E0002781,A001423,R07,ai_score_viewed,2026-04-11 13:44
E0002782,A001424,R01,profile_opened,2026-03-31 05:44
E0002783,A001424,R03,ai_score_viewed,2026-03-31 06:42
E0002784,A001425,R06,profile_opened,2026-04-13 19:46
E0002785,A001425,R11,ai_score_viewed,2026-04-13 20:22
E0002786,A001425,R11,shortlisted,2026-04-14 02:11
E0002787,A001426,R03,profile_opened,2026-03-21 22:13
E0002788,A001426,R07,ai_score_viewed,2026-03-21 22:16
E0002789,A001427,R05,profile_opened,2025-12-08 07:48
E0002790,A001427,R02,ai_score_viewed,2025-12-08 08:23
E0002791,A001428,R12,profile_opened,2025-11-09 19:14
E0002792,A001428,R09,ai_score_viewed,2025-11-09 19:50
E0002793,A001429,R04,profile_opened,2026-02-07 21:13
E0002794,A001430,R06,profile_opened,2025-12-05 01:06
E0002795,A001430,R07,ai_score_viewed,2025-12-05 01:35
E0002796,A001431,R06,profile_opened,2026-07-08 09:34
E0002797,A001431,R07,ai_score_viewed,2026-07-08 10:26
E0002798,A001432,R01,profile_opened,2025-12-01 02:58
E0002799,A001432,R01,ai_score_viewed,2025-12-01 03:04
E0002800,A001433,R06,profile_opened,2026-04-03 21:10
E0002801,A001433,R02,ai_score_viewed,2026-04-03 21:45
E0002802,A001434,R05,profile_opened,2025-10-02 03:35
E0002803,A001434,R03,ai_score_viewed,2025-10-02 03:39
E0002804,A001434,R06,shortlisted,2025-10-02 05:19
E0002805,A001435,R11,profile_opened,2026-02-04 06:22
E0002806,A001435,R06,shortlisted,2026-02-04 13:55
E0002807,A001436,R09,profile_opened,2025-11-05 10:30
E0002808,A001436,R12,ai_score_viewed,2025-11-05 11:29
E0002809,A001437,R06,profile_opened,2026-07-25 21:29
E0002810,A001437,R09,ai_score_viewed,2026-07-25 21:58
E0002811,A001439,R10,profile_opened,2026-03-03 09:06
E0002812,A001439,R03,shortlisted,2026-03-03 10:22
E0002813,A001440,R01,ai_score_viewed,2026-01-05 14:22
E0002814,A001441,R09,profile_opened,2026-04-03 20:29
E0002815,A001441,R01,ai_score_viewed,2026-04-03 21:09
E0002816,A001441,R02,shortlisted,2026-04-03 22:50
E0002817,A001442,R01,profile_opened,2026-04-03 09:05
E0002818,A001442,R04,ai_score_viewed,2026-04-03 09:38
E0002819,A001443,R12,profile_opened,2025-10-29 10:26
E0002820,A001444,R08,profile_opened,2025-10-26 21:09
E0002821,A001444,R03,ai_score_viewed,2025-10-26 21:29
E0002822,A001445,R07,profile_opened,2026-01-25 04:34
E0002823,A001446,R07,profile_opened,2026-06-07 02:09
E0002824,A001446,R06,ai_score_viewed,2026-06-07 02:32
E0002825,A001446,R01,shortlisted,2026-06-07 09:35
E0002826,A001447,R03,profile_opened,2026-07-04 02:38
E0002827,A001447,R03,ai_score_viewed,2026-07-04 03:22
E0002828,A001447,R03,shortlisted,2026-07-04 04:10
E0002829,A001448,R04,ai_score_viewed,2026-06-05 18:46
E0002830,A001448,R07,shortlisted,2026-06-06 00:00
E0002831,A001449,R04,profile_opened,2026-04-09 18:40
E0002832,A001449,R02,ai_score_viewed,2026-04-09 19:11
E0002833,A001449,R09,shortlisted,2026-04-10 02:14
E0002834,A001450,R06,profile_opened,2026-06-17 06:55
E0002835,A001451,R08,profile_opened,2026-01-06 23:41
E0002836,A001451,R10,ai_score_viewed,2026-01-07 00:28
E0002837,A001451,R11,shortlisted,2026-01-07 02:25
E0002838,A001452,R09,profile_opened,2026-06-06 00:24
E0002839,A001452,R07,ai_score_viewed,2026-06-06 01:08
E0002840,A001453,R10,profile_opened,2026-03-18 14:38
E0002841,A001453,R02,ai_score_viewed,2026-03-18 15:25
E0002842,A001454,R02,profile_opened,2025-09-19 10:31
E0002843,A001454,R11,ai_score_viewed,2025-09-19 10:34
E0002844,A001454,R05,shortlisted,2025-09-19 16:31
E0002845,A001455,R10,profile_opened,2026-03-31 20:04
E0002846,A001455,R04,ai_score_viewed,2026-03-31 20:34
E0002847,A001456,R12,profile_opened,2026-03-29 06:44
E0002848,A001456,R12,ai_score_viewed,2026-03-29 07:23
E0002849,A001457,R01,profile_opened,2025-10-05 12:00
E0002850,A001457,R12,shortlisted,2025-10-05 13:41
E0002851,A001458,R04,profile_opened,2025-12-27 12:42
E0002852,A001458,R07,ai_score_viewed,2025-12-27 13:05
E0002853,A001459,R10,profile_opened,2026-05-23 00:13
E0002854,A001459,R05,ai_score_viewed,2026-05-23 00:20
E0002855,A001459,R03,shortlisted,2026-05-23 02:14
E0002856,A001460,R01,profile_opened,2025-11-16 05:09
E0002857,A001460,R12,ai_score_viewed,2025-11-16 06:08
E0002858,A001462,R02,profile_opened,2026-01-14 08:23
E0002859,A001462,R01,ai_score_viewed,2026-01-14 08:57
E0002860,A001463,R01,profile_opened,2026-05-29 10:05
E0002861,A001464,R01,ai_score_viewed,2026-03-18 16:37
E0002862,A001464,R01,shortlisted,2026-03-19 00:16
E0002863,A001465,R08,profile_opened,2025-11-11 09:47
E0002864,A001465,R09,shortlisted,2025-11-11 16:33
E0002865,A001466,R07,ai_score_viewed,2026-02-16 16:50
E0002866,A001467,R10,profile_opened,2026-01-14 08:38
E0002867,A001467,R10,ai_score_viewed,2026-01-14 09:33
E0002868,A001467,R09,shortlisted,2026-01-14 14:47
E0002869,A001468,R06,profile_opened,2025-11-23 00:36
E0002870,A001468,R01,ai_score_viewed,2025-11-23 01:26
E0002871,A001469,R05,profile_opened,2026-07-26 01:27
E0002872,A001469,R12,ai_score_viewed,2026-07-26 01:33
E0002873,A001470,R02,profile_opened,2025-10-22 19:23
E0002874,A001471,R10,profile_opened,2025-12-12 11:01
E0002875,A001471,R09,shortlisted,2025-12-12 13:29
E0002876,A001472,R04,profile_opened,2025-11-28 14:04
E0002877,A001473,R10,profile_opened,2026-02-14 11:40
E0002878,A001473,R09,ai_score_viewed,2026-02-14 12:16
E0002879,A001474,R03,profile_opened,2026-02-28 16:11
E0002880,A001475,R08,ai_score_viewed,2026-05-12 09:59
E0002881,A001476,R07,profile_opened,2025-12-30 16:07
E0002882,A001477,R02,profile_opened,2026-02-08 05:38
E0002883,A001477,R05,ai_score_viewed,2026-02-08 05:48
E0002884,A001478,R11,profile_opened,2026-06-19 10:38
E0002885,A001479,R05,profile_opened,2025-10-20 20:08
E0002886,A001479,R03,ai_score_viewed,2025-10-20 21:04
E0002887,A001480,R09,profile_opened,2025-09-05 21:45
E0002888,A001480,R03,ai_score_viewed,2025-09-05 22:10
E0002889,A001481,R06,profile_opened,2025-12-15 14:40
E0002890,A001481,R06,ai_score_viewed,2025-12-15 15:39
E0002891,A001482,R05,profile_opened,2025-10-27 02:52
E0002892,A001482,R09,ai_score_viewed,2025-10-27 03:09
E0002893,A001482,R01,shortlisted,2025-10-27 08:03
E0002894,A001483,R09,profile_opened,2026-05-30 06:19
E0002895,A001483,R02,shortlisted,2026-05-30 10:05
E0002896,A001484,R04,profile_opened,2025-11-18 21:50
E0002897,A001485,R05,profile_opened,2026-04-04 01:56
E0002898,A001485,R01,ai_score_viewed,2026-04-04 02:43
E0002899,A001485,R12,shortlisted,2026-04-04 04:34
E0002900,A001486,R05,profile_opened,2025-10-03 17:24
E0002901,A001486,R04,ai_score_viewed,2025-10-03 18:13
E0002902,A001487,R12,profile_opened,2026-03-31 07:50
E0002903,A001487,R10,ai_score_viewed,2026-03-31 08:36
E0002904,A001488,R12,profile_opened,2025-09-02 20:04
E0002905,A001488,R07,ai_score_viewed,2025-09-02 20:40
E0002906,A001489,R09,ai_score_viewed,2025-10-18 01:33
E0002907,A001490,R04,profile_opened,2026-04-19 13:40
E0002908,A001490,R10,ai_score_viewed,2026-04-19 13:42
E0002909,A001490,R02,shortlisted,2026-04-19 21:57
E0002910,A001491,R03,profile_opened,2025-10-29 04:05
E0002911,A001492,R01,profile_opened,2026-03-03 15:02
E0002912,A001492,R06,ai_score_viewed,2026-03-03 15:34
E0002913,A001492,R03,shortlisted,2026-03-04 00:51
E0002914,A001493,R05,shortlisted,2025-10-12 01:30
E0002915,A001494,R01,profile_opened,2025-09-13 16:02
E0002916,A001494,R08,ai_score_viewed,2025-09-13 16:09
E0002917,A001495,R02,profile_opened,2026-04-14 07:57
E0002918,A001495,R01,ai_score_viewed,2026-04-14 08:11
E0002919,A001495,R06,shortlisted,2026-04-14 11:03
E0002920,A001496,R11,profile_opened,2025-11-25 22:17
E0002921,A001496,R01,shortlisted,2025-11-26 03:48
E0002922,A001497,R11,profile_opened,2025-09-13 03:30
E0002923,A001497,R04,ai_score_viewed,2025-09-13 03:51
E0002924,A001497,R04,shortlisted,2025-09-13 12:57
E0002925,A001498,R11,profile_opened,2025-12-15 05:12
E0002926,A001498,R12,ai_score_viewed,2025-12-15 06:06
E0002927,A001499,R05,profile_opened,2025-11-18 10:01
E0002928,A001499,R05,ai_score_viewed,2025-11-18 10:53
E0002929,A001500,R04,profile_opened,2025-12-29 11:09
E0002930,A001501,R04,profile_opened,2026-02-18 15:24
E0002931,A001501,R01,ai_score_viewed,2026-02-18 15:36
E0002932,A001501,R10,shortlisted,2026-02-18 21:43
E0002933,A001502,R03,profile_opened,2025-11-19 02:36
E0002934,A001502,R12,ai_score_viewed,2025-11-19 02:59
E0002935,A001503,R05,profile_opened,2026-06-19 17:25
E0002936,A001503,R07,shortlisted,2026-06-19 20:23
E0002937,A001504,R03,profile_opened,2026-02-17 06:16
E0002938,A001504,R06,ai_score_viewed,2026-02-17 06:59
E0002939,A001505,R01,profile_opened,2025-10-25 07:26
E0002940,A001505,R03,ai_score_viewed,2025-10-25 08:13
E0002941,A001505,R08,shortlisted,2025-10-25 12:04
E0002942,A001506,R02,profile_opened,2025-11-08 19:57
E0002943,A001506,R11,shortlisted,2025-11-09 02:29
E0002944,A001507,R04,profile_opened,2025-09-06 12:55
E0002945,A001507,R05,ai_score_viewed,2025-09-06 13:37
E0002946,A001508,R09,profile_opened,2025-12-03 09:38
E0002947,A001509,R12,profile_opened,2025-12-08 19:47
E0002948,A001509,R08,ai_score_viewed,2025-12-08 20:18
E0002949,A001509,R03,shortlisted,2025-12-09 05:15
E0002950,A001510,R11,profile_opened,2026-06-17 05:35
E0002951,A001510,R02,shortlisted,2026-06-17 13:51
E0002952,A001511,R11,profile_opened,2026-07-02 16:23
E0002953,A001511,R02,ai_score_viewed,2026-07-02 17:16
E0002954,A001512,R06,profile_opened,2026-01-07 19:30
E0002955,A001512,R09,ai_score_viewed,2026-01-07 19:59
E0002956,A001513,R01,profile_opened,2026-06-23 09:50
E0002957,A001513,R06,ai_score_viewed,2026-06-23 10:19
E0002958,A001514,R01,profile_opened,2025-09-07 23:00
E0002959,A001514,R02,ai_score_viewed,2025-09-08 00:00
E0002960,A001514,R06,shortlisted,2025-09-08 05:56
E0002961,A001515,R08,profile_opened,2026-05-27 13:22
E0002962,A001515,R05,ai_score_viewed,2026-05-27 14:14
E0002963,A001516,R04,profile_opened,2026-01-22 20:19
E0002964,A001516,R05,ai_score_viewed,2026-01-22 21:18
E0002965,A001517,R12,ai_score_viewed,2026-05-18 21:54
E0002966,A001517,R01,shortlisted,2026-05-18 21:59
E0002967,A001518,R07,profile_opened,2026-01-16 18:02
E0002968,A001519,R09,profile_opened,2026-05-28 17:30
E0002969,A001519,R02,ai_score_viewed,2026-05-28 17:52
E0002970,A001519,R01,shortlisted,2026-05-29 02:31
E0002971,A001520,R08,profile_opened,2026-02-06 11:17
E0002972,A001520,R12,shortlisted,2026-02-06 15:49
E0002973,A001521,R06,profile_opened,2025-12-25 18:21
E0002974,A001521,R10,ai_score_viewed,2025-12-25 19:20
E0002975,A001522,R07,profile_opened,2025-10-03 14:15
E0002976,A001522,R03,ai_score_viewed,2025-10-03 14:36
E0002977,A001523,R03,profile_opened,2025-12-07 03:26
E0002978,A001523,R09,ai_score_viewed,2025-12-07 03:31
E0002979,A001524,R10,profile_opened,2026-01-31 06:12
E0002980,A001524,R07,shortlisted,2026-01-31 07:48
E0002981,A001525,R04,profile_opened,2026-05-21 11:05
E0002982,A001526,R01,profile_opened,2026-07-19 14:06
E0002983,A001526,R12,shortlisted,2026-07-19 18:04
E0002984,A001527,R02,profile_opened,2026-01-10 15:42
E0002985,A001528,R02,profile_opened,2026-02-05 06:32
E0002986,A001528,R10,ai_score_viewed,2026-02-05 06:42
E0002987,A001528,R08,shortlisted,2026-02-05 10:05
E0002988,A001529,R02,profile_opened,2026-04-03 11:17
E0002989,A001530,R07,profile_opened,2026-04-05 00:34
E0002990,A001530,R04,ai_score_viewed,2026-04-05 00:40
E0002991,A001530,R11,shortlisted,2026-04-05 07:17
E0002992,A001531,R11,profile_opened,2025-09-08 08:39
E0002993,A001531,R05,ai_score_viewed,2025-09-08 08:53
E0002994,A001532,R02,profile_opened,2025-11-03 20:35
E0002995,A001532,R06,shortlisted,2025-11-04 00:24
E0002996,A001533,R09,profile_opened,2026-07-06 11:52
E0002997,A001534,R10,profile_opened,2026-01-25 19:37
E0002998,A001534,R10,ai_score_viewed,2026-01-25 20:10
E0002999,A001534,R11,shortlisted,2026-01-26 00:06
E0003000,A001535,R02,profile_opened,2026-06-28 10:23
E0003001,A001536,R05,profile_opened,2025-09-25 00:50
E0003002,A001536,R07,ai_score_viewed,2025-09-25 01:11
E0003003,A001537,R11,profile_opened,2025-12-23 21:17
E0003004,A001537,R05,ai_score_viewed,2025-12-23 21:27
E0003005,A001537,R10,shortlisted,2025-12-23 23:04
E0003006,A001538,R05,profile_opened,2026-05-03 20:08
E0003007,A001538,R01,shortlisted,2026-05-04 01:01
E0003008,A001539,R08,profile_opened,2026-07-28 13:41
E0003009,A001539,R06,ai_score_viewed,2026-07-28 13:57
E0003010,A001540,R01,profile_opened,2026-06-01 00:51
E0003011,A001541,R02,profile_opened,2026-04-26 15:03
E0003012,A001542,R11,profile_opened,2026-01-30 06:18
E0003013,A001542,R07,shortlisted,2026-01-30 14:42
E0003014,A001543,R03,profile_opened,2026-07-15 16:10
E0003015,A001543,R08,ai_score_viewed,2026-07-15 17:03
E0003016,A001543,R11,shortlisted,2026-07-15 20:48
E0003017,A001544,R04,ai_score_viewed,2025-09-11 20:08
E0003018,A001545,R05,profile_opened,2026-02-14 17:55
E0003019,A001545,R05,ai_score_viewed,2026-02-14 17:59
E0003020,A001546,R10,profile_opened,2026-05-14 05:56
E0003021,A001547,R09,profile_opened,2026-04-24 19:51
E0003022,A001548,R05,profile_opened,2026-04-30 15:08
E0003023,A001548,R08,ai_score_viewed,2026-04-30 15:28
E0003024,A001548,R02,shortlisted,2026-04-30 19:47
E0003025,A001549,R08,profile_opened,2026-05-06 13:55
E0003026,A001549,R04,ai_score_viewed,2026-05-06 14:36
E0003027,A001550,R08,profile_opened,2026-01-18 00:54
E0003028,A001551,R02,profile_opened,2025-09-28 02:51
E0003029,A001551,R02,shortlisted,2025-09-28 04:23
E0003030,A001552,R08,profile_opened,2026-02-23 23:57
E0003031,A001553,R04,profile_opened,2025-11-25 03:42
E0003032,A001553,R09,ai_score_viewed,2025-11-25 03:54
E0003033,A001553,R03,shortlisted,2025-11-25 07:12
E0003034,A001554,R03,shortlisted,2026-07-14 03:47
E0003035,A001555,R02,profile_opened,2025-09-16 04:06
E0003036,A001555,R09,ai_score_viewed,2025-09-16 04:21
E0003037,A001555,R11,shortlisted,2025-09-16 08:36
E0003038,A001556,R07,profile_opened,2026-05-21 03:35
E0003039,A001556,R08,ai_score_viewed,2026-05-21 04:12
E0003040,A001557,R09,profile_opened,2025-11-16 04:35
E0003041,A001557,R01,ai_score_viewed,2025-11-16 05:07
E0003042,A001558,R11,profile_opened,2026-07-12 09:33
E0003043,A001559,R02,profile_opened,2026-05-02 00:09
E0003044,A001559,R07,shortlisted,2026-05-02 02:15
E0003045,A001560,R09,profile_opened,2025-09-16 18:00
E0003046,A001561,R09,profile_opened,2025-12-16 08:36
E0003047,A001562,R03,profile_opened,2026-03-31 05:55
E0003048,A001563,R04,profile_opened,2026-03-22 21:16
E0003049,A001563,R03,ai_score_viewed,2026-03-22 21:22
E0003050,A001564,R11,profile_opened,2025-09-16 13:21
E0003051,A001564,R10,ai_score_viewed,2025-09-16 13:54
E0003052,A001565,R03,profile_opened,2026-02-21 15:08
E0003053,A001565,R07,shortlisted,2026-02-21 22:14
E0003054,A001566,R10,profile_opened,2025-12-07 02:27
E0003055,A001566,R06,ai_score_viewed,2025-12-07 02:46
E0003056,A001566,R12,shortlisted,2025-12-07 12:20
E0003057,A001567,R11,ai_score_viewed,2025-11-01 18:40
E0003058,A001568,R07,profile_opened,2025-09-11 08:55
E0003059,A001568,R11,ai_score_viewed,2025-09-11 09:21
E0003060,A001569,R07,profile_opened,2026-01-28 08:43
E0003061,A001570,R09,profile_opened,2026-04-08 22:57
E0003062,A001570,R05,shortlisted,2026-04-09 00:18
E0003063,A001571,R05,profile_opened,2026-02-24 04:27
E0003064,A001571,R12,ai_score_viewed,2026-02-24 05:05
E0003065,A001571,R02,shortlisted,2026-02-24 12:33
E0003066,A001572,R12,profile_opened,2026-02-17 14:06
E0003067,A001572,R04,ai_score_viewed,2026-02-17 14:17
E0003068,A001573,R01,profile_opened,2026-04-02 00:13
E0003069,A001573,R05,ai_score_viewed,2026-04-02 00:21
E0003070,A001574,R06,profile_opened,2025-11-11 22:16
E0003071,A001574,R12,ai_score_viewed,2025-11-11 23:12
E0003072,A001575,R07,profile_opened,2026-04-21 09:26
E0003073,A001575,R10,ai_score_viewed,2026-04-21 09:40
E0003074,A001576,R03,profile_opened,2026-02-28 14:34
E0003075,A001577,R04,profile_opened,2025-12-29 03:38
E0003076,A001577,R12,ai_score_viewed,2025-12-29 04:33
E0003077,A001577,R07,shortlisted,2025-12-29 08:27
E0003078,A001578,R04,profile_opened,2026-06-02 04:54
E0003079,A001579,R06,ai_score_viewed,2026-02-08 20:44
E0003080,A001580,R12,profile_opened,2026-01-01 17:47
E0003081,A001580,R12,shortlisted,2026-01-02 03:02
E0003082,A001581,R10,profile_opened,2026-02-25 14:55
E0003083,A001581,R08,ai_score_viewed,2026-02-25 15:18
E0003084,A001582,R08,profile_opened,2026-03-19 12:55
E0003085,A001583,R12,profile_opened,2026-07-16 10:28
E0003086,A001583,R05,ai_score_viewed,2026-07-16 10:46
E0003087,A001583,R01,shortlisted,2026-07-16 19:44
E0003088,A001584,R04,profile_opened,2025-11-22 18:08
E0003089,A001584,R07,ai_score_viewed,2025-11-22 18:19
E0003090,A001585,R05,ai_score_viewed,2026-07-17 15:56
E0003091,A001586,R09,profile_opened,2025-09-19 20:07
E0003092,A001586,R05,shortlisted,2025-09-20 04:56
E0003093,A001587,R01,profile_opened,2026-01-23 02:17
E0003094,A001587,R11,shortlisted,2026-01-23 07:06
E0003095,A001588,R03,profile_opened,2026-01-31 12:17
E0003096,A001588,R08,ai_score_viewed,2026-01-31 12:30
E0003097,A001589,R05,profile_opened,2025-10-12 20:06
E0003098,A001589,R05,ai_score_viewed,2025-10-12 20:09
E0003099,A001590,R01,profile_opened,2025-11-03 10:51
E0003100,A001590,R11,ai_score_viewed,2025-11-03 11:11
E0003101,A001590,R01,shortlisted,2025-11-03 14:38
E0003102,A001591,R10,profile_opened,2025-09-09 09:26
E0003103,A001591,R03,ai_score_viewed,2025-09-09 10:08
E0003104,A001592,R10,profile_opened,2026-03-26 20:45
E0003105,A001592,R08,shortlisted,2026-03-27 03:38
E0003106,A001593,R11,profile_opened,2025-11-04 05:18
E0003107,A001593,R09,ai_score_viewed,2025-11-04 05:41
E0003108,A001594,R01,profile_opened,2025-11-14 10:17
E0003109,A001594,R10,ai_score_viewed,2025-11-14 10:30
E0003110,A001594,R08,shortlisted,2025-11-14 13:54
E0003111,A001595,R01,profile_opened,2025-09-09 16:31
E0003112,A001595,R10,ai_score_viewed,2025-09-09 16:36
E0003113,A001596,R09,profile_opened,2025-09-12 05:15
E0003114,A001596,R12,ai_score_viewed,2025-09-12 05:25
E0003115,A001597,R02,profile_opened,2025-11-21 20:23
E0003116,A001597,R08,ai_score_viewed,2025-11-21 20:37
E0003117,A001598,R05,profile_opened,2025-09-30 06:10
E0003118,A001598,R08,shortlisted,2025-09-30 11:33
E0003119,A001599,R08,ai_score_viewed,2025-10-27 06:42
E0003120,A001600,R09,profile_opened,2026-07-24 00:42
E0003121,A001600,R06,ai_score_viewed,2026-07-24 00:44
E0003122,A001601,R06,profile_opened,2026-07-22 14:27
E0003123,A001602,R02,profile_opened,2026-07-22 20:14
E0003124,A001602,R12,ai_score_viewed,2026-07-22 20:51
E0003125,A001603,R09,profile_opened,2026-06-06 22:31
E0003126,A001603,R08,ai_score_viewed,2026-06-06 22:40
E0003127,A001604,R02,profile_opened,2026-07-04 14:12
E0003128,A001604,R02,ai_score_viewed,2026-07-04 14:54
E0003129,A001604,R05,shortlisted,2026-07-04 22:54
E0003130,A001605,R08,profile_opened,2026-07-22 14:18
E0003131,A001605,R09,ai_score_viewed,2026-07-22 14:48
E0003132,A001605,R09,shortlisted,2026-07-22 17:02
E0003133,A001606,R06,profile_opened,2026-05-30 20:33
E0003134,A001606,R03,shortlisted,2026-05-30 23:34
E0003135,A001607,R08,profile_opened,2026-05-02 09:43
E0003136,A001607,R01,ai_score_viewed,2026-05-02 10:26
E0003137,A001607,R01,shortlisted,2026-05-02 16:52
E0003138,A001608,R06,profile_opened,2026-04-13 05:27
E0003139,A001609,R02,profile_opened,2025-12-11 14:46
E0003140,A001610,R09,profile_opened,2025-11-05 03:35
E0003141,A001610,R02,ai_score_viewed,2025-11-05 04:33
E0003142,A001611,R06,profile_opened,2026-05-06 01:33
E0003143,A001612,R08,profile_opened,2025-09-30 16:13
E0003144,A001612,R01,ai_score_viewed,2025-09-30 16:35
E0003145,A001612,R03,shortlisted,2025-09-30 17:41
E0003146,A001613,R07,profile_opened,2026-01-14 21:27
E0003147,A001613,R01,ai_score_viewed,2026-01-14 22:18
E0003148,A001613,R05,shortlisted,2026-01-14 22:43
E0003149,A001614,R09,profile_opened,2026-04-07 21:21
E0003150,A001614,R11,ai_score_viewed,2026-04-07 21:47
E0003151,A001615,R06,profile_opened,2025-12-06 08:30
E0003152,A001615,R07,ai_score_viewed,2025-12-06 09:04
E0003153,A001615,R01,shortlisted,2025-12-06 17:24
E0003154,A001616,R06,profile_opened,2025-10-14 21:58
E0003155,A001616,R12,ai_score_viewed,2025-10-14 22:45
E0003156,A001617,R03,profile_opened,2026-04-30 12:42
E0003157,A001617,R02,ai_score_viewed,2026-04-30 13:06
E0003158,A001618,R03,profile_opened,2026-04-06 06:51
E0003159,A001618,R10,ai_score_viewed,2026-04-06 07:20
E0003160,A001619,R06,profile_opened,2025-11-23 14:58
E0003161,A001619,R07,ai_score_viewed,2025-11-23 15:07
E0003162,A001620,R08,profile_opened,2025-10-09 16:38
E0003163,A001620,R12,ai_score_viewed,2025-10-09 17:13
E0003164,A001621,R12,profile_opened,2026-04-01 09:07
E0003165,A001622,R09,profile_opened,2025-12-13 21:32
E0003166,A001622,R03,ai_score_viewed,2025-12-13 21:58
E0003167,A001623,R06,profile_opened,2026-04-29 18:30
E0003168,A001623,R10,ai_score_viewed,2026-04-29 19:09
E0003169,A001623,R08,shortlisted,2026-04-30 04:22
E0003170,A001625,R09,shortlisted,2025-09-19 11:02
E0003171,A001627,R10,ai_score_viewed,2025-11-25 05:49
E0003172,A001627,R10,shortlisted,2025-11-25 13:12
E0003173,A001628,R09,profile_opened,2026-07-11 12:17
E0003174,A001628,R05,ai_score_viewed,2026-07-11 12:39
E0003175,A001629,R03,profile_opened,2025-10-16 15:33
E0003176,A001629,R02,ai_score_viewed,2025-10-16 15:34
E0003177,A001630,R12,profile_opened,2026-03-17 09:55
E0003178,A001630,R04,ai_score_viewed,2026-03-17 10:03
E0003179,A001630,R04,shortlisted,2026-03-17 19:47
E0003180,A001631,R06,profile_opened,2026-02-15 19:13
E0003181,A001632,R07,profile_opened,2026-05-21 15:17
E0003182,A001632,R12,ai_score_viewed,2026-05-21 16:03
E0003183,A001634,R07,profile_opened,2025-09-17 16:46
E0003184,A001635,R02,profile_opened,2025-10-21 06:00
E0003185,A001635,R05,ai_score_viewed,2025-10-21 06:57
E0003186,A001636,R06,shortlisted,2026-05-10 16:54
E0003187,A001637,R05,profile_opened,2025-09-29 02:30
E0003188,A001637,R03,ai_score_viewed,2025-09-29 02:38
E0003189,A001638,R01,profile_opened,2026-07-13 23:32
E0003190,A001638,R02,ai_score_viewed,2026-07-13 23:41
E0003191,A001638,R03,shortlisted,2026-07-14 05:10
E0003192,A001639,R01,profile_opened,2026-03-22 08:32
E0003193,A001639,R03,shortlisted,2026-03-22 11:19
E0003194,A001640,R02,profile_opened,2026-04-16 00:20
E0003195,A001640,R02,ai_score_viewed,2026-04-16 00:23
E0003196,A001641,R01,profile_opened,2026-01-19 09:54
E0003197,A001641,R03,ai_score_viewed,2026-01-19 10:40
E0003198,A001641,R04,shortlisted,2026-01-19 10:57
E0003199,A001642,R04,profile_opened,2026-04-15 11:12
E0003200,A001642,R03,ai_score_viewed,2026-04-15 11:48
E0003201,A001642,R04,shortlisted,2026-04-15 15:48
E0003202,A001643,R12,profile_opened,2026-06-02 12:30
E0003203,A001643,R09,ai_score_viewed,2026-06-02 13:28
E0003204,A001644,R07,profile_opened,2025-12-22 21:47
E0003205,A001644,R03,ai_score_viewed,2025-12-22 22:16
E0003206,A001645,R12,profile_opened,2026-07-02 07:20
E0003207,A001645,R05,ai_score_viewed,2026-07-02 08:07
E0003208,A001646,R11,profile_opened,2026-04-27 20:33
E0003209,A001646,R07,ai_score_viewed,2026-04-27 21:11
E0003210,A001647,R04,profile_opened,2026-05-10 01:23
E0003211,A001647,R06,ai_score_viewed,2026-05-10 01:50
E0003212,A001648,R04,profile_opened,2026-04-17 13:01
E0003213,A001648,R11,ai_score_viewed,2026-04-17 13:36
E0003214,A001648,R05,shortlisted,2026-04-17 19:33
E0003215,A001649,R01,profile_opened,2026-03-11 15:16
E0003216,A001649,R04,ai_score_viewed,2026-03-11 15:29
E0003217,A001651,R05,ai_score_viewed,2026-06-03 06:54
E0003218,A001652,R04,profile_opened,2025-09-21 13:04
E0003219,A001652,R12,ai_score_viewed,2025-09-21 13:18
E0003220,A001653,R11,profile_opened,2026-04-27 15:39
E0003221,A001653,R07,shortlisted,2026-04-27 19:04
E0003222,A001654,R07,profile_opened,2025-10-08 05:24
E0003223,A001655,R01,profile_opened,2025-11-04 12:00
E0003224,A001655,R01,ai_score_viewed,2025-11-04 12:53
E0003225,A001655,R05,shortlisted,2025-11-04 19:48
E0003226,A001656,R04,profile_opened,2026-05-25 05:03
E0003227,A001656,R02,ai_score_viewed,2026-05-25 05:43
E0003228,A001657,R12,profile_opened,2026-07-01 19:28
E0003229,A001658,R01,profile_opened,2026-03-16 17:05
E0003230,A001658,R03,ai_score_viewed,2026-03-16 17:57
E0003231,A001658,R11,shortlisted,2026-03-17 02:08
E0003232,A001659,R05,profile_opened,2026-04-17 19:44
E0003233,A001659,R11,ai_score_viewed,2026-04-17 19:50
E0003234,A001660,R02,profile_opened,2025-09-20 12:35
E0003235,A001660,R04,shortlisted,2025-09-20 21:03
E0003236,A001661,R06,profile_opened,2025-10-20 06:01
E0003237,A001661,R07,ai_score_viewed,2025-10-20 06:49
E0003238,A001662,R09,profile_opened,2026-07-19 21:01
E0003239,A001662,R10,ai_score_viewed,2026-07-19 21:09
E0003240,A001663,R01,profile_opened,2025-09-13 13:40
E0003241,A001663,R05,ai_score_viewed,2025-09-13 13:59
E0003242,A001663,R09,shortlisted,2025-09-13 15:28
E0003243,A001664,R05,profile_opened,2026-04-16 17:23
E0003244,A001664,R08,shortlisted,2026-04-16 19:06
E0003245,A001665,R03,profile_opened,2025-11-03 19:43
E0003246,A001666,R07,profile_opened,2026-02-28 01:35
E0003247,A001667,R12,profile_opened,2026-06-30 07:04
E0003248,A001667,R07,ai_score_viewed,2026-06-30 07:29
E0003249,A001668,R09,profile_opened,2026-05-01 01:07
E0003250,A001669,R11,profile_opened,2025-10-12 10:43
E0003251,A001669,R09,ai_score_viewed,2025-10-12 11:25
E0003252,A001669,R12,shortlisted,2025-10-12 15:21
E0003253,A001670,R03,profile_opened,2026-06-24 19:11
E0003254,A001670,R10,shortlisted,2026-06-24 21:20
E0003255,A001671,R03,profile_opened,2025-12-24 03:51
E0003256,A001671,R11,ai_score_viewed,2025-12-24 04:06
E0003257,A001672,R11,profile_opened,2025-10-30 17:00
E0003258,A001673,R01,profile_opened,2026-04-02 03:32
E0003259,A001673,R01,shortlisted,2026-04-02 05:10
E0003260,A001674,R01,profile_opened,2025-09-08 20:55
E0003261,A001674,R04,ai_score_viewed,2025-09-08 21:40
E0003262,A001674,R12,shortlisted,2025-09-09 06:02
E0003263,A001675,R09,ai_score_viewed,2025-11-30 15:16
E0003264,A001675,R11,shortlisted,2025-12-01 00:48
E0003265,A001676,R02,profile_opened,2026-05-16 06:43
E0003266,A001676,R03,ai_score_viewed,2026-05-16 06:47
E0003267,A001676,R08,shortlisted,2026-05-16 15:30
E0003268,A001677,R09,profile_opened,2026-03-04 19:14
E0003269,A001677,R12,ai_score_viewed,2026-03-04 19:26
E0003270,A001678,R11,profile_opened,2026-05-02 22:35
E0003271,A001678,R12,ai_score_viewed,2026-05-02 23:00
E0003272,A001679,R11,profile_opened,2026-05-29 10:39
E0003273,A001680,R03,profile_opened,2026-02-15 15:49
E0003274,A001680,R10,ai_score_viewed,2026-02-15 16:20
E0003275,A001681,R12,profile_opened,2026-02-16 08:55
E0003276,A001681,R02,ai_score_viewed,2026-02-16 08:56
E0003277,A001682,R09,profile_opened,2026-02-06 21:09
E0003278,A001682,R02,ai_score_viewed,2026-02-06 21:24
E0003279,A001682,R10,shortlisted,2026-02-07 01:41
E0003280,A001683,R08,profile_opened,2025-10-30 23:27
E0003281,A001683,R12,ai_score_viewed,2025-10-30 23:55
E0003282,A001684,R04,profile_opened,2026-06-06 21:54
E0003283,A001684,R03,ai_score_viewed,2026-06-06 22:13
E0003284,A001684,R08,shortlisted,2026-06-07 00:30
E0003285,A001685,R12,profile_opened,2026-04-29 06:31
E0003286,A001685,R07,ai_score_viewed,2026-04-29 06:32
E0003287,A001685,R12,shortlisted,2026-04-29 08:02
E0003288,A001687,R08,profile_opened,2026-03-17 10:14
E0003289,A001687,R03,ai_score_viewed,2026-03-17 10:20
E0003290,A001687,R06,shortlisted,2026-03-17 13:48
E0003291,A001688,R09,profile_opened,2025-11-30 10:53
E0003292,A001689,R01,profile_opened,2026-06-02 09:20
E0003293,A001689,R08,shortlisted,2026-06-02 13:32
E0003294,A001690,R11,profile_opened,2026-05-27 07:22
E0003295,A001690,R04,ai_score_viewed,2026-05-27 07:34
E0003296,A001691,R11,profile_opened,2025-09-16 15:05
E0003297,A001691,R03,shortlisted,2025-09-16 20:35
E0003298,A001692,R08,profile_opened,2025-11-16 21:04
E0003299,A001692,R09,ai_score_viewed,2025-11-16 21:28
E0003300,A001693,R08,profile_opened,2026-06-21 14:31
E0003301,A001693,R12,ai_score_viewed,2026-06-21 15:10
E0003302,A001694,R01,profile_opened,2025-09-29 06:31
E0003303,A001694,R02,shortlisted,2025-09-29 13:47
E0003304,A001695,R04,profile_opened,2026-07-04 03:25
E0003305,A001695,R03,shortlisted,2026-07-04 08:07
E0003306,A001696,R07,profile_opened,2026-05-18 08:28
E0003307,A001696,R03,shortlisted,2026-05-18 17:38
E0003308,A001697,R07,profile_opened,2026-03-16 23:24
E0003309,A001698,R06,profile_opened,2026-06-23 22:51
E0003310,A001698,R08,ai_score_viewed,2026-06-23 23:49
E0003311,A001699,R07,profile_opened,2025-10-27 18:42
E0003312,A001699,R06,ai_score_viewed,2025-10-27 19:11
E0003313,A001700,R08,profile_opened,2026-03-09 15:28
E0003314,A001700,R07,shortlisted,2026-03-09 23:56
E0003315,A001701,R03,profile_opened,2026-02-05 03:28
E0003316,A001701,R12,ai_score_viewed,2026-02-05 03:41
E0003317,A001702,R02,profile_opened,2025-10-04 00:25
E0003318,A001702,R07,ai_score_viewed,2025-10-04 01:19
E0003319,A001702,R04,shortlisted,2025-10-04 08:23
E0003320,A001703,R11,profile_opened,2026-05-23 01:57
E0003321,A001704,R10,profile_opened,2026-04-22 18:43
E0003322,A001704,R05,shortlisted,2026-04-22 23:42
E0003323,A001705,R09,profile_opened,2026-02-07 10:21
E0003324,A001705,R02,ai_score_viewed,2026-02-07 10:41
E0003325,A001706,R05,profile_opened,2026-07-09 10:56
E0003326,A001706,R07,ai_score_viewed,2026-07-09 11:06
E0003327,A001707,R02,profile_opened,2026-07-19 08:29
E0003328,A001707,R02,ai_score_viewed,2026-07-19 08:34
E0003329,A001708,R06,profile_opened,2026-04-25 12:17
E0003330,A001708,R06,shortlisted,2026-04-25 16:10
E0003331,A001709,R09,profile_opened,2025-11-14 18:43
E0003332,A001709,R08,shortlisted,2025-11-15 00:39
E0003333,A001710,R03,profile_opened,2026-06-07 11:09
E0003334,A001710,R05,ai_score_viewed,2026-06-07 11:46
E0003335,A001710,R08,shortlisted,2026-06-07 18:17
E0003336,A001711,R05,profile_opened,2026-05-11 19:17
E0003337,A001711,R03,ai_score_viewed,2026-05-11 19:46
E0003338,A001712,R05,shortlisted,2026-02-22 19:16
E0003339,A001713,R05,profile_opened,2026-02-27 04:11
E0003340,A001714,R03,profile_opened,2025-10-09 04:19
E0003341,A001715,R11,profile_opened,2025-09-02 12:00
E0003342,A001715,R08,ai_score_viewed,2025-09-02 12:19
E0003343,A001715,R02,shortlisted,2025-09-02 16:49
E0003344,A001716,R12,profile_opened,2025-09-30 06:26
E0003345,A001717,R07,profile_opened,2026-01-24 14:59
E0003346,A001718,R07,profile_opened,2026-06-03 06:49
E0003347,A001718,R07,ai_score_viewed,2026-06-03 07:16
E0003348,A001718,R07,shortlisted,2026-06-03 14:21
E0003349,A001719,R05,profile_opened,2026-03-06 18:02
E0003350,A001719,R11,ai_score_viewed,2026-03-06 18:27
E0003351,A001720,R12,profile_opened,2026-05-10 06:26
E0003352,A001720,R03,shortlisted,2026-05-10 09:38
E0003353,A001721,R10,profile_opened,2026-02-03 21:33
E0003354,A001721,R01,ai_score_viewed,2026-02-03 22:20
E0003355,A001722,R03,profile_opened,2025-11-23 02:16
E0003356,A001722,R01,shortlisted,2025-11-23 06:16
E0003357,A001723,R05,profile_opened,2026-05-20 13:02
E0003358,A001723,R12,ai_score_viewed,2026-05-20 13:03
E0003359,A001724,R02,profile_opened,2026-03-03 12:18
E0003360,A001725,R01,profile_opened,2026-05-20 07:58
E0003361,A001725,R06,shortlisted,2026-05-20 14:27
E0003362,A001726,R04,profile_opened,2026-03-18 14:26
E0003363,A001726,R12,shortlisted,2026-03-18 18:35
E0003364,A001727,R01,profile_opened,2026-03-16 06:35
E0003365,A001727,R10,shortlisted,2026-03-16 15:34
E0003366,A001728,R02,profile_opened,2025-11-08 21:15
E0003367,A001728,R01,ai_score_viewed,2025-11-08 21:35
E0003368,A001729,R09,profile_opened,2025-11-18 05:15
E0003369,A001729,R02,ai_score_viewed,2025-11-18 06:02
E0003370,A001729,R06,shortlisted,2025-11-18 10:07
E0003371,A001730,R01,profile_opened,2025-09-17 10:10
E0003372,A001730,R09,ai_score_viewed,2025-09-17 10:49
E0003373,A001731,R03,profile_opened,2025-12-24 12:10
E0003374,A001731,R09,ai_score_viewed,2025-12-24 12:44
E0003375,A001732,R04,profile_opened,2026-02-12 18:39
E0003376,A001732,R11,shortlisted,2026-02-13 00:55
E0003377,A001733,R08,profile_opened,2025-12-02 09:17
E0003378,A001733,R11,ai_score_viewed,2025-12-02 09:45
E0003379,A001734,R01,profile_opened,2026-01-01 16:06
E0003380,A001734,R05,ai_score_viewed,2026-01-01 16:50
E0003381,A001735,R02,profile_opened,2026-06-15 02:35
E0003382,A001735,R06,ai_score_viewed,2026-06-15 03:05
E0003383,A001736,R01,profile_opened,2026-04-15 02:16
E0003384,A001736,R08,shortlisted,2026-04-15 03:48
E0003385,A001737,R03,profile_opened,2025-09-20 11:37
E0003386,A001737,R08,ai_score_viewed,2025-09-20 12:32
E0003387,A001737,R12,shortlisted,2025-09-20 14:00
E0003388,A001738,R09,profile_opened,2025-11-09 00:58
E0003389,A001738,R04,ai_score_viewed,2025-11-09 01:31
E0003390,A001739,R12,profile_opened,2026-06-04 02:54
E0003391,A001739,R02,shortlisted,2026-06-04 09:54
E0003392,A001740,R09,profile_opened,2026-05-06 11:27
E0003393,A001740,R10,ai_score_viewed,2026-05-06 11:56
E0003394,A001740,R07,shortlisted,2026-05-06 18:28
E0003395,A001741,R09,profile_opened,2026-06-17 18:57
E0003396,A001741,R08,shortlisted,2026-06-18 01:10
E0003397,A001742,R03,profile_opened,2025-10-28 11:21
E0003398,A001742,R09,ai_score_viewed,2025-10-28 12:15
E0003399,A001743,R05,profile_opened,2026-07-14 03:45
E0003400,A001744,R02,profile_opened,2026-06-04 07:35
E0003401,A001744,R06,ai_score_viewed,2026-06-04 07:59
E0003402,A001744,R08,shortlisted,2026-06-04 16:21
E0003403,A001745,R10,profile_opened,2025-09-12 00:45
E0003404,A001745,R08,ai_score_viewed,2025-09-12 00:55
E0003405,A001746,R12,profile_opened,2026-06-25 17:50
E0003406,A001746,R10,ai_score_viewed,2026-06-25 18:00
E0003407,A001746,R04,shortlisted,2026-06-25 23:53
E0003408,A001747,R03,profile_opened,2026-04-26 20:39
E0003409,A001747,R11,ai_score_viewed,2026-04-26 21:08
E0003410,A001748,R11,profile_opened,2026-02-04 04:12
E0003411,A001748,R07,ai_score_viewed,2026-02-04 05:05
E0003412,A001749,R01,profile_opened,2026-05-11 18:47
E0003413,A001749,R11,ai_score_viewed,2026-05-11 19:18
E0003414,A001750,R10,profile_opened,2026-01-21 20:08
E0003415,A001750,R04,ai_score_viewed,2026-01-21 20:48
E0003416,A001750,R07,shortlisted,2026-01-22 00:47
E0003417,A001751,R03,profile_opened,2026-07-09 03:35
E0003418,A001751,R02,ai_score_viewed,2026-07-09 04:26
E0003419,A001751,R07,shortlisted,2026-07-09 13:09
E0003420,A001752,R08,profile_opened,2025-09-16 19:12
E0003421,A001752,R05,ai_score_viewed,2025-09-16 19:48
E0003422,A001753,R05,profile_opened,2026-05-24 22:08
E0003423,A001753,R05,ai_score_viewed,2026-05-24 22:47
E0003424,A001754,R06,profile_opened,2026-04-05 03:04
E0003425,A001754,R04,ai_score_viewed,2026-04-05 03:36
E0003426,A001755,R06,ai_score_viewed,2025-11-24 20:44
E0003427,A001755,R02,shortlisted,2025-11-25 03:01
E0003428,A001756,R09,profile_opened,2026-05-01 01:03
E0003429,A001756,R10,shortlisted,2026-05-01 09:11
E0003430,A001757,R05,profile_opened,2025-10-15 01:08
E0003431,A001757,R10,ai_score_viewed,2025-10-15 01:45
E0003432,A001758,R07,profile_opened,2025-11-01 10:07
E0003433,A001758,R07,ai_score_viewed,2025-11-01 10:17
E0003434,A001759,R01,profile_opened,2026-03-09 08:44
E0003435,A001759,R02,ai_score_viewed,2026-03-09 09:39
E0003436,A001760,R02,profile_opened,2026-06-08 03:07
E0003437,A001760,R07,ai_score_viewed,2026-06-08 03:52
E0003438,A001761,R05,profile_opened,2025-10-28 16:17
E0003439,A001761,R07,ai_score_viewed,2025-10-28 16:49
E0003440,A001761,R08,shortlisted,2025-10-29 01:54
E0003441,A001762,R10,profile_opened,2025-11-18 12:50
E0003442,A001762,R01,ai_score_viewed,2025-11-18 13:21
E0003443,A001763,R05,ai_score_viewed,2025-11-23 21:37
E0003444,A001763,R04,shortlisted,2025-11-24 02:20
E0003445,A001764,R12,profile_opened,2026-01-06 17:31
E0003446,A001764,R06,ai_score_viewed,2026-01-06 17:44
E0003447,A001764,R11,shortlisted,2026-01-07 00:39
E0003448,A001765,R12,profile_opened,2026-03-19 12:55
E0003449,A001765,R03,shortlisted,2026-03-19 14:11
E0003450,A001766,R08,profile_opened,2025-12-23 10:51
E0003451,A001766,R12,ai_score_viewed,2025-12-23 10:59
E0003452,A001767,R01,profile_opened,2026-06-25 21:16
E0003453,A001767,R12,shortlisted,2026-06-26 02:46
E0003454,A001768,R10,profile_opened,2026-01-19 12:41
E0003455,A001768,R02,ai_score_viewed,2026-01-19 13:14
E0003456,A001768,R05,shortlisted,2026-01-19 13:41
E0003457,A001769,R07,profile_opened,2026-07-11 20:55
E0003458,A001769,R12,ai_score_viewed,2026-07-11 21:22
E0003459,A001770,R05,profile_opened,2026-05-27 17:18
E0003460,A001770,R05,shortlisted,2026-05-27 23:24
E0003461,A001771,R06,ai_score_viewed,2026-07-21 05:22
E0003462,A001772,R07,profile_opened,2025-11-11 12:49
E0003463,A001772,R03,ai_score_viewed,2025-11-11 13:10
E0003464,A001772,R01,shortlisted,2025-11-11 18:59
E0003465,A001773,R04,profile_opened,2026-02-05 05:57
E0003466,A001773,R07,ai_score_viewed,2026-02-05 06:24
E0003467,A001774,R12,profile_opened,2026-06-19 21:28
E0003468,A001774,R03,ai_score_viewed,2026-06-19 22:13
E0003469,A001774,R05,shortlisted,2026-06-20 05:02
E0003470,A001775,R02,profile_opened,2025-10-04 21:16
E0003471,A001775,R09,ai_score_viewed,2025-10-04 21:21
E0003472,A001775,R07,shortlisted,2025-10-05 00:20
E0003473,A001776,R05,profile_opened,2026-06-30 07:48
E0003474,A001776,R06,ai_score_viewed,2026-06-30 08:24
E0003475,A001776,R08,shortlisted,2026-06-30 15:11
E0003476,A001777,R11,profile_opened,2026-05-23 14:30
E0003477,A001777,R10,ai_score_viewed,2026-05-23 15:14
E0003478,A001778,R03,profile_opened,2026-07-19 00:52
E0003479,A001778,R03,ai_score_viewed,2026-07-19 01:35
E0003480,A001779,R05,profile_opened,2026-01-10 20:19
E0003481,A001779,R08,ai_score_viewed,2026-01-10 20:40
E0003482,A001780,R07,profile_opened,2025-12-04 13:15
E0003483,A001780,R02,ai_score_viewed,2025-12-04 13:46
E0003484,A001781,R06,profile_opened,2026-05-27 05:22
E0003485,A001781,R08,ai_score_viewed,2026-05-27 05:49
E0003486,A001782,R10,profile_opened,2025-11-30 23:34
E0003487,A001782,R06,ai_score_viewed,2025-11-30 23:42
E0003488,A001782,R12,shortlisted,2025-12-01 06:48
E0003489,A001783,R11,profile_opened,2025-10-27 19:46
E0003490,A001783,R01,ai_score_viewed,2025-10-27 19:47
E0003491,A001783,R07,shortlisted,2025-10-27 22:43
E0003492,A001784,R08,profile_opened,2026-06-19 21:49
E0003493,A001784,R01,ai_score_viewed,2026-06-19 21:50
E0003494,A001785,R01,profile_opened,2026-04-19 20:35
E0003495,A001785,R02,ai_score_viewed,2026-04-19 20:54
E0003496,A001785,R04,shortlisted,2026-04-19 21:51
E0003497,A001786,R09,profile_opened,2026-05-13 15:12
E0003498,A001786,R02,shortlisted,2026-05-13 21:06
E0003499,A001787,R12,profile_opened,2026-04-19 16:26
E0003500,A001787,R10,ai_score_viewed,2026-04-19 17:09
E0003501,A001788,R11,profile_opened,2025-09-22 12:23
E0003502,A001788,R05,ai_score_viewed,2025-09-22 13:23
E0003503,A001789,R04,profile_opened,2025-09-30 01:44
E0003504,A001789,R02,ai_score_viewed,2025-09-30 01:52
E0003505,A001790,R04,profile_opened,2025-12-02 03:26
E0003506,A001790,R01,ai_score_viewed,2025-12-02 04:11
E0003507,A001790,R03,shortlisted,2025-12-02 12:30
E0003508,A001791,R04,profile_opened,2026-02-02 18:32
E0003509,A001791,R03,ai_score_viewed,2026-02-02 19:12
E0003510,A001791,R01,shortlisted,2026-02-03 00:35
E0003511,A001792,R02,profile_opened,2026-05-14 18:25
E0003512,A001793,R06,profile_opened,2026-06-26 13:42
E0003513,A001793,R06,ai_score_viewed,2026-06-26 14:06
E0003514,A001793,R01,shortlisted,2026-06-26 16:51
E0003515,A001794,R10,profile_opened,2026-05-01 13:21
E0003516,A001794,R12,ai_score_viewed,2026-05-01 14:02
E0003517,A001795,R03,profile_opened,2025-09-10 15:32
E0003518,A001796,R06,profile_opened,2026-01-13 03:11
E0003519,A001796,R07,ai_score_viewed,2026-01-13 03:47
E0003520,A001797,R10,profile_opened,2025-12-20 12:07
E0003521,A001797,R01,ai_score_viewed,2025-12-20 13:07
E0003522,A001797,R12,shortlisted,2025-12-20 14:59
E0003523,A001798,R01,profile_opened,2025-10-12 03:41
E0003524,A001798,R07,shortlisted,2025-10-12 04:51
E0003525,A001799,R06,profile_opened,2026-06-07 00:16
E0003526,A001799,R03,ai_score_viewed,2026-06-07 01:07
E0003527,A001800,R03,profile_opened,2026-05-23 02:42
E0003528,A001800,R09,ai_score_viewed,2026-05-23 03:04
E0003529,A001801,R01,profile_opened,2026-07-20 11:09
E0003530,A001801,R11,ai_score_viewed,2026-07-20 12:04
E0003531,A001801,R12,shortlisted,2026-07-20 12:22
E0003532,A001802,R10,profile_opened,2026-04-24 13:02
E0003533,A001802,R04,ai_score_viewed,2026-04-24 13:51
E0003534,A001802,R08,shortlisted,2026-04-24 19:47
E0003535,A001803,R03,profile_opened,2025-12-27 00:58
E0003536,A001804,R10,profile_opened,2025-12-10 15:12
E0003537,A001804,R03,ai_score_viewed,2025-12-10 16:05
E0003538,A001804,R06,shortlisted,2025-12-10 23:04
E0003539,A001805,R07,profile_opened,2026-02-06 21:16
E0003540,A001805,R01,ai_score_viewed,2026-02-06 21:20
E0003541,A001806,R08,profile_opened,2025-09-20 23:45
E0003542,A001806,R08,ai_score_viewed,2025-09-21 00:32
E0003543,A001806,R03,shortlisted,2025-09-21 05:11
E0003544,A001808,R09,profile_opened,2025-12-12 15:55
E0003545,A001808,R03,ai_score_viewed,2025-12-12 15:56
E0003546,A001808,R01,shortlisted,2025-12-12 19:28
E0003547,A001809,R05,profile_opened,2026-02-10 06:25
E0003548,A001810,R06,profile_opened,2025-12-21 06:04
E0003549,A001811,R04,profile_opened,2026-04-15 16:47
E0003550,A001811,R08,ai_score_viewed,2026-04-15 17:23
E0003551,A001811,R02,shortlisted,2026-04-16 00:28
E0003552,A001812,R10,ai_score_viewed,2025-09-04 19:08
E0003553,A001813,R11,profile_opened,2026-06-16 04:21
E0003554,A001814,R06,profile_opened,2025-12-02 05:35
E0003555,A001814,R03,ai_score_viewed,2025-12-02 06:13
E0003556,A001815,R09,profile_opened,2026-07-07 12:30
E0003557,A001815,R02,shortlisted,2026-07-07 17:48
E0003558,A001816,R03,profile_opened,2025-11-06 05:05
E0003559,A001816,R07,ai_score_viewed,2025-11-06 05:47
E0003560,A001816,R05,shortlisted,2025-11-06 11:54
E0003561,A001817,R11,profile_opened,2025-09-14 07:30
E0003562,A001817,R11,shortlisted,2025-09-14 08:30
E0003563,A001818,R08,profile_opened,2026-03-08 18:12
E0003564,A001819,R08,profile_opened,2026-01-25 23:53
E0003565,A001819,R08,ai_score_viewed,2026-01-26 00:07
E0003566,A001820,R03,profile_opened,2026-03-22 23:07
E0003567,A001821,R10,profile_opened,2026-03-19 05:06
E0003568,A001822,R12,profile_opened,2025-10-23 03:18
E0003569,A001822,R06,ai_score_viewed,2025-10-23 03:44
E0003570,A001822,R09,shortlisted,2025-10-23 11:25
E0003571,A001823,R06,ai_score_viewed,2025-12-15 01:22
E0003572,A001824,R12,profile_opened,2025-12-31 18:56
E0003573,A001824,R11,ai_score_viewed,2025-12-31 19:53
E0003574,A001825,R04,profile_opened,2026-04-24 19:28
E0003575,A001825,R09,ai_score_viewed,2026-04-24 20:04
E0003576,A001826,R12,profile_opened,2026-07-13 03:09
E0003577,A001826,R09,ai_score_viewed,2026-07-13 03:21
E0003578,A001827,R11,profile_opened,2026-05-21 05:31
E0003579,A001828,R10,profile_opened,2025-09-04 15:39
E0003580,A001829,R12,ai_score_viewed,2026-06-02 11:50
E0003581,A001830,R09,profile_opened,2025-09-18 00:30
E0003582,A001830,R11,shortlisted,2025-09-18 05:43
E0003583,A001831,R07,profile_opened,2026-03-18 06:19
E0003584,A001831,R11,shortlisted,2026-03-18 13:48
E0003585,A001832,R01,profile_opened,2026-05-11 15:23
E0003586,A001832,R09,shortlisted,2026-05-12 00:36
E0003587,A001833,R12,profile_opened,2026-06-21 04:19
E0003588,A001833,R10,ai_score_viewed,2026-06-21 05:14
E0003589,A001834,R03,profile_opened,2026-01-13 09:58
E0003590,A001836,R07,profile_opened,2025-09-09 22:58
E0003591,A001836,R03,ai_score_viewed,2025-09-09 23:03
E0003592,A001836,R06,shortlisted,2025-09-10 02:29
E0003593,A001837,R08,profile_opened,2026-01-27 12:00
E0003594,A001837,R07,shortlisted,2026-01-27 17:06
E0003595,A001838,R09,profile_opened,2025-11-06 23:08
E0003596,A001839,R12,profile_opened,2025-10-12 02:11
E0003597,A001839,R12,ai_score_viewed,2025-10-12 03:03
E0003598,A001839,R09,shortlisted,2025-10-12 06:14
E0003599,A001840,R07,profile_opened,2025-11-12 10:01
E0003600,A001840,R09,ai_score_viewed,2025-11-12 10:13
E0003601,A001841,R10,profile_opened,2026-05-27 04:51
E0003602,A001841,R06,ai_score_viewed,2026-05-27 05:12
E0003603,A001841,R03,shortlisted,2026-05-27 11:35
E0003604,A001842,R02,profile_opened,2026-07-17 21:47
E0003605,A001843,R04,profile_opened,2026-03-21 02:57
E0003606,A001843,R03,ai_score_viewed,2026-03-21 03:19
E0003607,A001843,R06,shortlisted,2026-03-21 05:55
E0003608,A001844,R10,ai_score_viewed,2026-01-08 13:53
E0003609,A001845,R01,profile_opened,2026-07-24 18:42
E0003610,A001845,R12,ai_score_viewed,2026-07-24 18:56
E0003611,A001846,R04,profile_opened,2026-05-06 18:52
E0003612,A001847,R12,shortlisted,2026-02-08 22:00
E0003613,A001848,R12,profile_opened,2025-11-18 02:36
E0003614,A001848,R09,ai_score_viewed,2025-11-18 03:26
E0003615,A001848,R03,shortlisted,2025-11-18 09:55
E0003616,A001849,R11,ai_score_viewed,2025-12-11 16:08
E0003617,A001849,R02,shortlisted,2025-12-11 23:14
E0003618,A001850,R10,ai_score_viewed,2026-05-17 02:05
E0003619,A001850,R04,shortlisted,2026-05-17 11:09
E0003620,A001851,R08,profile_opened,2026-03-13 00:23
E0003621,A001851,R10,ai_score_viewed,2026-03-13 01:05
E0003622,A001852,R11,profile_opened,2026-04-22 03:22
E0003623,A001852,R10,ai_score_viewed,2026-04-22 03:37
E0003624,A001852,R11,shortlisted,2026-04-22 07:07
E0003625,A001853,R08,profile_opened,2026-04-23 18:57
E0003626,A001854,R04,profile_opened,2026-02-11 20:04
E0003627,A001854,R08,ai_score_viewed,2026-02-11 20:14
E0003628,A001855,R04,profile_opened,2026-01-05 11:57
E0003629,A001855,R07,ai_score_viewed,2026-01-05 12:01
E0003630,A001855,R12,shortlisted,2026-01-05 16:17
E0003631,A001856,R01,profile_opened,2025-10-05 06:25
E0003632,A001856,R01,ai_score_viewed,2025-10-05 06:29
E0003633,A001857,R02,profile_opened,2026-06-04 17:54
E0003634,A001858,R06,profile_opened,2025-09-11 07:27
E0003635,A001858,R04,ai_score_viewed,2025-09-11 07:42
E0003636,A001858,R06,shortlisted,2025-09-11 09:44
E0003637,A001859,R09,ai_score_viewed,2026-04-25 03:09
E0003638,A001860,R02,profile_opened,2026-03-10 16:33
E0003639,A001860,R03,ai_score_viewed,2026-03-10 17:11
E0003640,A001861,R04,profile_opened,2026-07-29 11:30
E0003641,A001862,R05,profile_opened,2025-09-29 20:03
E0003642,A001862,R06,ai_score_viewed,2025-09-29 20:37
E0003643,A001863,R10,profile_opened,2026-05-23 18:57
E0003644,A001863,R09,ai_score_viewed,2026-05-23 19:17
E0003645,A001864,R06,profile_opened,2026-06-15 22:23
E0003646,A001864,R05,ai_score_viewed,2026-06-15 22:47
E0003647,A001864,R07,shortlisted,2026-06-16 04:26
E0003648,A001865,R05,profile_opened,2026-02-09 16:18
E0003649,A001865,R07,shortlisted,2026-02-10 01:20
E0003650,A001866,R05,profile_opened,2025-12-07 07:20
E0003651,A001867,R10,profile_opened,2026-03-28 17:30
E0003652,A001867,R01,ai_score_viewed,2026-03-28 18:27
E0003653,A001868,R06,profile_opened,2026-05-31 03:16
E0003654,A001868,R06,shortlisted,2026-05-31 12:58
E0003655,A001869,R04,profile_opened,2026-06-24 14:33
E0003656,A001869,R11,ai_score_viewed,2026-06-24 15:00
E0003657,A001870,R08,profile_opened,2025-09-26 22:02
E0003658,A001870,R10,ai_score_viewed,2025-09-26 22:28
E0003659,A001870,R02,shortlisted,2025-09-27 04:56
E0003660,A001871,R08,profile_opened,2025-10-21 11:38
E0003661,A001872,R06,profile_opened,2026-03-16 12:37
E0003662,A001874,R10,profile_opened,2025-10-21 17:39
E0003663,A001874,R06,ai_score_viewed,2025-10-21 18:13
E0003664,A001875,R12,profile_opened,2026-07-14 15:53
E0003665,A001875,R09,ai_score_viewed,2026-07-14 16:29
E0003666,A001875,R04,shortlisted,2026-07-15 00:35
E0003667,A001876,R02,ai_score_viewed,2025-09-04 07:47
E0003668,A001877,R07,profile_opened,2025-09-16 16:33
E0003669,A001877,R10,ai_score_viewed,2025-09-16 17:02
E0003670,A001878,R12,profile_opened,2026-05-31 21:40
E0003671,A001878,R01,shortlisted,2026-06-01 05:51
E0003672,A001879,R10,profile_opened,2026-01-08 11:15
E0003673,A001879,R11,shortlisted,2026-01-08 17:43
E0003674,A001880,R02,profile_opened,2026-07-06 06:06
E0003675,A001880,R10,ai_score_viewed,2026-07-06 06:49
E0003676,A001880,R11,shortlisted,2026-07-06 15:59
E0003677,A001881,R06,profile_opened,2025-12-01 05:03
E0003678,A001881,R07,ai_score_viewed,2025-12-01 05:14
E0003679,A001882,R10,profile_opened,2026-02-21 00:27
E0003680,A001882,R02,ai_score_viewed,2026-02-21 00:53
E0003681,A001883,R05,profile_opened,2026-07-14 22:08
E0003682,A001884,R01,profile_opened,2026-04-22 01:32
E0003683,A001884,R11,ai_score_viewed,2026-04-22 02:16
E0003684,A001884,R02,shortlisted,2026-04-22 08:45
E0003685,A001885,R09,profile_opened,2026-01-16 17:03
E0003686,A001886,R11,ai_score_viewed,2026-06-26 00:48
E0003687,A001887,R04,profile_opened,2026-01-26 20:22
E0003688,A001887,R06,ai_score_viewed,2026-01-26 21:02
E0003689,A001888,R01,profile_opened,2025-09-27 04:43
E0003690,A001888,R08,ai_score_viewed,2025-09-27 05:20
E0003691,A001888,R02,shortlisted,2025-09-27 14:08
E0003692,A001889,R12,profile_opened,2026-01-21 14:46
E0003693,A001889,R09,ai_score_viewed,2026-01-21 15:15
E0003694,A001890,R10,profile_opened,2025-12-09 04:13
E0003695,A001890,R12,ai_score_viewed,2025-12-09 05:07
E0003696,A001890,R04,shortlisted,2025-12-09 05:51
E0003697,A001891,R10,profile_opened,2025-10-14 17:13
E0003698,A001891,R05,ai_score_viewed,2025-10-14 18:05
E0003699,A001891,R08,shortlisted,2025-10-14 23:43
E0003700,A001892,R09,profile_opened,2026-02-24 07:46
E0003701,A001893,R05,shortlisted,2026-04-23 19:02
E0003702,A001894,R06,profile_opened,2026-07-08 22:45
E0003703,A001894,R12,shortlisted,2026-07-09 04:58
E0003704,A001895,R08,profile_opened,2026-04-02 01:47
E0003705,A001895,R05,ai_score_viewed,2026-04-02 02:03
E0003706,A001896,R02,profile_opened,2026-04-03 10:27
E0003707,A001897,R01,profile_opened,2026-01-05 02:03
E0003708,A001897,R06,ai_score_viewed,2026-01-05 02:57
E0003709,A001898,R01,profile_opened,2026-05-01 22:07
E0003710,A001899,R01,profile_opened,2025-10-09 11:37
E0003711,A001900,R11,profile_opened,2026-01-09 09:18
E0003712,A001900,R11,ai_score_viewed,2026-01-09 09:57
E0003713,A001901,R04,profile_opened,2026-05-08 21:59
E0003714,A001901,R02,ai_score_viewed,2026-05-08 22:07
E0003715,A001901,R02,shortlisted,2026-05-09 01:01
E0003716,A001902,R04,profile_opened,2026-03-09 20:35
E0003717,A001902,R04,ai_score_viewed,2026-03-09 21:03
E0003718,A001902,R07,shortlisted,2026-03-09 22:39
E0003719,A001904,R09,profile_opened,2026-03-29 06:04
E0003720,A001904,R04,ai_score_viewed,2026-03-29 06:18
E0003721,A001904,R01,shortlisted,2026-03-29 14:16
E0003722,A001905,R06,profile_opened,2026-05-20 20:51
E0003723,A001905,R04,ai_score_viewed,2026-05-20 21:36
E0003724,A001906,R07,profile_opened,2026-05-02 01:27
E0003725,A001907,R07,profile_opened,2026-02-09 00:46
E0003726,A001907,R05,ai_score_viewed,2026-02-09 01:26
E0003727,A001908,R04,profile_opened,2025-12-26 13:33
E0003728,A001908,R03,shortlisted,2025-12-26 18:53
E0003729,A001909,R07,profile_opened,2026-01-20 08:00
E0003730,A001909,R03,ai_score_viewed,2026-01-20 08:34
E0003731,A001910,R03,profile_opened,2026-03-07 01:47
E0003732,A001910,R09,ai_score_viewed,2026-03-07 02:08
E0003733,A001910,R11,shortlisted,2026-03-07 09:23
E0003734,A001911,R09,profile_opened,2026-02-11 11:28
E0003735,A001912,R12,profile_opened,2026-04-23 23:29
E0003736,A001913,R12,ai_score_viewed,2026-05-02 17:03
E0003737,A001914,R06,profile_opened,2026-01-16 02:55
E0003738,A001914,R05,ai_score_viewed,2026-01-16 03:10
E0003739,A001914,R08,shortlisted,2026-01-16 04:25
E0003740,A001915,R05,profile_opened,2026-02-03 07:59
E0003741,A001915,R03,ai_score_viewed,2026-02-03 08:34
E0003742,A001916,R12,profile_opened,2025-10-15 16:14
E0003743,A001916,R04,ai_score_viewed,2025-10-15 16:17
E0003744,A001917,R10,profile_opened,2026-04-25 16:57
E0003745,A001917,R08,ai_score_viewed,2026-04-25 17:45
E0003746,A001917,R05,shortlisted,2026-04-25 23:59
E0003747,A001918,R02,profile_opened,2026-02-20 11:25
E0003748,A001918,R06,ai_score_viewed,2026-02-20 11:32
E0003749,A001918,R07,shortlisted,2026-02-20 17:13
E0003750,A001919,R04,profile_opened,2026-06-17 10:22
E0003751,A001919,R10,ai_score_viewed,2026-06-17 10:49
E0003752,A001920,R01,profile_opened,2026-02-27 14:39
E0003753,A001920,R05,ai_score_viewed,2026-02-27 14:57
E0003754,A001921,R12,profile_opened,2026-03-08 23:33
E0003755,A001922,R06,profile_opened,2026-04-18 16:56
E0003756,A001922,R09,ai_score_viewed,2026-04-18 17:46
E0003757,A001923,R04,profile_opened,2025-10-04 01:13
E0003758,A001924,R11,profile_opened,2026-04-07 15:06
E0003759,A001924,R03,ai_score_viewed,2026-04-07 15:21
E0003760,A001924,R02,shortlisted,2026-04-07 18:56
E0003761,A001925,R01,profile_opened,2025-12-21 02:19
E0003762,A001925,R07,shortlisted,2025-12-21 04:36
E0003763,A001926,R02,profile_opened,2025-10-06 09:31
E0003764,A001926,R09,ai_score_viewed,2025-10-06 09:54
E0003765,A001927,R09,profile_opened,2026-03-13 03:23
E0003766,A001927,R08,ai_score_viewed,2026-03-13 04:07
E0003767,A001928,R02,profile_opened,2026-03-04 15:26
E0003768,A001928,R10,ai_score_viewed,2026-03-04 15:52
E0003769,A001929,R06,profile_opened,2026-06-03 16:43
E0003770,A001929,R06,shortlisted,2026-06-03 23:06
E0003771,A001930,R01,profile_opened,2026-06-15 12:57
E0003772,A001931,R12,profile_opened,2025-10-06 23:29
E0003773,A001931,R10,ai_score_viewed,2025-10-06 23:33
E0003774,A001932,R05,profile_opened,2026-06-29 15:56
E0003775,A001933,R09,profile_opened,2026-04-21 09:06
E0003776,A001933,R03,ai_score_viewed,2026-04-21 09:32
E0003777,A001934,R06,profile_opened,2025-12-06 07:08
E0003778,A001934,R11,ai_score_viewed,2025-12-06 07:36
E0003779,A001934,R01,shortlisted,2025-12-06 10:47
E0003780,A001935,R02,profile_opened,2026-07-26 06:18
E0003781,A001935,R07,ai_score_viewed,2026-07-26 06:36
E0003782,A001936,R09,profile_opened,2025-09-06 17:38
E0003783,A001936,R08,ai_score_viewed,2025-09-06 18:02
E0003784,A001937,R04,profile_opened,2025-09-06 22:49
E0003785,A001937,R09,ai_score_viewed,2025-09-06 22:50
E0003786,A001937,R06,shortlisted,2025-09-07 04:24
E0003787,A001938,R04,profile_opened,2026-04-02 08:33
E0003788,A001939,R10,profile_opened,2026-03-24 11:58
E0003789,A001939,R06,ai_score_viewed,2026-03-24 12:56
E0003790,A001940,R12,profile_opened,2026-03-18 02:09
E0003791,A001940,R08,ai_score_viewed,2026-03-18 02:26
E0003792,A001941,R01,profile_opened,2026-01-13 17:14
E0003793,A001941,R04,ai_score_viewed,2026-01-13 17:26
E0003794,A001942,R04,profile_opened,2026-05-17 03:10
E0003795,A001943,R12,profile_opened,2026-04-20 23:26
E0003796,A001943,R04,shortlisted,2026-04-21 09:18
E0003797,A001944,R12,profile_opened,2025-12-26 02:14
E0003798,A001944,R02,ai_score_viewed,2025-12-26 03:03
E0003799,A001945,R05,profile_opened,2026-04-16 23:28
E0003800,A001945,R09,ai_score_viewed,2026-04-16 23:30
E0003801,A001945,R11,shortlisted,2026-04-17 04:02
E0003802,A001946,R10,profile_opened,2026-05-27 04:55
E0003803,A001946,R02,ai_score_viewed,2026-05-27 05:03
E0003804,A001946,R05,shortlisted,2026-05-27 11:23
E0003805,A001947,R12,profile_opened,2026-07-01 11:21
E0003806,A001947,R03,ai_score_viewed,2026-07-01 12:14
E0003807,A001948,R02,profile_opened,2025-12-19 19:26
E0003808,A001948,R03,ai_score_viewed,2025-12-19 19:28
E0003809,A001948,R05,shortlisted,2025-12-19 22:32
E0003810,A001949,R03,ai_score_viewed,2026-04-25 09:26
E0003811,A001950,R09,profile_opened,2025-09-30 20:59
E0003812,A001950,R12,ai_score_viewed,2025-09-30 21:53
E0003813,A001951,R12,profile_opened,2026-03-08 18:43
E0003814,A001951,R04,ai_score_viewed,2026-03-08 18:48
E0003815,A001951,R03,shortlisted,2026-03-09 03:37
E0003816,A001952,R11,profile_opened,2025-09-28 23:10
E0003817,A001952,R07,ai_score_viewed,2025-09-28 23:32
E0003818,A001954,R10,profile_opened,2026-07-13 08:16
E0003819,A001955,R04,profile_opened,2025-12-09 11:40
E0003820,A001956,R08,profile_opened,2025-11-10 07:56
E0003821,A001956,R09,ai_score_viewed,2025-11-10 08:36
E0003822,A001957,R09,profile_opened,2026-06-16 00:11
E0003823,A001957,R12,ai_score_viewed,2026-06-16 00:42
E0003824,A001957,R06,shortlisted,2026-06-16 05:50
E0003825,A001958,R07,profile_opened,2026-07-02 14:44
E0003826,A001959,R07,profile_opened,2026-03-08 13:55
E0003827,A001959,R09,shortlisted,2026-03-08 21:07
E0003828,A001960,R02,profile_opened,2026-06-01 04:55
E0003829,A001960,R01,ai_score_viewed,2026-06-01 05:55
E0003830,A001960,R06,shortlisted,2026-06-01 06:46
E0003831,A001961,R01,profile_opened,2025-12-27 08:25
E0003832,A001961,R06,ai_score_viewed,2025-12-27 09:10
E0003833,A001962,R08,profile_opened,2026-07-17 20:46
E0003834,A001962,R06,ai_score_viewed,2026-07-17 20:49
E0003835,A001963,R07,profile_opened,2025-12-07 11:42
E0003836,A001963,R06,ai_score_viewed,2025-12-07 11:56
E0003837,A001964,R12,profile_opened,2025-09-23 02:09
E0003838,A001965,R07,profile_opened,2026-04-30 13:20
E0003839,A001965,R06,ai_score_viewed,2026-04-30 13:47
E0003840,A001965,R12,shortlisted,2026-04-30 19:51
E0003841,A001966,R02,profile_opened,2026-01-29 08:19
E0003842,A001966,R10,ai_score_viewed,2026-01-29 08:30
E0003843,A001966,R06,shortlisted,2026-01-29 13:40
E0003844,A001967,R07,profile_opened,2025-11-23 13:51
E0003845,A001967,R10,shortlisted,2025-11-23 16:08
E0003846,A001968,R01,ai_score_viewed,2025-11-28 08:15
E0003847,A001969,R03,profile_opened,2025-09-16 12:58
E0003848,A001970,R06,profile_opened,2026-04-03 03:25
E0003849,A001970,R04,ai_score_viewed,2026-04-03 04:12
E0003850,A001970,R05,shortlisted,2026-04-03 13:16
E0003851,A001971,R12,profile_opened,2026-01-31 22:46
E0003852,A001971,R07,ai_score_viewed,2026-01-31 22:49
E0003853,A001972,R04,profile_opened,2025-12-23 16:09
E0003854,A001972,R11,ai_score_viewed,2025-12-23 16:51
E0003855,A001972,R07,shortlisted,2025-12-23 21:45
E0003856,A001973,R07,profile_opened,2025-09-26 05:36
E0003857,A001973,R01,ai_score_viewed,2025-09-26 06:10
E0003858,A001973,R12,shortlisted,2025-09-26 11:14
E0003859,A001974,R01,profile_opened,2026-01-18 07:34
E0003860,A001974,R04,ai_score_viewed,2026-01-18 07:48
E0003861,A001974,R05,shortlisted,2026-01-18 11:04
E0003862,A001975,R05,profile_opened,2025-09-11 07:01
E0003863,A001976,R07,profile_opened,2026-02-28 04:38
E0003864,A001977,R04,profile_opened,2026-07-25 21:42
E0003865,A001977,R04,ai_score_viewed,2026-07-25 22:01
E0003866,A001978,R08,profile_opened,2026-05-21 21:38
E0003867,A001978,R05,ai_score_viewed,2026-05-21 22:21
E0003868,A001979,R11,profile_opened,2026-02-06 05:31
E0003869,A001979,R05,ai_score_viewed,2026-02-06 05:46
E0003870,A001979,R08,shortlisted,2026-02-06 14:18
E0003871,A001981,R07,ai_score_viewed,2025-12-23 17:11
E0003872,A001982,R04,ai_score_viewed,2026-05-09 07:07
E0003873,A001983,R09,profile_opened,2026-05-19 10:56
E0003874,A001983,R09,ai_score_viewed,2026-05-19 11:18
E0003875,A001984,R03,profile_opened,2025-11-28 08:08
E0003876,A001984,R02,shortlisted,2025-11-28 14:16
E0003877,A001985,R01,profile_opened,2026-05-24 01:18
E0003878,A001985,R12,shortlisted,2026-05-24 06:55
E0003879,A001986,R03,ai_score_viewed,2025-09-08 11:57
E0003880,A001987,R06,profile_opened,2026-06-09 11:53
E0003881,A001987,R06,ai_score_viewed,2026-06-09 12:23
E0003882,A001987,R11,shortlisted,2026-06-09 21:20
E0003883,A001988,R11,profile_opened,2026-03-28 05:37
E0003884,A001988,R10,ai_score_viewed,2026-03-28 05:42
E0003885,A001989,R10,profile_opened,2026-01-19 07:53
E0003886,A001989,R08,ai_score_viewed,2026-01-19 08:37
E0003887,A001989,R11,shortlisted,2026-01-19 11:56
E0003888,A001990,R12,profile_opened,2025-12-25 10:22
E0003889,A001990,R10,ai_score_viewed,2025-12-25 10:36
E0003890,A001992,R12,profile_opened,2025-09-15 04:06
E0003891,A001993,R07,profile_opened,2026-03-12 22:38
E0003892,A001993,R03,ai_score_viewed,2026-03-12 22:58
E0003893,A001993,R10,shortlisted,2026-03-13 00:26
E0003894,A001994,R09,profile_opened,2025-12-07 23:00
E0003895,A001994,R07,ai_score_viewed,2025-12-07 23:12
E0003896,A001995,R03,profile_opened,2026-07-01 13:01
E0003897,A001995,R01,ai_score_viewed,2026-07-01 13:53
E0003898,A001995,R06,shortlisted,2026-07-01 17:01
E0003899,A001996,R05,shortlisted,2026-06-29 19:59
E0003900,A001997,R07,profile_opened,2026-03-22 02:18
E0003901,A001997,R07,ai_score_viewed,2026-03-22 03:11
E0003902,A001998,R06,profile_opened,2026-06-12 13:11
E0003903,A001998,R02,ai_score_viewed,2026-06-12 14:00
E0003904,A001999,R11,profile_opened,2026-01-29 02:13
E0003905,A002000,R11,profile_opened,2026-05-18 23:15
E0003906,A002000,R05,ai_score_viewed,2026-05-19 00:07
E0003907,A002001,R07,profile_opened,2026-02-17 07:38
E0003908,A002001,R07,ai_score_viewed,2026-02-17 08:23
E0003909,A002001,R03,shortlisted,2026-02-17 13:04
E0003910,A002002,R03,profile_opened,2025-09-22 01:52
E0003911,A002003,R12,profile_opened,2026-05-01 21:15
E0003912,A002003,R08,ai_score_viewed,2026-05-01 21:19
E0003913,A002004,R02,profile_opened,2026-06-19 04:24
E0003914,A002005,R07,profile_opened,2026-03-16 02:58
E0003915,A002005,R08,shortlisted,2026-03-16 09:07
E0003916,A002006,R10,profile_opened,2025-12-22 17:56
E0003917,A002006,R05,ai_score_viewed,2025-12-22 18:33
E0003918,A002006,R10,shortlisted,2025-12-22 22:24
E0003919,A002007,R03,profile_opened,2026-04-25 01:24
E0003920,A002007,R08,shortlisted,2026-04-25 02:49
E0003921,A002008,R05,profile_opened,2025-12-06 16:57
E0003922,A002009,R03,profile_opened,2025-10-03 05:38
E0003923,A002009,R12,ai_score_viewed,2025-10-03 06:23
E0003924,A002010,R01,profile_opened,2026-02-25 17:54
E0003925,A002010,R04,ai_score_viewed,2026-02-25 18:35
E0003926,A002011,R08,profile_opened,2025-10-25 23:56
E0003927,A002011,R02,ai_score_viewed,2025-10-26 00:14
E0003928,A002011,R06,shortlisted,2025-10-26 01:47
E0003929,A002012,R03,profile_opened,2026-02-17 15:26
E0003930,A002012,R07,ai_score_viewed,2026-02-17 15:47
E0003931,A002013,R08,profile_opened,2026-07-21 22:40
E0003932,A002013,R01,shortlisted,2026-07-22 07:02
E0003933,A002014,R08,profile_opened,2026-06-14 00:25
E0003934,A002014,R03,ai_score_viewed,2026-06-14 01:09
E0003935,A002014,R10,shortlisted,2026-06-14 07:58
E0003936,A002015,R08,profile_opened,2026-01-05 07:16
E0003937,A002015,R10,shortlisted,2026-01-05 09:07
E0003938,A002016,R07,ai_score_viewed,2026-03-06 12:56
E0003939,A002016,R10,shortlisted,2026-03-06 16:11
E0003940,A002017,R07,profile_opened,2026-07-06 00:58
E0003941,A002017,R03,shortlisted,2026-07-06 06:38
E0003942,A002018,R09,profile_opened,2025-11-03 16:06
E0003943,A002019,R09,profile_opened,2026-06-04 04:13
E0003944,A002019,R01,ai_score_viewed,2026-06-04 04:15
E0003945,A002019,R02,shortlisted,2026-06-04 09:28
E0003946,A002020,R08,ai_score_viewed,2026-06-30 11:58
E0003947,A002020,R10,shortlisted,2026-06-30 18:44
E0003948,A002021,R07,profile_opened,2026-01-09 18:36
E0003949,A002021,R01,ai_score_viewed,2026-01-09 18:55
E0003950,A002022,R01,profile_opened,2025-10-15 18:38
E0003951,A002022,R06,ai_score_viewed,2025-10-15 19:36
E0003952,A002023,R06,profile_opened,2026-05-13 01:52
E0003953,A002023,R03,ai_score_viewed,2026-05-13 01:55
E0003954,A002023,R07,shortlisted,2026-05-13 05:49
E0003955,A002024,R03,profile_opened,2025-12-22 18:33
E0003956,A002025,R06,profile_opened,2026-02-02 10:15
E0003957,A002026,R10,profile_opened,2025-09-21 22:37
E0003958,A002027,R12,profile_opened,2025-12-01 00:48
E0003959,A002027,R12,shortlisted,2025-12-01 08:26
E0003960,A002028,R01,profile_opened,2026-01-11 03:05
E0003961,A002028,R01,ai_score_viewed,2026-01-11 03:26
E0003962,A002029,R07,profile_opened,2026-05-09 01:21
E0003963,A002029,R12,ai_score_viewed,2026-05-09 02:10
E0003964,A002029,R12,shortlisted,2026-05-09 08:28
E0003965,A002030,R04,ai_score_viewed,2026-03-28 14:21
E0003966,A002031,R01,profile_opened,2025-10-23 11:10
E0003967,A002031,R05,ai_score_viewed,2025-10-23 12:04
E0003968,A002032,R08,profile_opened,2026-03-11 14:53
E0003969,A002032,R05,ai_score_viewed,2026-03-11 15:10
E0003970,A002033,R07,profile_opened,2026-06-08 01:18
E0003971,A002033,R01,ai_score_viewed,2026-06-08 01:50
E0003972,A002033,R04,shortlisted,2026-06-08 08:56
E0003973,A002034,R04,profile_opened,2026-07-22 04:45
E0003974,A002034,R10,ai_score_viewed,2026-07-22 04:52
E0003975,A002035,R03,profile_opened,2026-04-02 19:50
E0003976,A002035,R06,ai_score_viewed,2026-04-02 20:37
E0003977,A002035,R07,shortlisted,2026-04-02 22:24
E0003978,A002036,R02,profile_opened,2025-12-24 06:08
E0003979,A002036,R02,shortlisted,2025-12-24 12:55
E0003980,A002037,R07,profile_opened,2026-03-24 04:21
E0003981,A002037,R09,shortlisted,2026-03-24 07:53
E0003982,A002038,R05,profile_opened,2026-04-17 13:29
E0003983,A002038,R11,ai_score_viewed,2026-04-17 14:03
E0003984,A002039,R12,profile_opened,2025-11-03 09:07
E0003985,A002039,R10,shortlisted,2025-11-03 13:24
E0003986,A002040,R09,profile_opened,2026-05-27 21:57
E0003987,A002041,R05,profile_opened,2025-09-19 09:56
E0003988,A002041,R03,shortlisted,2025-09-19 19:11
E0003989,A002042,R01,ai_score_viewed,2026-01-15 15:53
E0003990,A002043,R01,profile_opened,2026-04-20 09:56
E0003991,A002043,R03,ai_score_viewed,2026-04-20 10:29
E0003992,A002044,R03,profile_opened,2026-06-07 19:47
E0003993,A002044,R09,shortlisted,2026-06-08 03:21
E0003994,A002045,R12,profile_opened,2026-02-25 01:55
E0003995,A002045,R07,shortlisted,2026-02-25 06:01
E0003996,A002046,R07,profile_opened,2025-09-06 21:20
E0003997,A002046,R11,ai_score_viewed,2025-09-06 21:25
E0003998,A002047,R12,profile_opened,2025-09-13 01:57
E0003999,A002047,R05,ai_score_viewed,2025-09-13 02:39
E0004000,A002048,R02,profile_opened,2026-03-26 05:41
E0004001,A002048,R02,ai_score_viewed,2026-03-26 06:13
E0004002,A002048,R01,shortlisted,2026-03-26 12:57
E0004003,A002049,R03,ai_score_viewed,2026-01-03 13:40
E0004004,A002049,R03,shortlisted,2026-01-03 14:45
E0004005,A002050,R07,profile_opened,2026-03-17 19:21
E0004006,A002051,R01,profile_opened,2025-11-05 06:48
E0004007,A002051,R10,ai_score_viewed,2025-11-05 06:52
E0004008,A002052,R07,profile_opened,2025-09-29 08:28
E0004009,A002052,R01,ai_score_viewed,2025-09-29 09:20
E0004010,A002053,R10,profile_opened,2025-09-08 11:38
E0004011,A002054,R09,profile_opened,2026-06-01 15:09
E0004012,A002054,R05,ai_score_viewed,2026-06-01 15:23
E0004013,A002055,R04,profile_opened,2025-12-21 00:10
E0004014,A002055,R12,ai_score_viewed,2025-12-21 00:58
E0004015,A002056,R03,profile_opened,2026-06-17 01:07
E0004016,A002056,R07,shortlisted,2026-06-17 05:08
E0004017,A002057,R09,profile_opened,2026-01-31 11:58
E0004018,A002057,R06,shortlisted,2026-01-31 19:09
E0004019,A002058,R09,profile_opened,2025-09-30 03:09
E0004020,A002058,R10,ai_score_viewed,2025-09-30 03:44
E0004021,A002059,R08,profile_opened,2025-10-10 17:53
E0004022,A002059,R04,ai_score_viewed,2025-10-10 17:54
E0004023,A002060,R06,profile_opened,2025-12-01 04:14
E0004024,A002061,R07,profile_opened,2025-09-18 06:36
E0004025,A002061,R09,ai_score_viewed,2025-09-18 07:07
E0004026,A002061,R03,shortlisted,2025-09-18 11:03
E0004027,A002062,R05,profile_opened,2026-04-23 09:43
E0004028,A002062,R11,ai_score_viewed,2026-04-23 10:27
E0004029,A002063,R05,profile_opened,2026-03-06 12:54
E0004030,A002064,R12,profile_opened,2025-09-06 01:43
E0004031,A002064,R07,shortlisted,2025-09-06 11:07
E0004032,A002065,R05,profile_opened,2026-04-12 11:57
E0004033,A002065,R07,ai_score_viewed,2026-04-12 12:39
E0004034,A002065,R02,shortlisted,2026-04-12 14:34
E0004035,A002066,R08,profile_opened,2025-12-25 19:48
E0004036,A002067,R01,profile_opened,2026-06-02 06:04
E0004037,A002067,R09,ai_score_viewed,2026-06-02 06:11
E0004038,A002068,R05,profile_opened,2025-09-14 17:49
E0004039,A002068,R08,ai_score_viewed,2025-09-14 18:19
E0004040,A002069,R07,profile_opened,2026-03-30 02:46
E0004041,A002069,R02,ai_score_viewed,2026-03-30 03:43
E0004042,A002070,R07,profile_opened,2026-02-24 15:13
E0004043,A002070,R01,ai_score_viewed,2026-02-24 15:55
E0004044,A002071,R10,profile_opened,2026-03-08 09:14
E0004045,A002071,R02,ai_score_viewed,2026-03-08 09:33
E0004046,A002072,R06,profile_opened,2026-07-25 18:17
E0004047,A002072,R06,shortlisted,2026-07-25 23:04
E0004048,A002073,R11,profile_opened,2026-06-03 07:14
E0004049,A002073,R11,ai_score_viewed,2026-06-03 07:28
E0004050,A002073,R08,shortlisted,2026-06-03 09:02
E0004051,A002074,R02,profile_opened,2026-02-19 15:16
E0004052,A002075,R04,profile_opened,2026-04-08 10:40
E0004053,A002075,R05,shortlisted,2026-04-08 18:46
E0004054,A002076,R05,profile_opened,2026-05-14 14:04
E0004055,A002077,R01,profile_opened,2026-02-28 13:51
E0004056,A002077,R09,shortlisted,2026-02-28 20:09
E0004057,A002078,R07,profile_opened,2025-10-12 20:45
E0004058,A002079,R01,profile_opened,2025-12-06 09:24
E0004059,A002079,R04,ai_score_viewed,2025-12-06 10:14
E0004060,A002080,R07,profile_opened,2025-09-10 23:19
E0004061,A002080,R11,ai_score_viewed,2025-09-10 23:32
E0004062,A002081,R12,profile_opened,2026-03-13 04:10
E0004063,A002082,R11,profile_opened,2025-11-29 03:38
E0004064,A002082,R09,ai_score_viewed,2025-11-29 04:28
E0004065,A002082,R03,shortlisted,2025-11-29 09:28
E0004066,A002083,R02,profile_opened,2026-06-17 02:43
E0004067,A002083,R05,shortlisted,2026-06-17 10:41
E0004068,A002084,R12,profile_opened,2026-03-20 20:25
E0004069,A002085,R11,profile_opened,2026-01-14 18:47
E0004070,A002085,R12,ai_score_viewed,2026-01-14 19:36
E0004071,A002086,R05,profile_opened,2026-05-05 21:17
E0004072,A002086,R08,ai_score_viewed,2026-05-05 21:24
E0004073,A002087,R11,profile_opened,2025-09-02 12:49
E0004074,A002087,R08,ai_score_viewed,2025-09-02 13:46
E0004075,A002088,R09,profile_opened,2025-12-26 02:56
E0004076,A002088,R04,ai_score_viewed,2025-12-26 03:01
E0004077,A002089,R07,profile_opened,2026-04-08 22:18
E0004078,A002090,R10,profile_opened,2026-03-27 21:34
E0004079,A002090,R02,ai_score_viewed,2026-03-27 22:12
E0004080,A002091,R11,profile_opened,2026-04-11 12:36
E0004081,A002091,R03,ai_score_viewed,2026-04-11 13:15
E0004082,A002091,R03,shortlisted,2026-04-11 16:18
E0004083,A002092,R04,profile_opened,2026-03-03 11:55
E0004084,A002092,R03,ai_score_viewed,2026-03-03 12:07
E0004085,A002093,R02,shortlisted,2025-11-08 02:14
E0004086,A002094,R10,profile_opened,2025-09-12 16:06
E0004087,A002094,R12,shortlisted,2025-09-12 19:14
E0004088,A002095,R06,profile_opened,2026-05-30 05:16
E0004089,A002096,R12,profile_opened,2026-06-28 21:44
E0004090,A002096,R06,ai_score_viewed,2026-06-28 22:14
E0004091,A002096,R10,shortlisted,2026-06-29 06:39
E0004092,A002097,R11,profile_opened,2026-01-05 09:41
E0004093,A002098,R06,profile_opened,2026-01-02 19:15
E0004094,A002098,R04,ai_score_viewed,2026-01-02 19:43
E0004095,A002100,R07,profile_opened,2025-11-30 11:59
E0004096,A002100,R03,ai_score_viewed,2025-11-30 12:17
E0004097,A002101,R03,profile_opened,2026-03-19 04:42
E0004098,A002101,R12,ai_score_viewed,2026-03-19 05:25
E0004099,A002101,R12,shortlisted,2026-03-19 13:17
E0004100,A002102,R12,profile_opened,2026-02-16 18:54
E0004101,A002102,R10,ai_score_viewed,2026-02-16 19:03
E0004102,A002102,R03,shortlisted,2026-02-17 02:42
E0004103,A002103,R03,profile_opened,2026-02-12 03:12
E0004104,A002103,R10,ai_score_viewed,2026-02-12 03:39
E0004105,A002104,R05,profile_opened,2025-12-30 07:28
E0004106,A002105,R08,profile_opened,2026-01-23 03:08
E0004107,A002105,R02,ai_score_viewed,2026-01-23 03:23
E0004108,A002105,R07,shortlisted,2026-01-23 11:46
E0004109,A002106,R10,profile_opened,2026-04-11 02:26
E0004110,A002106,R08,ai_score_viewed,2026-04-11 03:02
E0004111,A002106,R04,shortlisted,2026-04-11 05:17
E0004112,A002107,R11,profile_opened,2025-10-25 01:17
E0004113,A002107,R07,ai_score_viewed,2025-10-25 01:49
E0004114,A002107,R12,shortlisted,2025-10-25 07:39
E0004115,A002108,R11,profile_opened,2026-05-29 11:59
E0004116,A002108,R01,ai_score_viewed,2026-05-29 12:55
E0004117,A002109,R08,shortlisted,2025-12-31 10:53
E0004118,A002110,R05,profile_opened,2026-06-18 10:40
E0004119,A002110,R10,ai_score_viewed,2026-06-18 11:32
E0004120,A002110,R04,shortlisted,2026-06-18 16:35
E0004121,A002111,R08,profile_opened,2026-04-07 13:08
E0004122,A002111,R02,shortlisted,2026-04-07 19:41
E0004123,A002112,R10,profile_opened,2026-03-21 19:24
E0004124,A002112,R09,shortlisted,2026-03-21 23:43
E0004125,A002113,R03,profile_opened,2026-03-07 19:00
E0004126,A002113,R10,ai_score_viewed,2026-03-07 19:14
E0004127,A002113,R09,shortlisted,2026-03-08 03:16
E0004128,A002114,R12,profile_opened,2026-01-26 23:24
E0004129,A002114,R01,shortlisted,2026-01-27 07:19
E0004130,A002115,R11,profile_opened,2026-05-18 17:20
E0004131,A002115,R06,shortlisted,2026-05-19 00:24
E0004132,A002116,R06,profile_opened,2026-04-04 03:41
E0004133,A002116,R04,ai_score_viewed,2026-04-04 04:02
E0004134,A002116,R01,shortlisted,2026-04-04 10:17
E0004135,A002117,R02,profile_opened,2025-11-22 01:28
E0004136,A002117,R05,ai_score_viewed,2025-11-22 02:01
E0004137,A002118,R05,ai_score_viewed,2026-05-14 22:31
E0004138,A002118,R03,shortlisted,2026-05-15 03:28
E0004139,A002119,R07,profile_opened,2026-07-04 17:18
E0004140,A002119,R01,ai_score_viewed,2026-07-04 17:20
E0004141,A002119,R06,shortlisted,2026-07-04 19:18
E0004142,A002120,R01,profile_opened,2026-01-08 00:55
E0004143,A002120,R04,shortlisted,2026-01-08 08:01
E0004144,A002121,R02,profile_opened,2025-11-23 03:53
E0004145,A002121,R08,shortlisted,2025-11-23 05:38
E0004146,A002122,R07,profile_opened,2025-12-20 04:36
E0004147,A002122,R11,ai_score_viewed,2025-12-20 05:32
E0004148,A002123,R09,profile_opened,2026-04-02 16:58
E0004149,A002123,R05,ai_score_viewed,2026-04-02 17:12
E0004150,A002123,R12,shortlisted,2026-04-02 19:35
E0004151,A002124,R08,ai_score_viewed,2026-01-28 17:41
E0004152,A002125,R07,profile_opened,2025-10-30 08:47
E0004153,A002125,R02,ai_score_viewed,2025-10-30 09:03
E0004154,A002125,R08,shortlisted,2025-10-30 18:38
E0004155,A002126,R04,profile_opened,2026-01-17 19:01
E0004156,A002127,R06,profile_opened,2025-09-28 20:30
E0004157,A002127,R05,shortlisted,2025-09-29 03:48
E0004158,A002128,R04,profile_opened,2026-02-27 04:04
E0004159,A002128,R06,ai_score_viewed,2026-02-27 04:46
E0004160,A002129,R05,profile_opened,2026-04-10 10:35
E0004161,A002129,R04,ai_score_viewed,2026-04-10 11:35
E0004162,A002130,R10,profile_opened,2026-03-07 00:25
E0004163,A002131,R06,profile_opened,2026-03-16 02:21
E0004164,A002131,R12,ai_score_viewed,2026-03-16 02:31
E0004165,A002132,R11,profile_opened,2026-04-11 10:26
E0004166,A002133,R09,profile_opened,2025-10-18 02:57
E0004167,A002133,R10,ai_score_viewed,2025-10-18 02:58
E0004168,A002133,R02,shortlisted,2025-10-18 06:33
E0004169,A002134,R11,profile_opened,2026-07-18 19:28
E0004170,A002134,R12,ai_score_viewed,2026-07-18 19:29
E0004171,A002135,R03,profile_opened,2025-11-02 01:32
E0004172,A002135,R04,shortlisted,2025-11-02 05:29
E0004173,A002136,R01,profile_opened,2025-11-21 14:43
E0004174,A002136,R04,ai_score_viewed,2025-11-21 15:16
E0004175,A002136,R05,shortlisted,2025-11-21 18:43
E0004176,A002137,R01,profile_opened,2025-11-18 17:42
E0004177,A002137,R01,ai_score_viewed,2025-11-18 17:46
E0004178,A002137,R03,shortlisted,2025-11-19 03:07
E0004179,A002138,R10,profile_opened,2026-05-13 10:10
E0004180,A002138,R04,ai_score_viewed,2026-05-13 10:44
E0004181,A002138,R08,shortlisted,2026-05-13 19:21
E0004182,A002139,R03,profile_opened,2026-03-28 04:48
E0004183,A002139,R06,ai_score_viewed,2026-03-28 05:19
E0004184,A002139,R02,shortlisted,2026-03-28 09:26
E0004185,A002140,R01,profile_opened,2026-07-02 00:18
E0004186,A002140,R12,ai_score_viewed,2026-07-02 00:52
E0004187,A002141,R01,profile_opened,2026-06-25 23:17
E0004188,A002141,R01,ai_score_viewed,2026-06-26 00:17
E0004189,A002141,R07,shortlisted,2026-06-26 05:40
E0004190,A002142,R11,profile_opened,2025-10-18 03:44
E0004191,A002142,R02,ai_score_viewed,2025-10-18 04:28
E0004192,A002142,R06,shortlisted,2025-10-18 12:41
E0004193,A002144,R03,profile_opened,2025-10-24 03:16
E0004194,A002144,R04,ai_score_viewed,2025-10-24 03:24
E0004195,A002145,R12,profile_opened,2025-10-27 23:01
E0004196,A002145,R02,ai_score_viewed,2025-10-27 23:13
E0004197,A002146,R03,profile_opened,2025-11-22 23:13
E0004198,A002147,R01,profile_opened,2025-10-25 21:53
E0004199,A002147,R08,shortlisted,2025-10-26 05:01
E0004200,A002148,R12,profile_opened,2025-09-02 02:56
E0004201,A002148,R09,ai_score_viewed,2025-09-02 03:50
E0004202,A002148,R07,shortlisted,2025-09-02 07:44
E0004203,A002149,R07,profile_opened,2026-04-23 00:35
E0004204,A002149,R05,ai_score_viewed,2026-04-23 01:14
E0004205,A002150,R06,profile_opened,2026-02-24 08:07
E0004206,A002150,R04,ai_score_viewed,2026-02-24 08:15
E0004207,A002151,R11,profile_opened,2025-10-15 12:28
E0004208,A002151,R07,ai_score_viewed,2025-10-15 13:08
E0004209,A002152,R03,profile_opened,2026-06-23 05:11
E0004210,A002152,R01,ai_score_viewed,2026-06-23 05:27
E0004211,A002153,R02,profile_opened,2026-03-16 23:27
E0004212,A002153,R10,ai_score_viewed,2026-03-17 00:02
E0004213,A002154,R05,profile_opened,2025-11-09 15:24
E0004214,A002155,R10,profile_opened,2026-04-08 17:58
E0004215,A002155,R03,ai_score_viewed,2026-04-08 18:39
E0004216,A002155,R02,shortlisted,2026-04-09 03:50
E0004217,A002156,R03,profile_opened,2025-09-22 20:24
E0004218,A002157,R05,ai_score_viewed,2026-02-17 13:37
E0004219,A002158,R07,profile_opened,2026-05-20 06:02
E0004220,A002158,R09,ai_score_viewed,2026-05-20 06:05
E0004221,A002158,R07,shortlisted,2026-05-20 11:00
E0004222,A002159,R10,profile_opened,2026-04-12 09:11
E0004223,A002160,R11,profile_opened,2025-10-10 12:55
E0004224,A002160,R08,ai_score_viewed,2025-10-10 12:59
E0004225,A002161,R02,profile_opened,2026-05-19 05:35
E0004226,A002161,R02,ai_score_viewed,2026-05-19 06:26
E0004227,A002161,R06,shortlisted,2026-05-19 09:56
E0004228,A002162,R04,profile_opened,2025-11-30 09:16
E0004229,A002162,R10,ai_score_viewed,2025-11-30 09:53
E0004230,A002163,R07,profile_opened,2026-05-20 17:14
E0004231,A002164,R06,profile_opened,2026-05-10 16:58
E0004232,A002164,R08,ai_score_viewed,2026-05-10 17:42
E0004233,A002165,R01,profile_opened,2026-02-11 14:36
E0004234,A002165,R09,ai_score_viewed,2026-02-11 15:09
E0004235,A002165,R12,shortlisted,2026-02-11 21:16
E0004236,A002166,R08,profile_opened,2025-10-08 17:54
E0004237,A002166,R04,ai_score_viewed,2025-10-08 18:15
E0004238,A002166,R07,shortlisted,2025-10-09 01:11
E0004239,A002167,R08,profile_opened,2026-05-11 02:38
E0004240,A002168,R08,profile_opened,2026-02-01 01:59
E0004241,A002168,R09,ai_score_viewed,2026-02-01 02:10
E0004242,A002169,R01,profile_opened,2025-11-28 02:50
E0004243,A002170,R11,profile_opened,2026-03-31 14:08
E0004244,A002170,R09,ai_score_viewed,2026-03-31 14:44
E0004245,A002170,R07,shortlisted,2026-03-31 20:33
E0004246,A002171,R02,profile_opened,2025-11-24 13:44
E0004247,A002171,R05,ai_score_viewed,2025-11-24 14:03
E0004248,A002171,R06,shortlisted,2025-11-24 18:03
E0004249,A002172,R01,profile_opened,2026-01-02 00:06
E0004250,A002173,R02,profile_opened,2026-05-12 01:29
E0004251,A002173,R08,ai_score_viewed,2026-05-12 02:02
E0004252,A002173,R06,shortlisted,2026-05-12 09:25
E0004253,A002174,R04,profile_opened,2025-09-06 01:53
E0004254,A002174,R01,ai_score_viewed,2025-09-06 02:43
E0004255,A002175,R04,profile_opened,2026-06-17 15:26
E0004256,A002175,R03,ai_score_viewed,2026-06-17 15:43
E0004257,A002177,R12,profile_opened,2025-12-15 04:39
E0004258,A002177,R11,ai_score_viewed,2025-12-15 04:56
E0004259,A002178,R03,profile_opened,2026-07-29 16:01
E0004260,A002179,R04,profile_opened,2025-10-17 08:29
E0004261,A002179,R08,ai_score_viewed,2025-10-17 08:50
E0004262,A002180,R08,profile_opened,2025-09-23 04:36
E0004263,A002180,R09,ai_score_viewed,2025-09-23 04:41
E0004264,A002181,R04,profile_opened,2026-06-08 01:38
E0004265,A002181,R07,ai_score_viewed,2026-06-08 01:39
E0004266,A002182,R12,profile_opened,2026-06-04 23:27
E0004267,A002182,R06,ai_score_viewed,2026-06-05 00:22
E0004268,A002183,R01,profile_opened,2026-06-30 08:19
E0004269,A002183,R03,ai_score_viewed,2026-06-30 09:11
E0004270,A002184,R08,profile_opened,2026-03-14 11:17
E0004271,A002184,R06,ai_score_viewed,2026-03-14 11:31
E0004272,A002184,R04,shortlisted,2026-03-14 16:02
E0004273,A002185,R07,profile_opened,2025-12-10 18:20
E0004274,A002185,R04,ai_score_viewed,2025-12-10 18:21
E0004275,A002186,R07,profile_opened,2025-10-28 16:33
E0004276,A002186,R11,ai_score_viewed,2025-10-28 16:40
E0004277,A002186,R09,shortlisted,2025-10-29 00:01
E0004278,A002187,R11,profile_opened,2026-01-13 23:54
E0004279,A002187,R03,ai_score_viewed,2026-01-14 00:03
E0004280,A002188,R05,profile_opened,2026-01-28 05:14
E0004281,A002188,R04,ai_score_viewed,2026-01-28 06:10
E0004282,A002188,R07,shortlisted,2026-01-28 12:30
E0004283,A002189,R02,profile_opened,2026-05-13 20:33
E0004284,A002189,R10,shortlisted,2026-05-13 22:03
E0004285,A002190,R11,profile_opened,2025-12-06 07:59
E0004286,A002190,R08,ai_score_viewed,2025-12-06 08:53
E0004287,A002191,R04,profile_opened,2025-10-31 08:18
E0004288,A002191,R09,shortlisted,2025-10-31 11:30
E0004289,A002192,R05,profile_opened,2026-05-02 20:11
E0004290,A002192,R10,ai_score_viewed,2026-05-02 21:03
E0004291,A002192,R07,shortlisted,2026-05-03 02:01
E0004292,A002193,R11,profile_opened,2026-01-22 18:42
E0004293,A002193,R01,shortlisted,2026-01-22 23:40
E0004294,A002194,R11,profile_opened,2025-09-15 09:05
E0004295,A002194,R02,ai_score_viewed,2025-09-15 10:04
E0004296,A002195,R05,profile_opened,2025-10-22 00:39
E0004297,A002195,R01,shortlisted,2025-10-22 03:34
E0004298,A002196,R05,profile_opened,2026-07-29 10:35
E0004299,A002197,R04,profile_opened,2026-02-10 16:06
E0004300,A002197,R06,ai_score_viewed,2026-02-10 16:46
E0004301,A002198,R05,profile_opened,2025-12-29 14:22
E0004302,A002198,R02,ai_score_viewed,2025-12-29 14:59
E0004303,A002199,R10,profile_opened,2026-05-09 06:57
E0004304,A002200,R07,profile_opened,2026-07-02 01:25
E0004305,A002200,R05,ai_score_viewed,2026-07-02 02:21
E0004306,A002200,R04,shortlisted,2026-07-02 03:11
E0004307,A002201,R10,profile_opened,2026-03-13 05:42
E0004308,A002202,R07,profile_opened,2026-02-12 09:19
E0004309,A002202,R01,ai_score_viewed,2026-02-12 09:37
E0004310,A002202,R08,shortlisted,2026-02-12 16:28
E0004311,A002203,R08,profile_opened,2026-04-15 12:07
E0004312,A002203,R04,ai_score_viewed,2026-04-15 12:38
E0004313,A002203,R12,shortlisted,2026-04-15 21:16
E0004314,A002204,R06,profile_opened,2026-05-18 19:15
E0004315,A002204,R05,shortlisted,2026-05-19 03:39
E0004316,A002205,R04,profile_opened,2025-11-20 23:49
E0004317,A002205,R05,ai_score_viewed,2025-11-21 00:44
E0004318,A002206,R06,profile_opened,2026-03-27 22:37
E0004319,A002206,R07,ai_score_viewed,2026-03-27 23:11
E0004320,A002207,R09,profile_opened,2026-03-31 06:59
E0004321,A002207,R12,ai_score_viewed,2026-03-31 07:15
E0004322,A002207,R04,shortlisted,2026-03-31 09:18
E0004323,A002208,R09,profile_opened,2025-10-11 00:11
E0004324,A002208,R05,ai_score_viewed,2025-10-11 00:26
E0004325,A002209,R11,profile_opened,2025-10-09 06:55
E0004326,A002209,R07,ai_score_viewed,2025-10-09 07:25
E0004327,A002210,R12,profile_opened,2025-12-16 18:27
E0004328,A002210,R09,shortlisted,2025-12-17 02:28
E0004329,A002211,R02,profile_opened,2025-11-19 15:26
E0004330,A002213,R09,profile_opened,2026-07-12 23:13
E0004331,A002213,R12,ai_score_viewed,2026-07-12 23:46
E0004332,A002213,R09,shortlisted,2026-07-13 03:03
E0004333,A002214,R06,profile_opened,2026-07-01 18:34
E0004334,A002214,R05,shortlisted,2026-07-01 22:52
E0004335,A002215,R12,profile_opened,2025-11-25 10:37
E0004336,A002215,R06,ai_score_viewed,2025-11-25 11:29
E0004337,A002215,R05,shortlisted,2025-11-25 11:58
E0004338,A002216,R05,profile_opened,2026-04-18 07:45
E0004339,A002216,R04,ai_score_viewed,2026-04-18 08:07
E0004340,A002217,R03,profile_opened,2026-07-22 20:12
E0004341,A002217,R08,shortlisted,2026-07-22 21:15
E0004342,A002218,R06,profile_opened,2026-04-04 22:18
E0004343,A002218,R09,shortlisted,2026-04-05 04:08
E0004344,A002219,R01,profile_opened,2026-03-02 22:48
E0004345,A002219,R09,shortlisted,2026-03-03 06:48
E0004346,A002220,R09,profile_opened,2026-05-11 18:51
E0004347,A002221,R01,profile_opened,2026-05-23 21:37
E0004348,A002222,R10,profile_opened,2026-01-12 23:14
E0004349,A002222,R04,ai_score_viewed,2026-01-12 23:57
E0004350,A002222,R06,shortlisted,2026-01-13 07:47
E0004351,A002223,R08,profile_opened,2026-01-08 23:11
E0004352,A002224,R05,profile_opened,2025-12-11 06:24
E0004353,A002224,R06,ai_score_viewed,2025-12-11 07:18
E0004354,A002225,R10,profile_opened,2026-02-07 20:05
E0004355,A002225,R04,ai_score_viewed,2026-02-07 20:55
E0004356,A002225,R07,shortlisted,2026-02-08 01:00
E0004357,A002226,R04,profile_opened,2025-11-08 10:02
E0004358,A002226,R02,ai_score_viewed,2025-11-08 10:33
E0004359,A002227,R01,profile_opened,2025-10-06 10:56
E0004360,A002227,R08,ai_score_viewed,2025-10-06 11:39
E0004361,A002228,R10,profile_opened,2025-11-06 12:45
E0004362,A002228,R11,ai_score_viewed,2025-11-06 13:05
E0004363,A002228,R06,shortlisted,2025-11-06 16:44
E0004364,A002229,R12,profile_opened,2025-10-16 03:56
E0004365,A002230,R01,profile_opened,2025-10-06 12:02
E0004366,A002230,R02,ai_score_viewed,2025-10-06 12:06
E0004367,A002230,R10,shortlisted,2025-10-06 16:35
E0004368,A002231,R11,profile_opened,2026-03-20 23:04
E0004369,A002231,R01,ai_score_viewed,2026-03-20 23:15
E0004370,A002232,R12,profile_opened,2026-02-05 12:50
E0004371,A002233,R12,profile_opened,2026-07-09 13:20
E0004372,A002233,R11,ai_score_viewed,2026-07-09 13:36
E0004373,A002234,R01,profile_opened,2025-12-09 17:06
E0004374,A002235,R11,profile_opened,2025-12-15 01:41
E0004375,A002236,R01,profile_opened,2026-02-18 15:02
E0004376,A002237,R07,profile_opened,2026-07-12 15:28
E0004377,A002237,R02,ai_score_viewed,2026-07-12 15:30
E0004378,A002237,R01,shortlisted,2026-07-12 21:44
E0004379,A002239,R03,profile_opened,2025-09-21 16:59
E0004380,A002239,R09,ai_score_viewed,2025-09-21 17:36
E0004381,A002240,R04,profile_opened,2026-04-15 00:11
E0004382,A002240,R08,ai_score_viewed,2026-04-15 00:17
E0004383,A002240,R03,shortlisted,2026-04-15 10:04
E0004384,A002241,R03,profile_opened,2026-06-28 00:09
E0004385,A002241,R09,ai_score_viewed,2026-06-28 00:29
E0004386,A002242,R01,profile_opened,2026-06-30 13:27
E0004387,A002242,R12,ai_score_viewed,2026-06-30 14:10
E0004388,A002242,R02,shortlisted,2026-06-30 15:09
E0004389,A002243,R09,profile_opened,2026-07-05 18:07
E0004390,A002243,R01,ai_score_viewed,2026-07-05 18:28
E0004391,A002243,R06,shortlisted,2026-07-05 19:22
E0004392,A002244,R04,profile_opened,2025-09-26 10:06
E0004393,A002244,R10,ai_score_viewed,2025-09-26 10:10
E0004394,A002245,R02,profile_opened,2026-01-15 23:30
E0004395,A002246,R11,ai_score_viewed,2026-07-18 07:08
E0004396,A002247,R09,profile_opened,2026-03-20 05:56
E0004397,A002247,R02,ai_score_viewed,2026-03-20 06:10
E0004398,A002247,R02,shortlisted,2026-03-20 12:42
E0004399,A002248,R05,profile_opened,2026-07-08 09:58
E0004400,A002248,R06,ai_score_viewed,2026-07-08 10:10
E0004401,A002248,R02,shortlisted,2026-07-08 16:44
E0004402,A002249,R02,profile_opened,2026-03-24 05:09
E0004403,A002249,R07,ai_score_viewed,2026-03-24 05:54
E0004404,A002249,R09,shortlisted,2026-03-24 13:11
E0004405,A002250,R01,profile_opened,2026-01-05 19:04
E0004406,A002250,R10,ai_score_viewed,2026-01-05 19:23
E0004407,A002251,R11,profile_opened,2026-02-06 18:59
E0004408,A002251,R12,ai_score_viewed,2026-02-06 19:32
E0004409,A002251,R10,shortlisted,2026-02-07 03:01
E0004410,A002252,R03,profile_opened,2025-12-19 20:19
E0004411,A002252,R03,ai_score_viewed,2025-12-19 20:37
E0004412,A002252,R07,shortlisted,2025-12-19 22:09
E0004413,A002253,R05,profile_opened,2025-09-21 00:35
E0004414,A002253,R03,ai_score_viewed,2025-09-21 00:36
E0004415,A002253,R02,shortlisted,2025-09-21 10:00
E0004416,A002254,R08,profile_opened,2026-01-23 16:17
E0004417,A002254,R02,ai_score_viewed,2026-01-23 17:03
E0004418,A002254,R11,shortlisted,2026-01-23 19:29
E0004419,A002255,R12,profile_opened,2025-10-28 09:45
E0004420,A002255,R10,ai_score_viewed,2025-10-28 10:43
E0004421,A002256,R12,profile_opened,2025-12-28 06:06
E0004422,A002256,R01,ai_score_viewed,2025-12-28 07:04
E0004423,A002256,R08,shortlisted,2025-12-28 12:31
E0004424,A002257,R05,profile_opened,2026-03-18 11:27
E0004425,A002257,R03,ai_score_viewed,2026-03-18 12:12
E0004426,A002258,R01,profile_opened,2026-01-31 13:15
E0004427,A002258,R09,ai_score_viewed,2026-01-31 13:28
E0004428,A002258,R03,shortlisted,2026-01-31 17:34
E0004429,A002259,R01,profile_opened,2025-11-04 00:56
E0004430,A002259,R03,shortlisted,2025-11-04 09:28
E0004431,A002260,R07,profile_opened,2025-10-15 23:01
E0004432,A002260,R03,ai_score_viewed,2025-10-15 23:55
E0004433,A002261,R11,profile_opened,2026-03-27 14:53
E0004434,A002262,R01,profile_opened,2026-04-23 09:10
E0004435,A002262,R06,ai_score_viewed,2026-04-23 09:17
E0004436,A002262,R02,shortlisted,2026-04-23 15:38
E0004437,A002263,R07,profile_opened,2026-07-13 05:31
E0004438,A002263,R07,ai_score_viewed,2026-07-13 06:08
E0004439,A002264,R06,shortlisted,2026-03-30 03:49
E0004440,A002265,R01,profile_opened,2026-01-01 19:34
E0004441,A002265,R12,shortlisted,2026-01-01 21:20
E0004442,A002266,R07,profile_opened,2026-03-27 11:39
E0004443,A002266,R12,ai_score_viewed,2026-03-27 12:06
E0004444,A002267,R07,profile_opened,2026-01-04 20:41
E0004445,A002267,R02,ai_score_viewed,2026-01-04 21:11
E0004446,A002267,R11,shortlisted,2026-01-04 21:52
E0004447,A002268,R02,profile_opened,2026-01-21 11:16
E0004448,A002268,R11,ai_score_viewed,2026-01-21 11:36
E0004449,A002268,R11,shortlisted,2026-01-21 13:17
E0004450,A002270,R10,profile_opened,2025-11-29 20:57
E0004451,A002270,R03,ai_score_viewed,2025-11-29 21:09
E0004452,A002271,R05,profile_opened,2025-10-14 20:24
E0004453,A002271,R09,ai_score_viewed,2025-10-14 21:17
E0004454,A002272,R01,profile_opened,2026-05-31 22:11
E0004455,A002273,R07,profile_opened,2025-12-08 06:17
E0004456,A002273,R07,ai_score_viewed,2025-12-08 06:27
E0004457,A002274,R10,profile_opened,2026-05-06 08:03
E0004458,A002275,R11,ai_score_viewed,2026-04-29 23:52
E0004459,A002275,R07,shortlisted,2026-04-30 05:04
E0004460,A002276,R10,profile_opened,2025-10-27 01:25
E0004461,A002276,R04,ai_score_viewed,2025-10-27 01:36
E0004462,A002276,R11,shortlisted,2025-10-27 09:28
E0004463,A002277,R03,profile_opened,2026-01-12 10:46
E0004464,A002277,R12,shortlisted,2026-01-12 17:47
E0004465,A002278,R01,profile_opened,2026-02-18 21:55
E0004466,A002278,R03,shortlisted,2026-02-19 01:36
E0004467,A002279,R06,profile_opened,2025-09-16 00:49
E0004468,A002279,R03,shortlisted,2025-09-16 06:26
E0004469,A002280,R09,profile_opened,2026-02-20 22:30
E0004470,A002280,R02,ai_score_viewed,2026-02-20 22:44
E0004471,A002281,R10,profile_opened,2025-09-19 19:11
E0004472,A002281,R02,ai_score_viewed,2025-09-19 19:42
E0004473,A002281,R01,shortlisted,2025-09-20 00:26
E0004474,A002282,R02,profile_opened,2026-01-15 00:05
E0004475,A002282,R08,ai_score_viewed,2026-01-15 00:46
E0004476,A002283,R06,profile_opened,2026-06-11 23:19
E0004477,A002283,R10,ai_score_viewed,2026-06-12 00:09
E0004478,A002284,R02,ai_score_viewed,2026-01-04 16:36
E0004479,A002284,R03,shortlisted,2026-01-04 23:23
E0004480,A002286,R11,profile_opened,2026-04-05 22:20
E0004481,A002287,R10,profile_opened,2025-10-14 00:45
E0004482,A002287,R07,ai_score_viewed,2025-10-14 01:14
E0004483,A002288,R03,profile_opened,2025-09-30 23:53
E0004484,A002288,R10,ai_score_viewed,2025-10-01 00:49
E0004485,A002289,R02,profile_opened,2026-03-28 16:49
E0004486,A002289,R12,ai_score_viewed,2026-03-28 17:38
E0004487,A002290,R02,profile_opened,2025-10-29 23:59
E0004488,A002290,R10,ai_score_viewed,2025-10-30 00:28
E0004489,A002291,R10,profile_opened,2026-07-17 14:20
E0004490,A002291,R03,shortlisted,2026-07-17 16:38
E0004491,A002292,R01,profile_opened,2025-11-09 17:29
E0004492,A002292,R03,shortlisted,2025-11-09 19:40
E0004493,A002293,R11,profile_opened,2026-06-10 15:52
E0004494,A002294,R10,profile_opened,2026-04-20 14:39
E0004495,A002294,R03,ai_score_viewed,2026-04-20 15:22
E0004496,A002295,R08,profile_opened,2025-12-10 16:28
E0004497,A002295,R05,ai_score_viewed,2025-12-10 16:53
E0004498,A002296,R07,profile_opened,2026-06-19 09:49
E0004499,A002296,R03,ai_score_viewed,2026-06-19 10:36
E0004500,A002297,R11,profile_opened,2025-10-10 20:33
E0004501,A002298,R12,profile_opened,2026-05-04 14:17
E0004502,A002298,R08,shortlisted,2026-05-04 22:17
E0004503,A002299,R03,profile_opened,2026-03-27 16:27
E0004504,A002299,R11,ai_score_viewed,2026-03-27 16:31
E0004505,A002300,R09,profile_opened,2026-01-13 14:39
E0004506,A002300,R10,ai_score_viewed,2026-01-13 14:44
E0004507,A002301,R09,profile_opened,2025-09-08 07:09
E0004508,A002301,R04,ai_score_viewed,2025-09-08 07:41
E0004509,A002302,R10,profile_opened,2026-02-19 15:07
E0004510,A002302,R11,ai_score_viewed,2026-02-19 16:07
E0004511,A002303,R02,profile_opened,2026-06-03 23:11
E0004512,A002303,R12,ai_score_viewed,2026-06-03 23:56
E0004513,A002303,R07,shortlisted,2026-06-04 05:14
E0004514,A002304,R02,profile_opened,2025-09-06 10:41
E0004515,A002304,R02,ai_score_viewed,2025-09-06 10:53
E0004516,A002304,R10,shortlisted,2025-09-06 18:08
E0004517,A002305,R12,profile_opened,2025-11-19 04:11
E0004518,A002305,R12,ai_score_viewed,2025-11-19 04:15
E0004519,A002306,R05,profile_opened,2026-07-04 12:50
E0004520,A002306,R05,ai_score_viewed,2026-07-04 13:06
E0004521,A002307,R06,profile_opened,2026-04-14 23:39
E0004522,A002307,R05,shortlisted,2026-04-15 07:53
E0004523,A002308,R10,profile_opened,2026-05-04 23:05
E0004524,A002308,R03,ai_score_viewed,2026-05-04 23:55
E0004525,A002309,R08,profile_opened,2025-11-07 11:57
E0004526,A002309,R11,ai_score_viewed,2025-11-07 12:54
E0004527,A002310,R04,profile_opened,2025-10-01 10:35
E0004528,A002310,R09,ai_score_viewed,2025-10-01 11:02
E0004529,A002311,R05,profile_opened,2025-09-05 06:57
E0004530,A002311,R07,shortlisted,2025-09-05 15:53
E0004531,A002312,R08,profile_opened,2026-02-15 00:56
E0004532,A002312,R02,ai_score_viewed,2026-02-15 01:18
E0004533,A002312,R10,shortlisted,2026-02-15 08:11
E0004534,A002313,R12,profile_opened,2025-10-22 15:34
E0004535,A002313,R01,shortlisted,2025-10-22 19:09
E0004536,A002314,R10,profile_opened,2026-04-05 11:49
E0004537,A002314,R01,ai_score_viewed,2026-04-05 12:20
E0004538,A002315,R08,profile_opened,2026-01-10 12:15
E0004539,A002316,R01,profile_opened,2025-12-31 09:14
E0004540,A002316,R04,ai_score_viewed,2025-12-31 10:01
E0004541,A002316,R01,shortlisted,2025-12-31 10:38
E0004542,A002317,R10,profile_opened,2026-01-17 00:12
E0004543,A002317,R01,shortlisted,2026-01-17 07:59
E0004544,A002318,R02,profile_opened,2026-01-15 17:25
E0004545,A002318,R10,ai_score_viewed,2026-01-15 18:15
E0004546,A002319,R05,profile_opened,2026-07-19 04:31
E0004547,A002319,R12,ai_score_viewed,2026-07-19 05:04
E0004548,A002320,R11,profile_opened,2025-09-20 00:34
E0004549,A002320,R06,ai_score_viewed,2025-09-20 00:35
E0004550,A002321,R05,profile_opened,2026-04-05 18:17
E0004551,A002322,R10,profile_opened,2026-01-30 18:10
E0004552,A002322,R04,ai_score_viewed,2026-01-30 18:58
E0004553,A002323,R11,profile_opened,2026-04-28 04:18
E0004554,A002323,R05,ai_score_viewed,2026-04-28 04:37
E0004555,A002323,R03,shortlisted,2026-04-28 08:14
E0004556,A002324,R02,profile_opened,2025-11-09 12:25
E0004557,A002324,R03,ai_score_viewed,2025-11-09 12:29
E0004558,A002325,R03,profile_opened,2026-07-17 12:19
E0004559,A002325,R08,ai_score_viewed,2026-07-17 13:10
E0004560,A002327,R01,ai_score_viewed,2025-10-17 20:22
E0004561,A002328,R02,profile_opened,2026-06-29 17:16
E0004562,A002328,R11,ai_score_viewed,2026-06-29 17:31
E0004563,A002329,R08,profile_opened,2025-10-20 21:30
E0004564,A002329,R12,ai_score_viewed,2025-10-20 21:33
E0004565,A002330,R03,profile_opened,2025-12-24 20:40
E0004566,A002330,R01,ai_score_viewed,2025-12-24 21:31
E0004567,A002331,R05,profile_opened,2026-03-25 12:53
E0004568,A002332,R08,profile_opened,2026-07-07 12:37
E0004569,A002332,R04,ai_score_viewed,2026-07-07 12:38
E0004570,A002333,R02,ai_score_viewed,2026-07-14 03:20
E0004571,A002333,R07,shortlisted,2026-07-14 07:38
E0004572,A002334,R09,profile_opened,2026-04-22 12:54
E0004573,A002334,R07,ai_score_viewed,2026-04-22 13:46
E0004574,A002335,R01,profile_opened,2026-04-16 08:14
E0004575,A002335,R04,ai_score_viewed,2026-04-16 09:04
E0004576,A002335,R07,shortlisted,2026-04-16 14:28
E0004577,A002336,R12,profile_opened,2025-11-05 08:28
E0004578,A002337,R07,profile_opened,2025-11-02 19:10
E0004579,A002337,R01,ai_score_viewed,2025-11-02 19:36
E0004580,A002337,R08,shortlisted,2025-11-02 20:31
E0004581,A002338,R08,profile_opened,2026-03-02 08:18
E0004582,A002338,R12,ai_score_viewed,2026-03-02 08:48
E0004583,A002339,R12,profile_opened,2026-04-04 13:00
E0004584,A002339,R09,shortlisted,2026-04-04 15:12
E0004585,A002340,R01,profile_opened,2025-10-09 12:12
E0004586,A002340,R04,ai_score_viewed,2025-10-09 12:43
E0004587,A002341,R02,profile_opened,2026-01-11 17:19
E0004588,A002341,R04,ai_score_viewed,2026-01-11 18:11
E0004589,A002342,R08,profile_opened,2025-12-29 15:16
E0004590,A002343,R02,profile_opened,2026-03-15 17:23
E0004591,A002343,R01,ai_score_viewed,2026-03-15 17:26
E0004592,A002344,R04,profile_opened,2025-10-15 00:13
E0004593,A002344,R06,ai_score_viewed,2025-10-15 01:12
E0004594,A002344,R11,shortlisted,2025-10-15 05:44
E0004595,A002345,R06,profile_opened,2026-05-27 22:43
E0004596,A002345,R09,ai_score_viewed,2026-05-27 23:00
E0004597,A002345,R04,shortlisted,2026-05-27 23:51
E0004598,A002346,R01,profile_opened,2026-02-06 01:13
E0004599,A002346,R09,shortlisted,2026-02-06 05:19
E0004600,A002347,R11,ai_score_viewed,2026-06-07 02:22
E0004601,A002347,R09,shortlisted,2026-06-07 10:05
E0004602,A002348,R09,ai_score_viewed,2026-03-06 09:06
E0004603,A002348,R02,shortlisted,2026-03-06 13:06
E0004604,A002349,R09,profile_opened,2025-10-15 05:30
E0004605,A002350,R07,profile_opened,2026-06-04 18:25
E0004606,A002350,R03,shortlisted,2026-06-04 23:01
E0004607,A002351,R07,profile_opened,2026-04-14 03:17
E0004608,A002351,R11,ai_score_viewed,2026-04-14 03:49
E0004609,A002352,R02,profile_opened,2025-12-31 15:23
E0004610,A002352,R06,ai_score_viewed,2025-12-31 15:45
E0004611,A002353,R01,profile_opened,2026-05-05 20:41
E0004612,A002353,R12,ai_score_viewed,2026-05-05 20:54
E0004613,A002353,R09,shortlisted,2026-05-06 05:59
E0004614,A002354,R01,profile_opened,2025-11-26 03:22
E0004615,A002354,R06,shortlisted,2025-11-26 07:31
E0004616,A002355,R05,profile_opened,2026-07-05 06:03
E0004617,A002355,R03,ai_score_viewed,2026-07-05 06:47
E0004618,A002356,R09,profile_opened,2026-06-24 21:49
E0004619,A002357,R06,profile_opened,2026-07-05 12:38
E0004620,A002357,R04,ai_score_viewed,2026-07-05 13:22
E0004621,A002358,R05,profile_opened,2026-05-03 15:41
E0004622,A002358,R01,ai_score_viewed,2026-05-03 15:43
E0004623,A002359,R10,profile_opened,2026-07-22 22:18
E0004624,A002359,R05,ai_score_viewed,2026-07-22 23:00
E0004625,A002360,R10,profile_opened,2025-11-15 16:06
E0004626,A002361,R05,profile_opened,2025-11-18 15:44
E0004627,A002361,R07,ai_score_viewed,2025-11-18 16:08
E0004628,A002361,R02,shortlisted,2025-11-18 17:33
E0004629,A002362,R10,profile_opened,2026-05-18 00:32
E0004630,A002363,R11,profile_opened,2025-11-19 14:23
E0004631,A002363,R07,ai_score_viewed,2025-11-19 14:58
E0004632,A002364,R10,profile_opened,2026-03-22 10:45
E0004633,A002364,R09,shortlisted,2026-03-22 16:49
E0004634,A002365,R02,profile_opened,2026-03-07 11:48
E0004635,A002366,R02,profile_opened,2026-07-21 10:43
E0004636,A002366,R04,ai_score_viewed,2026-07-21 11:38
E0004637,A002367,R01,profile_opened,2026-03-14 01:20
E0004638,A002368,R03,profile_opened,2026-04-01 12:02
E0004639,A002369,R03,profile_opened,2025-12-29 07:01
E0004640,A002369,R07,ai_score_viewed,2025-12-29 07:39
E0004641,A002369,R10,shortlisted,2025-12-29 15:06
E0004642,A002370,R07,profile_opened,2026-07-27 11:28
E0004643,A002370,R07,ai_score_viewed,2026-07-27 11:37
E0004644,A002370,R11,shortlisted,2026-07-27 19:04
E0004645,A002371,R02,profile_opened,2026-05-09 11:08
E0004646,A002372,R08,profile_opened,2026-07-01 15:37
E0004647,A002372,R07,ai_score_viewed,2026-07-01 15:50
E0004648,A002373,R11,profile_opened,2025-10-27 20:20
E0004649,A002373,R11,ai_score_viewed,2025-10-27 21:00
E0004650,A002374,R11,profile_opened,2025-10-12 10:39
E0004651,A002375,R11,profile_opened,2026-06-01 17:48
E0004652,A002375,R10,ai_score_viewed,2026-06-01 18:43
E0004653,A002375,R12,shortlisted,2026-06-02 03:16
E0004654,A002376,R10,profile_opened,2026-05-03 12:49
E0004655,A002377,R03,profile_opened,2026-06-12 08:32
E0004656,A002377,R09,ai_score_viewed,2026-06-12 09:28
E0004657,A002378,R06,profile_opened,2026-05-07 21:18
E0004658,A002378,R11,shortlisted,2026-05-08 01:37
E0004659,A002379,R10,profile_opened,2026-06-13 13:31
E0004660,A002380,R08,profile_opened,2026-07-08 13:53
E0004661,A002380,R06,ai_score_viewed,2026-07-08 14:11
E0004662,A002381,R03,profile_opened,2026-02-18 19:45
E0004663,A002381,R11,ai_score_viewed,2026-02-18 20:35
E0004664,A002382,R02,profile_opened,2026-02-17 07:57
E0004665,A002382,R02,shortlisted,2026-02-17 10:44
E0004666,A002383,R12,profile_opened,2026-01-17 08:42
E0004667,A002383,R06,ai_score_viewed,2026-01-17 09:03
E0004668,A002383,R11,shortlisted,2026-01-17 18:40
E0004669,A002384,R03,profile_opened,2026-06-26 01:59
E0004670,A002384,R10,ai_score_viewed,2026-06-26 02:28
E0004671,A002385,R10,profile_opened,2025-09-05 17:07
E0004672,A002386,R06,profile_opened,2026-05-23 05:24
E0004673,A002386,R11,ai_score_viewed,2026-05-23 06:01
E0004674,A002387,R04,profile_opened,2026-06-09 11:36
E0004675,A002387,R05,ai_score_viewed,2026-06-09 12:29
E0004676,A002388,R03,profile_opened,2026-05-17 07:58
E0004677,A002388,R07,ai_score_viewed,2026-05-17 08:57
E0004678,A002389,R03,profile_opened,2025-12-10 11:39
E0004679,A002389,R03,ai_score_viewed,2025-12-10 12:12
E0004680,A002390,R06,profile_opened,2026-06-26 13:54
E0004681,A002390,R06,ai_score_viewed,2026-06-26 14:00
E0004682,A002390,R10,shortlisted,2026-06-26 17:17
E0004683,A002391,R02,profile_opened,2026-04-19 05:52
E0004684,A002392,R12,profile_opened,2026-01-07 14:44
E0004685,A002392,R08,shortlisted,2026-01-07 23:07
E0004686,A002393,R07,profile_opened,2026-02-18 18:35
E0004687,A002393,R12,ai_score_viewed,2026-02-18 18:37
E0004688,A002394,R11,profile_opened,2025-10-30 21:31
E0004689,A002394,R11,ai_score_viewed,2025-10-30 21:52
E0004690,A002394,R07,shortlisted,2025-10-31 03:40
E0004691,A002395,R08,profile_opened,2026-01-17 05:18
E0004692,A002396,R08,ai_score_viewed,2026-01-14 19:54
E0004693,A002398,R05,profile_opened,2026-04-06 17:24
E0004694,A002398,R10,ai_score_viewed,2026-04-06 17:54
E0004695,A002399,R10,profile_opened,2025-10-07 15:56
E0004696,A002399,R08,ai_score_viewed,2025-10-07 16:19
E0004697,A002400,R07,profile_opened,2026-07-24 04:14
E0004698,A002400,R03,ai_score_viewed,2026-07-24 04:34
E0004699,A002400,R11,shortlisted,2026-07-24 08:28
E0004700,A002401,R01,profile_opened,2026-07-14 05:15
E0004701,A002402,R04,profile_opened,2026-01-29 12:15
E0004702,A002402,R06,ai_score_viewed,2026-01-29 12:48
E0004703,A002402,R02,shortlisted,2026-01-29 16:42
E0004704,A002403,R08,profile_opened,2026-06-06 21:21
E0004705,A002403,R04,shortlisted,2026-06-07 07:13
E0004706,A002404,R12,profile_opened,2025-12-10 09:02
E0004707,A002405,R10,profile_opened,2025-12-18 16:30
E0004708,A002405,R06,ai_score_viewed,2025-12-18 17:07
E0004709,A002406,R07,profile_opened,2026-06-26 06:02
E0004710,A002406,R03,ai_score_viewed,2026-06-26 06:57
E0004711,A002407,R01,profile_opened,2026-07-17 12:17
E0004712,A002407,R11,shortlisted,2026-07-17 19:30
E0004713,A002408,R02,profile_opened,2025-10-22 11:55
E0004714,A002408,R06,ai_score_viewed,2025-10-22 12:54
E0004715,A002408,R12,shortlisted,2025-10-22 13:31
E0004716,A002409,R03,profile_opened,2026-06-22 04:34
E0004717,A002410,R03,profile_opened,2025-10-24 02:06
E0004718,A002411,R05,profile_opened,2025-11-10 19:18
E0004719,A002411,R10,ai_score_viewed,2025-11-10 20:03
E0004720,A002411,R04,shortlisted,2025-11-11 03:31
E0004721,A002412,R08,profile_opened,2026-04-24 09:45
E0004722,A002412,R02,shortlisted,2026-04-24 17:08
E0004723,A002413,R04,profile_opened,2025-11-30 22:39
E0004724,A002413,R01,ai_score_viewed,2025-11-30 23:26
E0004725,A002414,R08,profile_opened,2026-07-23 09:29
E0004726,A002414,R09,ai_score_viewed,2026-07-23 09:33
E0004727,A002414,R12,shortlisted,2026-07-23 12:19
E0004728,A002415,R05,shortlisted,2025-12-29 04:04
E0004729,A002416,R10,profile_opened,2026-01-28 04:07
E0004730,A002417,R01,profile_opened,2026-07-10 20:14
E0004731,A002418,R11,profile_opened,2025-12-02 00:09
E0004732,A002418,R02,ai_score_viewed,2025-12-02 00:14
E0004733,A002419,R01,profile_opened,2026-07-11 14:37
E0004734,A002419,R08,ai_score_viewed,2026-07-11 14:49
E0004735,A002419,R12,shortlisted,2026-07-11 22:24
E0004736,A002420,R09,profile_opened,2026-07-23 03:13
E0004737,A002420,R09,ai_score_viewed,2026-07-23 03:24
E0004738,A002421,R02,profile_opened,2026-03-17 12:21
E0004739,A002421,R02,shortlisted,2026-03-17 16:42
E0004740,A002422,R01,ai_score_viewed,2026-01-03 05:33
E0004741,A002423,R04,profile_opened,2026-03-10 02:07
E0004742,A002423,R11,ai_score_viewed,2026-03-10 02:54
E0004743,A002424,R09,profile_opened,2026-07-06 11:36
E0004744,A002424,R10,ai_score_viewed,2026-07-06 12:01
E0004745,A002425,R06,profile_opened,2026-07-14 10:46
E0004746,A002425,R05,ai_score_viewed,2026-07-14 11:28
E0004747,A002426,R06,profile_opened,2026-03-30 14:25
E0004748,A002426,R07,ai_score_viewed,2026-03-30 14:48
E0004749,A002427,R06,profile_opened,2025-10-20 02:57
E0004750,A002428,R02,profile_opened,2026-02-13 20:52
E0004751,A002428,R11,ai_score_viewed,2026-02-13 21:48
E0004752,A002429,R07,profile_opened,2025-12-12 17:35
E0004753,A002429,R10,ai_score_viewed,2025-12-12 18:03
E0004754,A002429,R10,shortlisted,2025-12-13 01:41
E0004755,A002430,R05,profile_opened,2026-07-22 06:18
E0004756,A002431,R04,profile_opened,2026-04-03 13:11
E0004757,A002431,R10,shortlisted,2026-04-03 20:12
E0004758,A002432,R10,profile_opened,2026-05-02 10:29
E0004759,A002432,R11,ai_score_viewed,2026-05-02 10:40
E0004760,A002432,R04,shortlisted,2026-05-02 11:33
E0004761,A002433,R04,profile_opened,2025-09-16 17:33
E0004762,A002433,R11,shortlisted,2025-09-17 03:14
E0004763,A002434,R05,profile_opened,2026-02-26 05:16
E0004764,A002434,R10,ai_score_viewed,2026-02-26 05:23
E0004765,A002434,R10,shortlisted,2026-02-26 07:17
E0004766,A002435,R03,profile_opened,2026-06-20 06:19
E0004767,A002435,R08,ai_score_viewed,2026-06-20 06:39
E0004768,A002436,R08,profile_opened,2026-07-27 12:31
E0004769,A002436,R09,ai_score_viewed,2026-07-27 12:39
E0004770,A002436,R08,shortlisted,2026-07-27 19:24
E0004771,A002437,R06,profile_opened,2026-01-13 17:21
E0004772,A002437,R09,ai_score_viewed,2026-01-13 18:03
E0004773,A002438,R10,profile_opened,2025-09-14 08:56
E0004774,A002439,R11,profile_opened,2026-06-24 16:55
E0004775,A002439,R10,ai_score_viewed,2026-06-24 17:08
E0004776,A002440,R06,profile_opened,2026-04-07 08:05
E0004777,A002441,R04,profile_opened,2026-06-26 22:08
E0004778,A002441,R04,ai_score_viewed,2026-06-26 22:34
E0004779,A002441,R10,shortlisted,2026-06-27 00:19
E0004780,A002442,R08,profile_opened,2026-01-16 20:04
E0004781,A002442,R01,ai_score_viewed,2026-01-16 20:21
E0004782,A002442,R10,shortlisted,2026-01-17 00:33
E0004783,A002443,R06,profile_opened,2026-01-24 00:33
E0004784,A002444,R03,profile_opened,2026-02-16 10:38
E0004785,A002445,R11,profile_opened,2025-10-17 00:36
E0004786,A002445,R07,ai_score_viewed,2025-10-17 00:53
E0004787,A002446,R05,profile_opened,2026-03-24 10:26
E0004788,A002447,R06,profile_opened,2025-10-09 12:51
E0004789,A002447,R11,ai_score_viewed,2025-10-09 13:43
E0004790,A002447,R11,shortlisted,2025-10-09 18:40
E0004791,A002448,R08,profile_opened,2026-07-06 10:48
E0004792,A002449,R09,profile_opened,2026-03-22 22:39
E0004793,A002449,R11,ai_score_viewed,2026-03-22 23:34
E0004794,A002450,R12,profile_opened,2026-06-25 16:42
E0004795,A002450,R11,ai_score_viewed,2026-06-25 17:07
E0004796,A002451,R03,profile_opened,2026-07-07 21:54
E0004797,A002452,R03,profile_opened,2025-11-26 23:30
E0004798,A002452,R05,shortlisted,2025-11-27 09:09
E0004799,A002453,R09,profile_opened,2026-02-08 21:04
E0004800,A002454,R02,profile_opened,2026-02-21 08:25
E0004801,A002455,R02,profile_opened,2025-10-21 13:48
E0004802,A002455,R05,shortlisted,2025-10-21 17:22
E0004803,A002456,R12,profile_opened,2026-05-07 03:59
E0004804,A002456,R04,ai_score_viewed,2026-05-07 04:31
E0004805,A002457,R11,profile_opened,2026-04-05 08:44
E0004806,A002457,R05,ai_score_viewed,2026-04-05 09:20
E0004807,A002458,R01,profile_opened,2026-04-23 03:35
E0004808,A002458,R08,ai_score_viewed,2026-04-23 04:27
E0004809,A002458,R07,shortlisted,2026-04-23 04:45
E0004810,A002459,R12,profile_opened,2026-05-19 13:58
E0004811,A002459,R03,ai_score_viewed,2026-05-19 14:38
E0004812,A002459,R08,shortlisted,2026-05-19 15:00
E0004813,A002460,R05,profile_opened,2026-07-21 11:45
E0004814,A002460,R08,ai_score_viewed,2026-07-21 11:59
E0004815,A002461,R05,profile_opened,2025-10-15 06:44
E0004816,A002462,R05,profile_opened,2026-01-29 16:10
E0004817,A002463,R06,profile_opened,2026-02-28 21:19
E0004818,A002463,R01,ai_score_viewed,2026-02-28 21:59
E0004819,A002464,R10,profile_opened,2026-06-23 01:23
E0004820,A002464,R04,ai_score_viewed,2026-06-23 02:12
E0004821,A002464,R11,shortlisted,2026-06-23 04:32
E0004822,A002465,R06,profile_opened,2025-12-30 05:34
E0004823,A002465,R04,shortlisted,2025-12-30 13:42
E0004824,A002466,R12,profile_opened,2025-12-17 02:36
E0004825,A002466,R06,ai_score_viewed,2025-12-17 03:28
E0004826,A002466,R12,shortlisted,2025-12-17 11:45
E0004827,A002467,R04,profile_opened,2026-06-17 22:36
E0004828,A002467,R07,ai_score_viewed,2026-06-17 22:49
E0004829,A002467,R10,shortlisted,2026-06-18 06:58
E0004830,A002468,R11,profile_opened,2025-10-27 14:02
E0004831,A002468,R10,ai_score_viewed,2025-10-27 14:47
E0004832,A002469,R07,profile_opened,2026-01-29 06:41
E0004833,A002469,R11,ai_score_viewed,2026-01-29 06:50
E0004834,A002469,R05,shortlisted,2026-01-29 13:22
E0004835,A002470,R12,ai_score_viewed,2025-09-04 04:55
E0004836,A002470,R01,shortlisted,2025-09-04 05:53
E0004837,A002471,R03,profile_opened,2026-05-13 22:54
E0004838,A002471,R01,ai_score_viewed,2026-05-13 23:25
E0004839,A002472,R10,profile_opened,2026-07-21 15:04
E0004840,A002473,R06,profile_opened,2026-06-21 08:16
E0004841,A002473,R01,ai_score_viewed,2026-06-21 08:19
E0004842,A002474,R02,profile_opened,2026-03-07 04:18
E0004843,A002475,R09,profile_opened,2026-02-19 20:48
E0004844,A002475,R09,shortlisted,2026-02-20 01:02
E0004845,A002476,R02,profile_opened,2026-04-10 23:25
E0004846,A002477,R10,profile_opened,2026-07-15 13:04
E0004847,A002477,R07,ai_score_viewed,2026-07-15 13:26
E0004848,A002478,R03,profile_opened,2026-01-13 12:06
E0004849,A002478,R06,ai_score_viewed,2026-01-13 12:56
E0004850,A002479,R12,profile_opened,2026-03-20 20:21
E0004851,A002479,R05,ai_score_viewed,2026-03-20 20:31
E0004852,A002479,R05,shortlisted,2026-03-20 23:46
E0004853,A002480,R05,profile_opened,2025-09-20 11:55
E0004854,A002480,R07,ai_score_viewed,2025-09-20 12:23
E0004855,A002480,R04,shortlisted,2025-09-20 20:47
E0004856,A002481,R03,profile_opened,2026-01-19 19:04
E0004857,A002482,R09,profile_opened,2026-01-15 17:59
E0004858,A002483,R12,profile_opened,2026-04-27 15:42
E0004859,A002483,R11,ai_score_viewed,2026-04-27 15:51
E0004860,A002484,R01,profile_opened,2026-06-30 06:41
E0004861,A002485,R10,profile_opened,2026-03-17 10:33
E0004862,A002485,R07,shortlisted,2026-03-17 15:03
E0004863,A002486,R11,profile_opened,2026-02-19 02:29
E0004864,A002486,R01,ai_score_viewed,2026-02-19 02:53
E0004865,A002486,R08,shortlisted,2026-02-19 11:58
E0004866,A002487,R07,profile_opened,2026-07-21 19:04
E0004867,A002488,R09,profile_opened,2025-12-26 12:23
E0004868,A002488,R06,ai_score_viewed,2025-12-26 13:17
E0004869,A002489,R07,profile_opened,2026-01-21 14:24
E0004870,A002489,R06,ai_score_viewed,2026-01-21 15:09
E0004871,A002490,R05,profile_opened,2026-07-19 23:17
E0004872,A002490,R05,ai_score_viewed,2026-07-19 23:25
E0004873,A002490,R02,shortlisted,2026-07-20 09:01
E0004874,A002491,R07,profile_opened,2025-09-30 14:47
E0004875,A002491,R02,ai_score_viewed,2025-09-30 15:19
E0004876,A002491,R09,shortlisted,2025-10-01 00:30
E0004877,A002493,R10,profile_opened,2025-12-16 10:50
E0004878,A002493,R08,ai_score_viewed,2025-12-16 11:07
E0004879,A002494,R01,profile_opened,2026-05-19 08:51
E0004880,A002494,R03,ai_score_viewed,2026-05-19 09:23
E0004881,A002495,R01,profile_opened,2026-01-30 10:31
E0004882,A002495,R12,shortlisted,2026-01-30 11:47
E0004883,A002496,R07,profile_opened,2025-11-21 21:38
E0004884,A002496,R11,ai_score_viewed,2025-11-21 22:23
E0004885,A002497,R10,profile_opened,2025-12-03 21:50
E0004886,A002497,R03,ai_score_viewed,2025-12-03 22:45
E0004887,A002497,R03,shortlisted,2025-12-04 05:06
E0004888,A002498,R12,profile_opened,2025-09-11 19:14
E0004889,A002498,R03,ai_score_viewed,2025-09-11 20:02
E0004890,A002499,R08,profile_opened,2026-01-08 05:45
E0004891,A002499,R04,ai_score_viewed,2026-01-08 06:20
E0004892,A002499,R09,shortlisted,2026-01-08 12:56
E0004893,A002500,R04,profile_opened,2026-03-30 00:45
E0004894,A002501,R05,profile_opened,2026-05-18 22:40
E0004895,A002501,R08,ai_score_viewed,2026-05-18 22:43
E0004896,A002501,R10,shortlisted,2026-05-19 08:28
E0004897,A002502,R12,profile_opened,2026-07-16 21:44
E0004898,A002502,R04,ai_score_viewed,2026-07-16 22:36
E0004899,A002502,R04,shortlisted,2026-07-17 02:49
E0004900,A002503,R07,profile_opened,2025-11-06 08:34
E0004901,A002503,R10,ai_score_viewed,2025-11-06 09:03
E0004902,A002503,R07,shortlisted,2025-11-06 18:30
E0004903,A002504,R05,profile_opened,2026-03-25 06:05
E0004904,A002504,R06,ai_score_viewed,2026-03-25 06:24
E0004905,A002504,R03,shortlisted,2026-03-25 11:16
E0004906,A002505,R06,profile_opened,2026-03-23 19:00
E0004907,A002506,R05,profile_opened,2026-06-25 00:17
E0004908,A002506,R08,ai_score_viewed,2026-06-25 01:10
E0004909,A002506,R04,shortlisted,2026-06-25 09:48
E0004910,A002507,R03,profile_opened,2025-10-31 12:40
E0004911,A002507,R11,ai_score_viewed,2025-10-31 13:11
E0004912,A002508,R02,profile_opened,2026-07-22 12:42
E0004913,A002508,R03,ai_score_viewed,2026-07-22 12:45
E0004914,A002509,R09,profile_opened,2026-02-05 04:05
E0004915,A002510,R02,profile_opened,2025-12-16 11:33
E0004916,A002510,R09,shortlisted,2025-12-16 15:35
E0004917,A002511,R05,profile_opened,2026-06-28 00:34
E0004918,A002511,R07,ai_score_viewed,2026-06-28 01:09
E0004919,A002512,R09,profile_opened,2026-03-30 23:40
E0004920,A002512,R03,ai_score_viewed,2026-03-31 00:33
E0004921,A002513,R01,ai_score_viewed,2025-12-27 03:07
E0004922,A002514,R01,profile_opened,2025-10-08 06:28
E0004923,A002514,R03,ai_score_viewed,2025-10-08 06:49
E0004924,A002514,R03,shortlisted,2025-10-08 12:16
E0004925,A002515,R03,profile_opened,2026-07-06 09:49
E0004926,A002515,R02,ai_score_viewed,2026-07-06 10:27
E0004927,A002516,R08,profile_opened,2026-07-11 21:27
E0004928,A002516,R02,shortlisted,2026-07-12 03:41
E0004929,A002517,R12,profile_opened,2025-11-15 08:34
E0004930,A002517,R04,ai_score_viewed,2025-11-15 08:37
E0004931,A002518,R06,profile_opened,2026-05-09 22:54
E0004932,A002518,R07,ai_score_viewed,2026-05-09 23:48
E0004933,A002518,R07,shortlisted,2026-05-10 07:00
E0004934,A002519,R11,profile_opened,2026-02-04 15:56
E0004935,A002520,R03,profile_opened,2026-06-15 03:56
E0004936,A002520,R04,ai_score_viewed,2026-06-15 04:53
E0004937,A002521,R08,profile_opened,2025-11-16 17:10
E0004938,A002521,R03,ai_score_viewed,2025-11-16 17:56
E0004939,A002522,R03,profile_opened,2026-05-30 20:37
E0004940,A002522,R09,ai_score_viewed,2026-05-30 20:58
E0004941,A002522,R07,shortlisted,2026-05-31 05:04
E0004942,A002523,R02,profile_opened,2026-04-21 19:19
E0004943,A002524,R03,profile_opened,2026-06-15 16:12
E0004944,A002525,R11,profile_opened,2026-06-24 11:46
E0004945,A002525,R03,ai_score_viewed,2026-06-24 12:35
E0004946,A002525,R05,shortlisted,2026-06-24 21:17
E0004947,A002526,R05,profile_opened,2026-05-31 19:29
E0004948,A002527,R02,profile_opened,2025-09-05 12:44
E0004949,A002528,R06,profile_opened,2026-02-26 05:21
E0004950,A002528,R03,ai_score_viewed,2026-02-26 05:22
E0004951,A002529,R01,profile_opened,2026-06-11 06:23
E0004952,A002529,R03,ai_score_viewed,2026-06-11 06:55
E0004953,A002530,R07,profile_opened,2025-11-16 03:44
E0004954,A002530,R05,shortlisted,2025-11-16 07:20
E0004955,A002531,R07,profile_opened,2026-05-13 03:28
E0004956,A002531,R12,ai_score_viewed,2026-05-13 04:19
E0004957,A002531,R07,shortlisted,2026-05-13 08:05
E0004958,A002532,R03,profile_opened,2025-11-17 11:20
E0004959,A002532,R11,ai_score_viewed,2025-11-17 12:18
E0004960,A002532,R07,shortlisted,2025-11-17 18:37
E0004961,A002533,R06,profile_opened,2026-06-08 04:24
E0004962,A002533,R07,ai_score_viewed,2026-06-08 04:43
E0004963,A002534,R10,profile_opened,2025-12-09 11:36
E0004964,A002534,R09,ai_score_viewed,2025-12-09 11:51
E0004965,A002535,R01,profile_opened,2026-03-02 11:55
E0004966,A002536,R11,profile_opened,2025-09-04 09:06
E0004967,A002537,R01,profile_opened,2026-03-30 16:46
E0004968,A002538,R10,profile_opened,2025-10-12 17:04
E0004969,A002538,R07,shortlisted,2025-10-12 21:16
E0004970,A002539,R09,profile_opened,2025-09-23 05:55
E0004971,A002539,R02,shortlisted,2025-09-23 08:18
E0004972,A002540,R01,profile_opened,2025-11-25 01:08
E0004973,A002540,R01,ai_score_viewed,2025-11-25 01:59
E0004974,A002540,R12,shortlisted,2025-11-25 03:54
E0004975,A002541,R11,profile_opened,2025-12-11 20:42
E0004976,A002542,R09,profile_opened,2026-07-16 21:08
E0004977,A002542,R08,ai_score_viewed,2026-07-16 22:04
E0004978,A002542,R10,shortlisted,2026-07-17 06:38
E0004979,A002543,R02,profile_opened,2026-04-26 00:12
E0004980,A002543,R06,shortlisted,2026-04-26 03:05
E0004981,A002544,R06,shortlisted,2025-11-22 01:02
E0004982,A002545,R08,profile_opened,2026-07-24 12:39
E0004983,A002545,R12,ai_score_viewed,2026-07-24 12:53
E0004984,A002545,R07,shortlisted,2026-07-24 22:07
E0004985,A002546,R04,profile_opened,2026-05-14 06:24
E0004986,A002547,R03,profile_opened,2026-01-30 17:55
E0004987,A002547,R06,ai_score_viewed,2026-01-30 18:30
E0004988,A002548,R09,profile_opened,2025-11-05 20:46
E0004989,A002548,R04,ai_score_viewed,2025-11-05 21:38
E0004990,A002549,R11,profile_opened,2026-05-25 07:24
E0004991,A002549,R11,shortlisted,2026-05-25 15:51
E0004992,A002550,R12,profile_opened,2025-09-22 13:43
E0004993,A002550,R04,ai_score_viewed,2025-09-22 13:51
E0004994,A002551,R02,profile_opened,2026-04-17 05:57
E0004995,A002551,R06,shortlisted,2026-04-17 15:11
E0004996,A002552,R07,profile_opened,2025-11-13 20:26
E0004997,A002552,R05,ai_score_viewed,2025-11-13 20:32
E0004998,A002553,R11,profile_opened,2025-10-11 08:28
E0004999,A002554,R06,shortlisted,2026-02-22 03:38
E0005000,A002555,R06,profile_opened,2026-03-24 20:36
E0005001,A002555,R01,shortlisted,2026-03-25 00:37
E0005002,A002556,R06,profile_opened,2025-09-14 21:59
E0005003,A002556,R02,ai_score_viewed,2025-09-14 22:13
E0005004,A002557,R04,profile_opened,2026-05-09 13:17
E0005005,A002557,R12,ai_score_viewed,2026-05-09 14:05
E0005006,A002558,R06,profile_opened,2026-01-29 20:52
E0005007,A002558,R05,ai_score_viewed,2026-01-29 21:49
E0005008,A002558,R06,shortlisted,2026-01-30 03:02
E0005009,A002559,R08,profile_opened,2026-03-17 21:39
E0005010,A002560,R01,profile_opened,2025-10-07 15:52
E0005011,A002560,R10,ai_score_viewed,2025-10-07 16:39
E0005012,A002561,R07,profile_opened,2026-05-26 05:41
E0005013,A002561,R08,ai_score_viewed,2026-05-26 06:29
E0005014,A002562,R07,profile_opened,2025-12-04 09:14
E0005015,A002563,R07,profile_opened,2025-09-23 22:07
E0005016,A002563,R11,ai_score_viewed,2025-09-23 22:42
E0005017,A002564,R01,profile_opened,2025-10-23 13:52
E0005018,A002564,R12,ai_score_viewed,2025-10-23 14:33
E0005019,A002565,R12,profile_opened,2026-02-15 07:10
E0005020,A002565,R06,ai_score_viewed,2026-02-15 07:19
E0005021,A002565,R06,shortlisted,2026-02-15 13:26
E0005022,A002566,R09,profile_opened,2025-10-12 19:32
E0005023,A002566,R12,shortlisted,2025-10-12 23:21
E0005024,A002567,R06,profile_opened,2025-10-14 10:28
E0005025,A002567,R02,ai_score_viewed,2025-10-14 11:21
E0005026,A002568,R11,profile_opened,2026-03-19 15:29
E0005027,A002568,R06,ai_score_viewed,2026-03-19 16:00
E0005028,A002569,R11,profile_opened,2025-09-03 02:46
E0005029,A002570,R03,profile_opened,2026-06-28 16:14
E0005030,A002570,R04,shortlisted,2026-06-28 23:41
E0005031,A002572,R08,profile_opened,2025-10-19 07:08
E0005032,A002572,R12,shortlisted,2025-10-19 09:49
E0005033,A002573,R10,profile_opened,2026-03-24 10:42
E0005034,A002574,R05,profile_opened,2026-07-28 02:14
E0005035,A002574,R03,ai_score_viewed,2026-07-28 02:17
E0005036,A002575,R12,profile_opened,2026-04-29 15:35
E0005037,A002575,R05,ai_score_viewed,2026-04-29 16:27
E0005038,A002576,R07,profile_opened,2026-02-26 23:57
E0005039,A002576,R09,ai_score_viewed,2026-02-27 00:21
E0005040,A002576,R07,shortlisted,2026-02-27 09:08
E0005041,A002577,R09,profile_opened,2026-02-21 01:12
E0005042,A002577,R09,ai_score_viewed,2026-02-21 01:29
E0005043,A002577,R07,shortlisted,2026-02-21 05:13
E0005044,A002578,R03,profile_opened,2025-11-22 04:41
E0005045,A002579,R08,profile_opened,2025-11-29 21:44
E0005046,A002580,R10,profile_opened,2026-03-24 18:38
E0005047,A002580,R10,ai_score_viewed,2026-03-24 19:00
E0005048,A002581,R10,profile_opened,2025-12-30 04:22
E0005049,A002581,R05,ai_score_viewed,2025-12-30 05:15
E0005050,A002582,R08,profile_opened,2026-07-28 17:55
E0005051,A002582,R04,ai_score_viewed,2026-07-28 18:53
E0005052,A002582,R10,shortlisted,2026-07-29 03:40
E0005053,A002583,R04,profile_opened,2025-09-20 11:33
E0005054,A002583,R10,ai_score_viewed,2025-09-20 12:29
E0005055,A002583,R10,shortlisted,2025-09-20 16:15
E0005056,A002584,R01,profile_opened,2025-10-13 23:51
E0005057,A002584,R02,ai_score_viewed,2025-10-13 23:59
E0005058,A002585,R11,profile_opened,2026-05-24 17:44
E0005059,A002586,R02,profile_opened,2026-03-13 12:35
E0005060,A002586,R04,ai_score_viewed,2026-03-13 13:08
E0005061,A002586,R05,shortlisted,2026-03-13 16:02
E0005062,A002587,R12,profile_opened,2026-04-27 03:10
E0005063,A002587,R09,ai_score_viewed,2026-04-27 03:28
E0005064,A002588,R11,profile_opened,2026-04-14 13:20
E0005065,A002588,R03,ai_score_viewed,2026-04-14 13:57
E0005066,A002588,R05,shortlisted,2026-04-14 20:22
E0005067,A002589,R04,profile_opened,2025-11-24 23:52
E0005068,A002589,R01,ai_score_viewed,2025-11-25 00:27
E0005069,A002589,R06,shortlisted,2025-11-25 04:49
E0005070,A002590,R05,profile_opened,2026-03-21 14:26
E0005071,A002590,R12,shortlisted,2026-03-21 17:53
E0005072,A002591,R05,ai_score_viewed,2025-10-29 14:59
E0005073,A002591,R01,shortlisted,2025-10-29 23:42
E0005074,A002592,R12,profile_opened,2026-04-07 11:25
E0005075,A002592,R05,ai_score_viewed,2026-04-07 11:27
E0005076,A002593,R10,profile_opened,2025-09-15 04:55
E0005077,A002593,R07,ai_score_viewed,2025-09-15 05:39
E0005078,A002594,R03,profile_opened,2026-01-09 23:44
E0005079,A002595,R10,profile_opened,2026-02-05 19:23
E0005080,A002595,R03,ai_score_viewed,2026-02-05 20:18
E0005081,A002596,R01,profile_opened,2025-09-19 00:36
E0005082,A002596,R12,shortlisted,2025-09-19 06:48
E0005083,A002597,R11,profile_opened,2026-05-24 22:28
E0005084,A002597,R10,ai_score_viewed,2026-05-24 22:56
E0005085,A002598,R02,profile_opened,2026-02-26 00:41
E0005086,A002599,R03,profile_opened,2026-03-28 17:31
E0005087,A002600,R07,profile_opened,2026-04-13 23:06
E0005088,A002600,R11,ai_score_viewed,2026-04-14 00:03
E0005089,A002601,R07,profile_opened,2026-03-24 14:35
E0005090,A002602,R02,profile_opened,2026-04-18 09:43
E0005091,A002602,R01,shortlisted,2026-04-18 18:14
E0005092,A002603,R04,profile_opened,2026-02-21 17:26
E0005093,A002603,R06,ai_score_viewed,2026-02-21 18:08
E0005094,A002605,R05,profile_opened,2026-04-07 23:28
E0005095,A002605,R04,ai_score_viewed,2026-04-07 23:57
E0005096,A002606,R08,profile_opened,2026-05-18 08:50
E0005097,A002606,R04,ai_score_viewed,2026-05-18 08:56
E0005098,A002606,R04,shortlisted,2026-05-18 18:46
E0005099,A002607,R12,profile_opened,2026-06-30 05:26
E0005100,A002607,R02,ai_score_viewed,2026-06-30 06:15
E0005101,A002607,R04,shortlisted,2026-06-30 15:20
E0005102,A002608,R09,profile_opened,2026-01-11 20:36
E0005103,A002609,R08,profile_opened,2026-01-20 00:32
E0005104,A002609,R05,ai_score_viewed,2026-01-20 01:07
E0005105,A002609,R05,shortlisted,2026-01-20 07:13
E0005106,A002610,R11,profile_opened,2026-04-06 03:15
E0005107,A002611,R09,profile_opened,2026-06-08 04:34
E0005108,A002611,R04,ai_score_viewed,2026-06-08 05:18
E0005109,A002612,R10,profile_opened,2025-10-23 22:59
E0005110,A002612,R04,ai_score_viewed,2025-10-23 23:38
E0005111,A002613,R07,profile_opened,2026-04-11 01:49
E0005112,A002613,R05,ai_score_viewed,2026-04-11 02:41
E0005113,A002614,R05,ai_score_viewed,2026-04-29 22:33
E0005114,A002614,R06,shortlisted,2026-04-30 04:32
E0005115,A002615,R09,profile_opened,2025-09-06 00:46
E0005116,A002615,R03,ai_score_viewed,2025-09-06 01:08
E0005117,A002616,R09,profile_opened,2025-12-25 23:07
E0005118,A002616,R06,shortlisted,2025-12-26 02:36
E0005119,A002617,R04,profile_opened,2026-05-12 18:14
E0005120,A002617,R01,ai_score_viewed,2026-05-12 19:06
E0005121,A002618,R03,profile_opened,2026-07-14 01:27
E0005122,A002618,R02,ai_score_viewed,2026-07-14 01:40
E0005123,A002618,R10,shortlisted,2026-07-14 09:59
E0005124,A002619,R04,profile_opened,2026-06-19 05:24
E0005125,A002619,R06,ai_score_viewed,2026-06-19 06:01
E0005126,A002619,R03,shortlisted,2026-06-19 13:39
E0005127,A002620,R03,profile_opened,2026-03-29 23:27
E0005128,A002622,R02,profile_opened,2025-10-16 10:11
E0005129,A002622,R06,ai_score_viewed,2025-10-16 10:40
E0005130,A002623,R07,profile_opened,2026-03-29 17:49
E0005131,A002623,R03,ai_score_viewed,2026-03-29 18:03
E0005132,A002624,R05,profile_opened,2025-11-13 20:12
E0005133,A002624,R03,shortlisted,2025-11-14 03:16
E0005134,A002625,R08,profile_opened,2026-07-03 14:04
E0005135,A002626,R12,profile_opened,2026-05-01 05:56
E0005136,A002627,R05,profile_opened,2025-10-13 12:47
E0005137,A002627,R02,ai_score_viewed,2025-10-13 13:04
E0005138,A002627,R04,shortlisted,2025-10-13 19:05
E0005139,A002628,R12,profile_opened,2026-05-14 14:09
E0005140,A002629,R06,profile_opened,2025-09-18 13:35
E0005141,A002629,R05,ai_score_viewed,2025-09-18 14:01
E0005142,A002629,R02,shortlisted,2025-09-18 16:56
E0005143,A002630,R09,profile_opened,2025-11-20 01:17
E0005144,A002630,R09,ai_score_viewed,2025-11-20 01:23
E0005145,A002631,R04,shortlisted,2026-03-01 12:05
E0005146,A002632,R05,profile_opened,2025-11-25 00:38
E0005147,A002633,R09,profile_opened,2025-10-19 06:30
E0005148,A002634,R09,profile_opened,2025-10-21 17:47
E0005149,A002634,R05,ai_score_viewed,2025-10-21 17:59
E0005150,A002634,R12,shortlisted,2025-10-21 20:30
E0005151,A002635,R09,profile_opened,2025-12-27 21:22
E0005152,A002635,R04,ai_score_viewed,2025-12-27 22:00
E0005153,A002636,R01,profile_opened,2026-01-13 06:53
E0005154,A002636,R11,ai_score_viewed,2026-01-13 07:52
E0005155,A002637,R07,profile_opened,2026-02-18 23:50
E0005156,A002638,R07,profile_opened,2026-05-30 05:16
E0005157,A002639,R08,profile_opened,2025-11-18 14:49
E0005158,A002639,R01,ai_score_viewed,2025-11-18 15:39
E0005159,A002640,R04,profile_opened,2026-04-13 18:12
E0005160,A002641,R07,profile_opened,2026-07-17 22:53
E0005161,A002641,R09,ai_score_viewed,2026-07-17 23:50
E0005162,A002643,R03,profile_opened,2025-12-08 16:34
E0005163,A002643,R09,shortlisted,2025-12-08 18:34
E0005164,A002644,R07,profile_opened,2025-10-10 23:31
E0005165,A002644,R12,ai_score_viewed,2025-10-11 00:13
E0005166,A002644,R07,shortlisted,2025-10-11 05:04
E0005167,A002645,R04,profile_opened,2026-03-11 10:01
E0005168,A002645,R06,ai_score_viewed,2026-03-11 10:13
E0005169,A002646,R12,profile_opened,2025-11-11 15:17
E0005170,A002647,R01,profile_opened,2026-04-15 13:11
E0005171,A002647,R01,shortlisted,2026-04-15 17:17
E0005172,A002648,R10,profile_opened,2026-04-29 11:45
E0005173,A002648,R09,shortlisted,2026-04-29 20:38
E0005174,A002649,R11,profile_opened,2026-02-01 17:31
E0005175,A002650,R03,profile_opened,2026-03-26 13:39
E0005176,A002650,R08,ai_score_viewed,2026-03-26 13:47
E0005177,A002651,R02,profile_opened,2026-05-13 23:08
E0005178,A002651,R09,ai_score_viewed,2026-05-13 23:28
E0005179,A002652,R10,profile_opened,2025-10-01 18:37
E0005180,A002652,R02,ai_score_viewed,2025-10-01 18:45
E0005181,A002653,R02,profile_opened,2025-11-23 14:49
E0005182,A002653,R01,ai_score_viewed,2025-11-23 14:51
E0005183,A002653,R12,shortlisted,2025-11-23 18:47
E0005184,A002654,R09,profile_opened,2026-07-24 01:40
E0005185,A002654,R07,ai_score_viewed,2026-07-24 01:57
E0005186,A002654,R02,shortlisted,2026-07-24 02:48
E0005187,A002655,R09,profile_opened,2026-05-12 04:53
E0005188,A002655,R11,ai_score_viewed,2026-05-12 05:19
E0005189,A002656,R05,profile_opened,2026-04-15 08:18
E0005190,A002656,R11,ai_score_viewed,2026-04-15 08:23
E0005191,A002656,R10,shortlisted,2026-04-15 10:06
E0005192,A002657,R11,profile_opened,2026-02-12 20:33
E0005193,A002658,R03,profile_opened,2025-11-23 11:18
E0005194,A002659,R10,profile_opened,2026-04-27 06:46
E0005195,A002660,R02,profile_opened,2025-12-23 11:20
E0005196,A002660,R09,ai_score_viewed,2025-12-23 11:57
E0005197,A002660,R12,shortlisted,2025-12-23 15:05
E0005198,A002661,R09,profile_opened,2025-10-23 16:08
E0005199,A002661,R06,shortlisted,2025-10-23 17:36
E0005200,A002662,R09,profile_opened,2026-06-28 19:00
E0005201,A002663,R06,profile_opened,2026-01-18 01:24
E0005202,A002663,R12,ai_score_viewed,2026-01-18 01:49
E0005203,A002664,R08,profile_opened,2025-11-18 20:03
E0005204,A002664,R02,ai_score_viewed,2025-11-18 20:14
E0005205,A002665,R07,profile_opened,2026-01-15 01:39
E0005206,A002665,R08,ai_score_viewed,2026-01-15 02:19
E0005207,A002666,R07,shortlisted,2026-07-01 02:35
E0005208,A002667,R11,profile_opened,2025-10-15 22:58
E0005209,A002667,R06,shortlisted,2025-10-16 00:45
E0005210,A002668,R07,profile_opened,2026-06-19 00:04
E0005211,A002669,R06,profile_opened,2025-12-28 23:02
E0005212,A002669,R07,ai_score_viewed,2025-12-28 23:32
E0005213,A002670,R04,profile_opened,2026-05-14 21:10
E0005214,A002670,R11,ai_score_viewed,2026-05-14 21:46
E0005215,A002671,R10,profile_opened,2025-12-22 00:30
E0005216,A002671,R02,ai_score_viewed,2025-12-22 01:03
E0005217,A002671,R12,shortlisted,2025-12-22 02:21
E0005218,A002672,R04,profile_opened,2026-01-16 05:26
E0005219,A002672,R08,ai_score_viewed,2026-01-16 05:28
E0005220,A002672,R01,shortlisted,2026-01-16 11:05
E0005221,A002673,R12,profile_opened,2025-12-03 00:48
E0005222,A002673,R04,ai_score_viewed,2025-12-03 01:13
E0005223,A002673,R07,shortlisted,2025-12-03 01:48
E0005224,A002674,R01,profile_opened,2026-05-04 02:53
E0005225,A002674,R10,ai_score_viewed,2026-05-04 03:15
E0005226,A002675,R08,profile_opened,2025-12-23 02:02
E0005227,A002675,R12,ai_score_viewed,2025-12-23 02:29
E0005228,A002676,R05,profile_opened,2026-05-07 16:21
E0005229,A002677,R03,profile_opened,2026-07-16 14:37
E0005230,A002677,R06,ai_score_viewed,2026-07-16 15:26
E0005231,A002678,R05,shortlisted,2025-10-21 11:30
E0005232,A002679,R05,profile_opened,2026-04-04 14:23
E0005233,A002679,R03,ai_score_viewed,2026-04-04 14:28
E0005234,A002680,R04,profile_opened,2026-02-15 11:26
E0005235,A002680,R10,ai_score_viewed,2026-02-15 12:03
E0005236,A002681,R11,profile_opened,2025-12-19 19:55
E0005237,A002681,R06,ai_score_viewed,2025-12-19 20:02
E0005238,A002682,R11,profile_opened,2025-09-10 23:07
E0005239,A002683,R05,profile_opened,2026-04-17 19:35
E0005240,A002683,R09,ai_score_viewed,2026-04-17 19:58
E0005241,A002684,R11,profile_opened,2026-04-17 08:44
E0005242,A002684,R06,shortlisted,2026-04-17 17:41
E0005243,A002685,R12,profile_opened,2025-12-01 20:20
E0005244,A002685,R12,ai_score_viewed,2025-12-01 21:18
E0005245,A002686,R03,profile_opened,2025-10-18 11:27
E0005246,A002686,R11,ai_score_viewed,2025-10-18 11:59
E0005247,A002687,R10,profile_opened,2026-04-10 07:04
E0005248,A002688,R09,profile_opened,2026-03-28 17:36
E0005249,A002688,R01,ai_score_viewed,2026-03-28 18:05
E0005250,A002689,R04,ai_score_viewed,2026-04-18 09:58
E0005251,A002690,R05,profile_opened,2025-10-22 09:17
E0005252,A002691,R03,shortlisted,2026-01-13 12:28
E0005253,A002692,R03,profile_opened,2025-09-29 13:57
E0005254,A002693,R11,profile_opened,2026-05-14 08:46
E0005255,A002693,R10,ai_score_viewed,2026-05-14 09:44
E0005256,A002693,R01,shortlisted,2026-05-14 18:27
E0005257,A002694,R09,profile_opened,2026-01-21 08:20
E0005258,A002694,R06,ai_score_viewed,2026-01-21 09:11
E0005259,A002694,R03,shortlisted,2026-01-21 17:36
E0005260,A002695,R09,profile_opened,2026-04-21 11:39
E0005261,A002695,R02,ai_score_viewed,2026-04-21 12:17
E0005262,A002696,R09,profile_opened,2026-01-01 19:58
E0005263,A002696,R02,shortlisted,2026-01-02 03:30
E0005264,A002697,R04,profile_opened,2025-09-27 02:14
E0005265,A002697,R12,ai_score_viewed,2025-09-27 03:02
E0005266,A002697,R12,shortlisted,2025-09-27 06:35
E0005267,A002698,R09,profile_opened,2025-09-30 05:52
E0005268,A002698,R01,ai_score_viewed,2025-09-30 06:37
E0005269,A002698,R11,shortlisted,2025-09-30 09:24
E0005270,A002699,R04,profile_opened,2026-02-04 13:48
E0005271,A002699,R08,ai_score_viewed,2026-02-04 14:35
E0005272,A002700,R03,profile_opened,2026-03-24 12:15
E0005273,A002700,R09,ai_score_viewed,2026-03-24 12:58
E0005274,A002701,R12,profile_opened,2025-10-22 21:41
E0005275,A002701,R11,ai_score_viewed,2025-10-22 21:43
E0005276,A002701,R01,shortlisted,2025-10-22 23:19
E0005277,A002702,R10,profile_opened,2026-07-13 08:24
E0005278,A002702,R08,ai_score_viewed,2026-07-13 09:01
E0005279,A002702,R08,shortlisted,2026-07-13 10:29
E0005280,A002703,R06,profile_opened,2025-10-05 15:26
E0005281,A002704,R01,profile_opened,2026-06-02 16:26
E0005282,A002704,R09,ai_score_viewed,2026-06-02 16:28
E0005283,A002705,R10,ai_score_viewed,2026-02-28 17:44
E0005284,A002705,R05,shortlisted,2026-03-01 02:26
E0005285,A002706,R09,profile_opened,2026-05-23 22:03
E0005286,A002706,R07,shortlisted,2026-05-24 01:08
E0005287,A002707,R11,profile_opened,2026-07-01 16:59
E0005288,A002707,R04,ai_score_viewed,2026-07-01 17:14
E0005289,A002708,R10,profile_opened,2026-04-04 14:05
E0005290,A002708,R07,ai_score_viewed,2026-04-04 14:52
E0005291,A002708,R10,shortlisted,2026-04-04 23:33
E0005292,A002709,R12,profile_opened,2026-06-03 09:55
E0005293,A002709,R12,ai_score_viewed,2026-06-03 10:05
E0005294,A002709,R05,shortlisted,2026-06-03 18:51
E0005295,A002710,R11,profile_opened,2025-12-02 16:08
E0005296,A002710,R10,shortlisted,2025-12-02 22:51
E0005297,A002711,R07,profile_opened,2025-09-10 12:22
E0005298,A002713,R07,profile_opened,2026-02-13 03:50
E0005299,A002714,R04,profile_opened,2025-10-31 14:42
E0005300,A002714,R09,shortlisted,2025-10-31 20:42
E0005301,A002715,R03,profile_opened,2025-10-24 07:30
E0005302,A002716,R07,profile_opened,2026-06-25 17:53
E0005303,A002716,R05,ai_score_viewed,2026-06-25 18:27
E0005304,A002718,R11,profile_opened,2025-10-21 07:32
E0005305,A002718,R02,shortlisted,2025-10-21 16:14
E0005306,A002719,R11,profile_opened,2025-11-09 01:52
E0005307,A002720,R01,profile_opened,2025-11-10 18:01
E0005308,A002720,R04,ai_score_viewed,2025-11-10 18:03
E0005309,A002721,R09,profile_opened,2026-02-26 04:07
E0005310,A002721,R05,ai_score_viewed,2026-02-26 04:14
E0005311,A002722,R04,profile_opened,2026-01-01 11:36
E0005312,A002722,R12,ai_score_viewed,2026-01-01 12:26
E0005313,A002723,R01,profile_opened,2026-05-02 19:29
E0005314,A002723,R01,ai_score_viewed,2026-05-02 20:09
E0005315,A002723,R01,shortlisted,2026-05-02 23:00
E0005316,A002724,R02,profile_opened,2026-04-10 05:31
E0005317,A002724,R06,ai_score_viewed,2026-04-10 05:33
E0005318,A002724,R07,shortlisted,2026-04-10 14:58
E0005319,A002725,R04,profile_opened,2025-12-26 19:45
E0005320,A002725,R08,ai_score_viewed,2025-12-26 20:03
E0005321,A002725,R08,shortlisted,2025-12-27 04:42
E0005322,A002726,R09,profile_opened,2025-10-15 01:33
E0005323,A002726,R08,ai_score_viewed,2025-10-15 01:36
E0005324,A002727,R09,profile_opened,2025-10-03 23:36
E0005325,A002728,R08,profile_opened,2026-06-07 02:08
E0005326,A002729,R06,profile_opened,2026-07-23 22:04
E0005327,A002729,R08,ai_score_viewed,2026-07-23 22:52
E0005328,A002730,R12,profile_opened,2025-12-07 16:51
E0005329,A002730,R08,ai_score_viewed,2025-12-07 17:14
E0005330,A002731,R03,profile_opened,2026-03-16 22:57
E0005331,A002731,R04,ai_score_viewed,2026-03-16 23:27
E0005332,A002733,R10,profile_opened,2025-10-20 11:52
E0005333,A002733,R04,ai_score_viewed,2025-10-20 12:44
E0005334,A002734,R10,profile_opened,2025-10-27 18:58
E0005335,A002734,R04,ai_score_viewed,2025-10-27 19:31
E0005336,A002734,R01,shortlisted,2025-10-27 23:29
E0005337,A002735,R04,profile_opened,2026-03-16 19:58
E0005338,A002736,R09,profile_opened,2026-03-06 09:02
E0005339,A002737,R03,profile_opened,2025-09-18 09:41
E0005340,A002737,R06,shortlisted,2025-09-18 12:24
E0005341,A002738,R02,profile_opened,2025-12-29 13:32
E0005342,A002738,R06,ai_score_viewed,2025-12-29 13:55
E0005343,A002739,R01,profile_opened,2026-03-17 01:52
E0005344,A002739,R02,ai_score_viewed,2026-03-17 02:09
E0005345,A002740,R01,profile_opened,2026-01-22 21:14
E0005346,A002740,R05,ai_score_viewed,2026-01-22 21:33
E0005347,A002740,R08,shortlisted,2026-01-23 05:43
E0005348,A002741,R07,profile_opened,2025-11-11 19:15
E0005349,A002742,R12,profile_opened,2025-11-14 22:12
E0005350,A002743,R08,profile_opened,2026-01-11 21:24
E0005351,A002743,R03,shortlisted,2026-01-11 22:45
E0005352,A002744,R02,profile_opened,2025-12-11 14:07
E0005353,A002745,R06,profile_opened,2025-09-03 22:55
E0005354,A002745,R10,ai_score_viewed,2025-09-03 23:14
E0005355,A002746,R03,profile_opened,2026-04-24 23:03
E0005356,A002746,R02,ai_score_viewed,2026-04-24 23:41
E0005357,A002746,R01,shortlisted,2026-04-25 06:08
E0005358,A002747,R01,profile_opened,2025-10-10 19:26
E0005359,A002747,R05,ai_score_viewed,2025-10-10 20:11
E0005360,A002747,R04,shortlisted,2025-10-11 01:26
E0005361,A002748,R09,profile_opened,2025-10-14 06:27
E0005362,A002748,R11,ai_score_viewed,2025-10-14 07:04
E0005363,A002748,R01,shortlisted,2025-10-14 13:31
E0005364,A002749,R11,profile_opened,2025-10-03 08:55
E0005365,A002750,R11,profile_opened,2026-03-22 10:49
E0005366,A002751,R09,profile_opened,2025-09-11 04:10
E0005367,A002752,R11,profile_opened,2026-02-11 09:34
E0005368,A002752,R06,ai_score_viewed,2026-02-11 09:59
E0005369,A002752,R10,shortlisted,2026-02-11 12:31
E0005370,A002753,R08,profile_opened,2025-12-28 09:23
E0005371,A002753,R11,shortlisted,2025-12-28 16:36
E0005372,A002754,R01,profile_opened,2025-12-21 00:47
E0005373,A002754,R02,ai_score_viewed,2025-12-21 01:16
E0005374,A002754,R10,shortlisted,2025-12-21 06:28
E0005375,A002755,R06,profile_opened,2025-09-18 08:18
E0005376,A002755,R10,ai_score_viewed,2025-09-18 08:57
E0005377,A002756,R02,profile_opened,2026-03-29 00:43
E0005378,A002756,R11,ai_score_viewed,2026-03-29 01:08
E0005379,A002757,R10,profile_opened,2026-06-18 08:21
E0005380,A002758,R09,profile_opened,2026-05-22 00:19
E0005381,A002758,R01,ai_score_viewed,2026-05-22 01:06
E0005382,A002759,R07,profile_opened,2025-12-10 03:14
E0005383,A002759,R01,ai_score_viewed,2025-12-10 03:50
E0005384,A002759,R06,shortlisted,2025-12-10 10:48
E0005385,A002760,R03,profile_opened,2025-10-07 01:04
E0005386,A002760,R06,ai_score_viewed,2025-10-07 01:36
E0005387,A002761,R12,profile_opened,2026-01-03 02:59
E0005388,A002761,R06,shortlisted,2026-01-03 05:17
E0005389,A002762,R04,profile_opened,2026-02-08 18:33
E0005390,A002762,R07,ai_score_viewed,2026-02-08 19:10
E0005391,A002763,R06,profile_opened,2026-05-20 22:11
E0005392,A002763,R06,shortlisted,2026-05-21 02:35
E0005393,A002764,R01,profile_opened,2025-10-29 08:40
E0005394,A002764,R12,shortlisted,2025-10-29 16:13
E0005395,A002765,R02,profile_opened,2025-10-25 20:00
E0005396,A002765,R08,ai_score_viewed,2025-10-25 20:44
E0005397,A002765,R01,shortlisted,2025-10-26 02:00
E0005398,A002766,R03,profile_opened,2026-01-22 23:26
E0005399,A002766,R06,ai_score_viewed,2026-01-23 00:01
E0005400,A002767,R08,profile_opened,2026-01-23 17:17
E0005401,A002768,R05,profile_opened,2026-02-04 08:55
E0005402,A002769,R07,profile_opened,2026-07-04 00:03
E0005403,A002769,R01,ai_score_viewed,2026-07-04 00:28
E0005404,A002770,R09,profile_opened,2026-04-11 14:48
E0005405,A002770,R03,ai_score_viewed,2026-04-11 14:57
E0005406,A002770,R10,shortlisted,2026-04-11 20:14
E0005407,A002771,R02,profile_opened,2025-10-06 03:49
E0005408,A002771,R04,ai_score_viewed,2025-10-06 04:31
E0005409,A002771,R08,shortlisted,2025-10-06 06:40
E0005410,A002772,R12,profile_opened,2025-09-21 18:25
E0005411,A002773,R06,profile_opened,2025-10-06 00:56
E0005412,A002773,R07,ai_score_viewed,2025-10-06 01:27
E0005413,A002774,R02,profile_opened,2025-11-08 15:39
E0005414,A002774,R01,ai_score_viewed,2025-11-08 16:04
E0005415,A002774,R05,shortlisted,2025-11-08 23:50
E0005416,A002775,R04,ai_score_viewed,2025-10-08 14:31
E0005417,A002775,R05,shortlisted,2025-10-08 22:44
E0005418,A002776,R11,profile_opened,2025-10-30 01:48
E0005419,A002776,R08,shortlisted,2025-10-30 10:27
E0005420,A002777,R08,profile_opened,2026-05-31 12:22
E0005421,A002777,R03,ai_score_viewed,2026-05-31 13:07
E0005422,A002777,R01,shortlisted,2026-05-31 15:25
E0005423,A002778,R02,profile_opened,2026-01-03 21:53
E0005424,A002778,R08,ai_score_viewed,2026-01-03 22:52
E0005425,A002779,R07,profile_opened,2025-09-16 06:17
E0005426,A002779,R11,ai_score_viewed,2025-09-16 06:53
E0005427,A002780,R08,profile_opened,2026-06-24 04:48
E0005428,A002780,R12,ai_score_viewed,2026-06-24 05:29
E0005429,A002781,R09,profile_opened,2025-11-12 07:43
E0005430,A002781,R07,ai_score_viewed,2025-11-12 07:57
E0005431,A002781,R12,shortlisted,2025-11-12 13:59
E0005432,A002782,R11,shortlisted,2026-04-26 00:45
E0005433,A002783,R07,profile_opened,2025-09-08 17:10
E0005434,A002783,R12,ai_score_viewed,2025-09-08 17:36
E0005435,A002784,R03,profile_opened,2026-02-03 10:24
E0005436,A002784,R10,shortlisted,2026-02-03 15:36
E0005437,A002785,R12,profile_opened,2026-04-20 06:55
E0005438,A002786,R09,profile_opened,2026-02-12 01:26
E0005439,A002786,R12,ai_score_viewed,2026-02-12 01:38
E0005440,A002786,R08,shortlisted,2026-02-12 05:46
E0005441,A002787,R09,profile_opened,2026-01-28 07:27
E0005442,A002787,R07,ai_score_viewed,2026-01-28 07:59
E0005443,A002788,R02,profile_opened,2026-07-21 03:55
E0005444,A002789,R09,profile_opened,2026-05-16 21:43
E0005445,A002790,R12,profile_opened,2026-07-14 05:11
E0005446,A002791,R06,profile_opened,2026-03-29 01:21
E0005447,A002791,R01,ai_score_viewed,2026-03-29 01:46
E0005448,A002792,R06,profile_opened,2026-04-01 14:05
E0005449,A002792,R04,ai_score_viewed,2026-04-01 14:37
E0005450,A002793,R02,profile_opened,2026-02-05 11:30
E0005451,A002794,R03,profile_opened,2025-10-16 00:57
E0005452,A002794,R03,ai_score_viewed,2025-10-16 01:22
E0005453,A002795,R04,profile_opened,2026-01-22 13:16
E0005454,A002795,R06,ai_score_viewed,2026-01-22 13:51
E0005455,A002796,R05,profile_opened,2026-06-16 18:53
E0005456,A002796,R08,shortlisted,2026-06-17 03:11
E0005457,A002797,R12,profile_opened,2025-09-24 23:55
E0005458,A002797,R02,ai_score_viewed,2025-09-25 00:21
E0005459,A002797,R03,shortlisted,2025-09-25 04:50
E0005460,A002798,R06,profile_opened,2026-06-22 05:55
E0005461,A002799,R07,profile_opened,2026-02-17 01:11
E0005462,A002799,R06,ai_score_viewed,2026-02-17 01:48
E0005463,A002800,R08,profile_opened,2025-10-21 01:12
E0005464,A002801,R02,profile_opened,2026-05-23 20:09
E0005465,A002801,R08,ai_score_viewed,2026-05-23 20:42
E0005466,A002801,R03,shortlisted,2026-05-24 03:12
E0005467,A002802,R07,profile_opened,2026-01-11 22:15
E0005468,A002803,R02,profile_opened,2025-11-08 03:40
E0005469,A002803,R12,ai_score_viewed,2025-11-08 03:53
E0005470,A002803,R12,shortlisted,2025-11-08 08:49
E0005471,A002804,R12,profile_opened,2026-07-23 04:18
E0005472,A002804,R05,ai_score_viewed,2026-07-23 05:09
E0005473,A002804,R08,shortlisted,2026-07-23 07:26
E0005474,A002805,R11,profile_opened,2026-06-07 18:24
E0005475,A002805,R02,ai_score_viewed,2026-06-07 18:38
E0005476,A002805,R01,shortlisted,2026-06-08 01:32
E0005477,A002806,R05,profile_opened,2026-01-27 20:07
E0005478,A002806,R07,ai_score_viewed,2026-01-27 20:20
E0005479,A002806,R09,shortlisted,2026-01-28 04:29
E0005480,A002807,R05,profile_opened,2025-10-23 12:13
E0005481,A002807,R09,ai_score_viewed,2025-10-23 12:35
E0005482,A002808,R06,profile_opened,2026-04-27 17:18
E0005483,A002808,R06,ai_score_viewed,2026-04-27 17:31
E0005484,A002809,R03,profile_opened,2026-06-29 08:21
E0005485,A002809,R12,ai_score_viewed,2026-06-29 08:52
E0005486,A002809,R08,shortlisted,2026-06-29 10:57
E0005487,A002810,R05,profile_opened,2026-01-29 06:33
E0005488,A002810,R01,ai_score_viewed,2026-01-29 06:35
E0005489,A002811,R05,profile_opened,2025-09-18 23:07
E0005490,A002811,R12,ai_score_viewed,2025-09-18 23:42
E0005491,A002812,R06,profile_opened,2025-11-28 00:58
E0005492,A002813,R10,profile_opened,2025-10-23 03:21
E0005493,A002813,R04,ai_score_viewed,2025-10-23 03:46
E0005494,A002813,R11,shortlisted,2025-10-23 07:39
E0005495,A002814,R11,profile_opened,2026-01-16 18:29
E0005496,A002814,R10,ai_score_viewed,2026-01-16 19:20
E0005497,A002814,R11,shortlisted,2026-01-17 02:10
E0005498,A002815,R09,profile_opened,2026-06-07 02:59
E0005499,A002815,R02,ai_score_viewed,2026-06-07 03:43
E0005500,A002815,R12,shortlisted,2026-06-07 05:42
E0005501,A002816,R03,profile_opened,2025-09-05 22:21
E0005502,A002816,R10,ai_score_viewed,2025-09-05 22:59
E0005503,A002817,R12,profile_opened,2025-10-07 21:15
E0005504,A002817,R12,shortlisted,2025-10-08 01:57
E0005505,A002818,R06,profile_opened,2025-11-14 05:37
E0005506,A002818,R02,ai_score_viewed,2025-11-14 06:29
E0005507,A002818,R05,shortlisted,2025-11-14 08:24
E0005508,A002819,R07,profile_opened,2025-12-13 21:34
E0005509,A002819,R10,ai_score_viewed,2025-12-13 22:30
E0005510,A002819,R06,shortlisted,2025-12-14 05:53
E0005511,A002820,R05,profile_opened,2026-07-18 23:06
E0005512,A002821,R11,profile_opened,2026-05-01 03:06
E0005513,A002821,R06,ai_score_viewed,2026-05-01 03:33
E0005514,A002822,R08,profile_opened,2026-02-09 19:45
E0005515,A002822,R07,shortlisted,2026-02-10 05:05
E0005516,A002823,R08,profile_opened,2025-12-30 04:04
E0005517,A002823,R05,shortlisted,2025-12-30 13:03
E0005518,A002824,R03,profile_opened,2026-07-08 16:01
E0005519,A002824,R08,ai_score_viewed,2026-07-08 16:49
E0005520,A002825,R01,profile_opened,2026-03-02 12:33
E0005521,A002825,R12,ai_score_viewed,2026-03-02 13:26
E0005522,A002825,R11,shortlisted,2026-03-02 20:27
E0005523,A002826,R10,profile_opened,2026-01-11 08:08
E0005524,A002826,R03,ai_score_viewed,2026-01-11 08:46
E0005525,A002826,R02,shortlisted,2026-01-11 13:18
E0005526,A002827,R10,profile_opened,2025-10-01 01:52
E0005527,A002828,R02,ai_score_viewed,2025-09-18 12:00
E0005528,A002828,R03,shortlisted,2025-09-18 18:50
E0005529,A002829,R10,profile_opened,2026-06-20 04:33
E0005530,A002829,R06,ai_score_viewed,2026-06-20 04:58
E0005531,A002830,R11,profile_opened,2026-02-26 09:35
E0005532,A002830,R12,ai_score_viewed,2026-02-26 10:03
E0005533,A002830,R03,shortlisted,2026-02-26 15:27
E0005534,A002831,R01,profile_opened,2026-02-19 01:03
E0005535,A002831,R02,ai_score_viewed,2026-02-19 01:19
E0005536,A002832,R07,profile_opened,2026-01-23 22:01
E0005537,A002832,R08,ai_score_viewed,2026-01-23 22:06
E0005538,A002833,R10,profile_opened,2026-01-01 08:23
E0005539,A002833,R02,ai_score_viewed,2026-01-01 09:02
E0005540,A002833,R02,shortlisted,2026-01-01 10:29
E0005541,A002834,R04,profile_opened,2025-12-28 00:58
E0005542,A002835,R02,profile_opened,2026-04-05 23:52
E0005543,A002835,R07,ai_score_viewed,2026-04-06 00:49
E0005544,A002835,R01,shortlisted,2026-04-06 07:36
E0005545,A002836,R05,profile_opened,2025-09-19 03:28
E0005546,A002836,R06,ai_score_viewed,2025-09-19 03:48
E0005547,A002836,R06,shortlisted,2025-09-19 09:00
E0005548,A002837,R03,ai_score_viewed,2025-11-14 04:03
E0005549,A002838,R11,profile_opened,2026-04-25 20:53
E0005550,A002838,R02,ai_score_viewed,2026-04-25 21:25
E0005551,A002839,R03,profile_opened,2025-11-16 11:52
E0005552,A002839,R07,ai_score_viewed,2025-11-16 12:24
E0005553,A002839,R02,shortlisted,2025-11-16 21:51
E0005554,A002840,R07,profile_opened,2025-10-31 17:58
E0005555,A002840,R01,ai_score_viewed,2025-10-31 18:20
E0005556,A002840,R01,shortlisted,2025-11-01 03:41
E0005557,A002841,R04,profile_opened,2026-01-13 15:08
E0005558,A002842,R03,profile_opened,2025-12-06 09:34
E0005559,A002843,R12,profile_opened,2025-10-18 21:00
E0005560,A002843,R06,ai_score_viewed,2025-10-18 21:27
E0005561,A002845,R07,profile_opened,2026-02-02 15:21
E0005562,A002846,R07,profile_opened,2026-03-02 15:34
E0005563,A002846,R12,shortlisted,2026-03-03 00:46
E0005564,A002847,R01,profile_opened,2026-02-10 19:19
E0005565,A002847,R12,ai_score_viewed,2026-02-10 19:32
E0005566,A002847,R12,shortlisted,2026-02-10 23:13
E0005567,A002848,R07,profile_opened,2026-01-23 04:39
E0005568,A002849,R02,shortlisted,2026-05-13 06:18
E0005569,A002850,R07,profile_opened,2025-09-29 12:38
E0005570,A002850,R09,ai_score_viewed,2025-09-29 13:20
E0005571,A002850,R11,shortlisted,2025-09-29 19:00
E0005572,A002851,R02,profile_opened,2025-10-13 20:41
E0005573,A002851,R02,ai_score_viewed,2025-10-13 21:34
E0005574,A002852,R05,profile_opened,2025-11-14 21:50
E0005575,A002852,R10,ai_score_viewed,2025-11-14 22:48
E0005576,A002853,R10,profile_opened,2025-11-19 07:01
E0005577,A002853,R09,ai_score_viewed,2025-11-19 07:16
E0005578,A002854,R08,profile_opened,2025-12-23 04:32
E0005579,A002855,R06,profile_opened,2025-12-07 20:03
E0005580,A002855,R11,ai_score_viewed,2025-12-07 20:47
E0005581,A002855,R08,shortlisted,2025-12-08 01:52
E0005582,A002856,R05,profile_opened,2026-03-04 15:28
E0005583,A002856,R11,ai_score_viewed,2026-03-04 16:10
E0005584,A002857,R08,profile_opened,2025-10-09 16:37
E0005585,A002857,R09,ai_score_viewed,2025-10-09 17:22
E0005586,A002858,R09,profile_opened,2026-04-11 21:10
E0005587,A002859,R05,profile_opened,2025-10-02 18:56
E0005588,A002859,R11,ai_score_viewed,2025-10-02 19:37
E0005589,A002859,R06,shortlisted,2025-10-03 04:03
E0005590,A002860,R05,profile_opened,2026-07-01 01:07
E0005591,A002860,R04,shortlisted,2026-07-01 07:25
E0005592,A002862,R02,profile_opened,2025-11-01 21:03
E0005593,A002862,R01,ai_score_viewed,2025-11-01 21:38
E0005594,A002863,R03,profile_opened,2026-05-18 06:29
E0005595,A002864,R08,profile_opened,2025-10-10 07:25
E0005596,A002864,R03,ai_score_viewed,2025-10-10 07:47
E0005597,A002864,R06,shortlisted,2025-10-10 13:26
E0005598,A002866,R07,ai_score_viewed,2026-02-08 21:08
E0005599,A002866,R10,shortlisted,2026-02-09 05:03
E0005600,A002867,R02,profile_opened,2025-09-18 00:40
E0005601,A002867,R08,ai_score_viewed,2025-09-18 01:22
E0005602,A002867,R10,shortlisted,2025-09-18 09:05
E0005603,A002868,R01,profile_opened,2026-07-27 06:27
E0005604,A002868,R12,ai_score_viewed,2026-07-27 06:51
E0005605,A002869,R03,profile_opened,2025-09-19 16:34
E0005606,A002869,R03,ai_score_viewed,2025-09-19 17:32
E0005607,A002869,R08,shortlisted,2025-09-19 21:28
E0005608,A002870,R05,profile_opened,2025-10-11 13:28
E0005609,A002870,R11,ai_score_viewed,2025-10-11 14:28
E0005610,A002871,R12,profile_opened,2026-04-18 21:28
E0005611,A002871,R10,ai_score_viewed,2026-04-18 22:27
E0005612,A002872,R07,profile_opened,2026-02-12 09:31
E0005613,A002872,R08,shortlisted,2026-02-12 13:43
E0005614,A002873,R04,profile_opened,2026-07-08 10:34
E0005615,A002873,R10,ai_score_viewed,2026-07-08 11:04
E0005616,A002873,R04,shortlisted,2026-07-08 15:59
E0005617,A002874,R01,profile_opened,2025-10-15 02:23
E0005618,A002874,R08,ai_score_viewed,2025-10-15 02:47
E0005619,A002875,R03,ai_score_viewed,2026-01-21 15:48
E0005620,A002875,R11,shortlisted,2026-01-21 17:50
E0005621,A002876,R11,profile_opened,2025-10-09 11:33
E0005622,A002876,R04,ai_score_viewed,2025-10-09 12:32
E0005623,A002877,R09,profile_opened,2026-04-18 09:57
E0005624,A002877,R02,ai_score_viewed,2026-04-18 10:15
E0005625,A002877,R05,shortlisted,2026-04-18 19:45
E0005626,A002878,R08,profile_opened,2026-06-21 22:17
E0005627,A002878,R11,ai_score_viewed,2026-06-21 22:53
E0005628,A002879,R07,profile_opened,2025-11-14 06:23
E0005629,A002879,R11,ai_score_viewed,2025-11-14 06:33
E0005630,A002880,R12,profile_opened,2026-03-24 21:20
E0005631,A002880,R09,ai_score_viewed,2026-03-24 21:52
E0005632,A002880,R12,shortlisted,2026-03-25 04:01
E0005633,A002881,R02,profile_opened,2025-10-05 12:34
E0005634,A002881,R12,ai_score_viewed,2025-10-05 13:14
E0005635,A002882,R12,profile_opened,2026-07-22 08:49
E0005636,A002883,R11,profile_opened,2026-03-16 07:30
E0005637,A002883,R09,ai_score_viewed,2026-03-16 07:44
E0005638,A002883,R02,shortlisted,2026-03-16 11:21
E0005639,A002884,R08,profile_opened,2026-07-10 23:19
E0005640,A002885,R09,profile_opened,2026-06-15 15:59
E0005641,A002886,R06,profile_opened,2025-10-09 10:02
E0005642,A002886,R04,ai_score_viewed,2025-10-09 10:54
E0005643,A002887,R08,profile_opened,2026-06-28 21:26
E0005644,A002888,R11,profile_opened,2025-12-07 18:22
E0005645,A002888,R11,ai_score_viewed,2025-12-07 18:54
E0005646,A002889,R12,profile_opened,2026-06-24 15:20
E0005647,A002889,R09,ai_score_viewed,2026-06-24 16:14
E0005648,A002889,R07,shortlisted,2026-06-24 19:25
E0005649,A002890,R07,profile_opened,2026-03-12 17:16
E0005650,A002890,R06,ai_score_viewed,2026-03-12 17:36
E0005651,A002890,R01,shortlisted,2026-03-13 02:57
E0005652,A002891,R08,profile_opened,2025-11-06 20:23
E0005653,A002891,R05,ai_score_viewed,2025-11-06 20:59
E0005654,A002893,R09,profile_opened,2025-10-16 11:01
E0005655,A002893,R06,ai_score_viewed,2025-10-16 11:32
E0005656,A002894,R10,profile_opened,2026-07-13 20:06
E0005657,A002894,R03,ai_score_viewed,2026-07-13 20:30
E0005658,A002894,R04,shortlisted,2026-07-14 04:30
E0005659,A002895,R09,profile_opened,2026-07-02 01:18
E0005660,A002895,R05,shortlisted,2026-07-02 05:03
E0005661,A002896,R06,profile_opened,2026-03-27 17:23
E0005662,A002896,R03,ai_score_viewed,2026-03-27 18:04
E0005663,A002897,R11,profile_opened,2026-07-09 00:57
E0005664,A002897,R06,ai_score_viewed,2026-07-09 01:45
E0005665,A002898,R11,profile_opened,2025-09-22 03:49
E0005666,A002898,R02,ai_score_viewed,2025-09-22 04:10
E0005667,A002898,R01,shortlisted,2025-09-22 04:53
E0005668,A002899,R12,profile_opened,2026-02-14 16:57
E0005669,A002899,R10,shortlisted,2026-02-15 02:31
E0005670,A002900,R08,profile_opened,2026-04-15 07:36
E0005671,A002900,R01,ai_score_viewed,2026-04-15 08:07
E0005672,A002900,R07,shortlisted,2026-04-15 10:08
E0005673,A002901,R11,profile_opened,2026-05-11 04:01
E0005674,A002901,R04,ai_score_viewed,2026-05-11 04:30
E0005675,A002901,R01,shortlisted,2026-05-11 09:48
E0005676,A002902,R04,profile_opened,2026-02-23 15:05
E0005677,A002902,R10,ai_score_viewed,2026-02-23 15:55
E0005678,A002903,R10,profile_opened,2025-10-19 22:52
E0005679,A002904,R06,profile_opened,2025-10-14 12:20
E0005680,A002904,R05,ai_score_viewed,2025-10-14 12:31
E0005681,A002904,R03,shortlisted,2025-10-14 14:00
E0005682,A002905,R06,profile_opened,2025-09-08 02:03
E0005683,A002905,R09,ai_score_viewed,2025-09-08 02:37
E0005684,A002905,R07,shortlisted,2025-09-08 06:12
E0005685,A002906,R04,profile_opened,2025-10-22 08:58
E0005686,A002907,R12,profile_opened,2025-10-07 09:04
E0005687,A002907,R11,shortlisted,2025-10-07 15:31
E0005688,A002908,R06,profile_opened,2025-09-17 12:01
E0005689,A002908,R02,ai_score_viewed,2025-09-17 12:45
E0005690,A002909,R04,profile_opened,2025-09-29 07:46
E0005691,A002909,R10,ai_score_viewed,2025-09-29 08:25
E0005692,A002910,R10,profile_opened,2026-04-11 07:37
E0005693,A002910,R02,ai_score_viewed,2026-04-11 08:28
E0005694,A002910,R02,shortlisted,2026-04-11 14:06
E0005695,A002911,R10,profile_opened,2025-11-25 19:23
E0005696,A002912,R10,profile_opened,2025-10-22 04:11
E0005697,A002912,R05,ai_score_viewed,2025-10-22 04:44
E0005698,A002913,R09,profile_opened,2026-06-18 00:33
E0005699,A002913,R09,shortlisted,2026-06-18 05:16
E0005700,A002914,R09,profile_opened,2026-07-04 06:23
E0005701,A002915,R09,profile_opened,2025-10-01 01:14
E0005702,A002916,R08,profile_opened,2025-11-26 20:28
E0005703,A002917,R08,profile_opened,2026-06-24 22:49
E0005704,A002917,R06,ai_score_viewed,2026-06-24 22:56
E0005705,A002918,R03,profile_opened,2025-09-23 18:29
E0005706,A002918,R06,ai_score_viewed,2025-09-23 19:29
E0005707,A002919,R03,profile_opened,2025-10-21 09:53
E0005708,A002919,R03,ai_score_viewed,2025-10-21 10:29
E0005709,A002920,R09,profile_opened,2025-10-07 01:37
E0005710,A002920,R04,ai_score_viewed,2025-10-07 01:43
E0005711,A002921,R01,shortlisted,2025-09-15 07:06
E0005712,A002922,R01,profile_opened,2026-03-22 09:20
E0005713,A002923,R04,profile_opened,2026-06-14 22:46
E0005714,A002923,R04,shortlisted,2026-06-15 00:11
E0005715,A002924,R06,profile_opened,2025-11-28 21:39
E0005716,A002924,R08,ai_score_viewed,2025-11-28 21:47
E0005717,A002925,R07,profile_opened,2025-10-01 02:15
E0005718,A002925,R02,ai_score_viewed,2025-10-01 02:47
E0005719,A002925,R07,shortlisted,2025-10-01 07:31
E0005720,A002926,R05,profile_opened,2026-05-28 10:26
E0005721,A002926,R06,ai_score_viewed,2026-05-28 10:45
E0005722,A002926,R04,shortlisted,2026-05-28 20:05
E0005723,A002927,R05,profile_opened,2026-03-06 21:53
E0005724,A002928,R06,profile_opened,2025-11-30 11:58
E0005725,A002928,R04,ai_score_viewed,2025-11-30 12:47
E0005726,A002929,R09,profile_opened,2026-02-17 10:53
E0005727,A002929,R02,ai_score_viewed,2026-02-17 11:40
E0005728,A002930,R02,profile_opened,2025-09-28 03:08
E0005729,A002931,R10,profile_opened,2026-04-04 23:47
E0005730,A002931,R12,ai_score_viewed,2026-04-05 00:32
E0005731,A002932,R11,profile_opened,2025-09-28 16:56
E0005732,A002933,R02,profile_opened,2025-10-13 10:47
E0005733,A002934,R08,ai_score_viewed,2026-01-16 07:23
E0005734,A002935,R03,profile_opened,2026-02-26 11:05
E0005735,A002935,R11,ai_score_viewed,2026-02-26 11:07
E0005736,A002936,R08,profile_opened,2026-05-13 08:14
E0005737,A002936,R11,ai_score_viewed,2026-05-13 09:12
E0005738,A002936,R10,shortlisted,2026-05-13 10:46
E0005739,A002937,R07,shortlisted,2026-01-07 12:14
E0005740,A002938,R04,profile_opened,2025-11-18 23:47
E0005741,A002938,R12,ai_score_viewed,2025-11-19 00:47
E0005742,A002939,R08,profile_opened,2025-11-11 23:02
E0005743,A002939,R01,ai_score_viewed,2025-11-11 23:22
E0005744,A002940,R08,profile_opened,2026-07-21 21:19
E0005745,A002941,R02,profile_opened,2026-01-29 02:16
E0005746,A002941,R08,ai_score_viewed,2026-01-29 03:07
E0005747,A002941,R11,shortlisted,2026-01-29 05:18
E0005748,A002942,R04,profile_opened,2026-03-05 00:49
E0005749,A002942,R03,shortlisted,2026-03-05 07:32
E0005750,A002943,R03,profile_opened,2025-09-17 15:16
E0005751,A002944,R05,profile_opened,2026-04-02 00:01
E0005752,A002944,R05,shortlisted,2026-04-02 07:38
E0005753,A002946,R02,profile_opened,2026-02-28 01:44
E0005754,A002946,R11,ai_score_viewed,2026-02-28 02:21
E0005755,A002946,R04,shortlisted,2026-02-28 04:00
E0005756,A002947,R10,profile_opened,2025-09-11 17:49
E0005757,A002948,R05,profile_opened,2025-12-03 19:11
E0005758,A002948,R09,shortlisted,2025-12-04 02:32
E0005759,A002949,R03,ai_score_viewed,2026-03-03 14:51
E0005760,A002950,R08,profile_opened,2026-02-26 12:45
E0005761,A002950,R08,ai_score_viewed,2026-02-26 13:31
E0005762,A002951,R10,profile_opened,2026-06-09 00:07
E0005763,A002951,R03,shortlisted,2026-06-09 02:06
E0005764,A002952,R05,profile_opened,2025-09-26 17:33
E0005765,A002952,R01,ai_score_viewed,2025-09-26 18:11
E0005766,A002953,R10,profile_opened,2026-07-05 08:27
E0005767,A002954,R01,ai_score_viewed,2025-09-07 04:30
E0005768,A002955,R01,profile_opened,2025-10-03 18:49
E0005769,A002955,R01,ai_score_viewed,2025-10-03 19:36
E0005770,A002955,R12,shortlisted,2025-10-04 04:06
E0005771,A002956,R08,profile_opened,2026-04-25 11:04
E0005772,A002957,R07,profile_opened,2026-03-10 17:07
E0005773,A002957,R02,shortlisted,2026-03-11 03:03
E0005774,A002958,R03,profile_opened,2026-03-23 09:39
E0005775,A002958,R01,ai_score_viewed,2026-03-23 09:55
E0005776,A002959,R11,profile_opened,2026-05-04 07:00
E0005777,A002959,R08,ai_score_viewed,2026-05-04 07:56
E0005778,A002960,R02,profile_opened,2026-02-18 16:31
E0005779,A002960,R11,ai_score_viewed,2026-02-18 17:25
E0005780,A002961,R03,profile_opened,2025-09-23 22:29
E0005781,A002961,R03,ai_score_viewed,2025-09-23 22:54
E0005782,A002961,R01,shortlisted,2025-09-24 06:43
E0005783,A002962,R12,profile_opened,2026-06-14 20:36
E0005784,A002962,R04,shortlisted,2026-06-15 06:15
E0005785,A002963,R03,profile_opened,2026-02-26 19:13
E0005786,A002963,R04,ai_score_viewed,2026-02-26 19:16
E0005787,A002964,R03,profile_opened,2026-04-20 17:49
E0005788,A002964,R07,ai_score_viewed,2026-04-20 18:14
E0005789,A002965,R07,profile_opened,2025-12-03 02:36
E0005790,A002965,R07,ai_score_viewed,2025-12-03 02:38
E0005791,A002965,R01,shortlisted,2025-12-03 09:30
E0005792,A002966,R07,profile_opened,2026-02-19 15:34
E0005793,A002966,R05,ai_score_viewed,2026-02-19 16:07
E0005794,A002966,R08,shortlisted,2026-02-19 18:07
E0005795,A002967,R03,profile_opened,2026-06-13 05:49
E0005796,A002968,R06,profile_opened,2025-11-14 10:15
E0005797,A002969,R05,profile_opened,2026-06-08 19:44
E0005798,A002969,R11,shortlisted,2026-06-09 02:57
E0005799,A002970,R05,ai_score_viewed,2025-11-15 23:53
E0005800,A002970,R01,shortlisted,2025-11-16 09:12
E0005801,A002971,R06,ai_score_viewed,2026-05-23 06:01
E0005802,A002972,R01,shortlisted,2026-04-09 10:47
E0005803,A002973,R06,profile_opened,2026-03-14 14:43
E0005804,A002973,R01,ai_score_viewed,2026-03-14 15:19
E0005805,A002973,R09,shortlisted,2026-03-14 20:58
E0005806,A002974,R04,profile_opened,2026-06-26 13:55
E0005807,A002974,R04,ai_score_viewed,2026-06-26 13:57
E0005808,A002974,R04,shortlisted,2026-06-26 18:15
E0005809,A002975,R02,ai_score_viewed,2025-11-23 01:02
E0005810,A002976,R06,profile_opened,2025-11-14 06:59
E0005811,A002976,R10,ai_score_viewed,2025-11-14 07:15
E0005812,A002977,R02,profile_opened,2025-11-23 15:30
E0005813,A002977,R11,ai_score_viewed,2025-11-23 16:17
E0005814,A002978,R02,profile_opened,2026-04-09 21:47
E0005815,A002979,R03,profile_opened,2026-07-26 20:19
E0005816,A002979,R03,ai_score_viewed,2026-07-26 20:43
E0005817,A002980,R07,profile_opened,2026-03-22 15:26
E0005818,A002980,R07,shortlisted,2026-03-23 01:05
E0005819,A002981,R09,ai_score_viewed,2026-06-10 02:35
E0005820,A002981,R06,shortlisted,2026-06-10 05:31
E0005821,A002982,R10,profile_opened,2025-10-14 03:05
E0005822,A002983,R03,profile_opened,2026-02-05 13:55
E0005823,A002984,R02,profile_opened,2026-03-28 02:03
E0005824,A002984,R07,shortlisted,2026-03-28 06:07
E0005825,A002985,R12,profile_opened,2026-05-30 06:13
E0005826,A002985,R09,shortlisted,2026-05-30 08:21
E0005827,A002986,R09,profile_opened,2025-12-22 10:11
E0005828,A002986,R02,ai_score_viewed,2025-12-22 10:28
E0005829,A002986,R02,shortlisted,2025-12-22 12:08
E0005830,A002987,R11,profile_opened,2026-01-09 10:11
E0005831,A002987,R10,ai_score_viewed,2026-01-09 10:24
E0005832,A002988,R01,profile_opened,2026-05-14 02:31
E0005833,A002988,R02,ai_score_viewed,2026-05-14 02:42
E0005834,A002988,R04,shortlisted,2026-05-14 07:08
E0005835,A002989,R04,profile_opened,2026-06-16 14:27
E0005836,A002990,R07,ai_score_viewed,2026-02-12 20:42
E0005837,A002991,R03,profile_opened,2026-05-28 14:17
E0005838,A002992,R10,profile_opened,2026-01-19 15:18
E0005839,A002992,R09,shortlisted,2026-01-19 19:12
E0005840,A002993,R11,profile_opened,2026-02-26 06:53
E0005841,A002993,R04,ai_score_viewed,2026-02-26 07:40
E0005842,A002994,R10,profile_opened,2026-05-28 13:28
E0005843,A002995,R07,profile_opened,2025-10-27 02:53
E0005844,A002995,R11,shortlisted,2025-10-27 12:30
E0005845,A002996,R11,profile_opened,2026-06-18 18:52
E0005846,A002996,R12,ai_score_viewed,2026-06-18 19:31
E0005847,A002996,R02,shortlisted,2026-06-19 01:35
E0005848,A002997,R10,profile_opened,2025-10-20 02:32
E0005849,A002997,R01,ai_score_viewed,2025-10-20 03:03
E0005850,A002998,R10,profile_opened,2026-03-14 22:44
E0005851,A002999,R01,profile_opened,2025-11-01 09:30
E0005852,A003000,R12,profile_opened,2026-04-08 16:55
E0005853,A003000,R06,shortlisted,2026-04-09 00:59
E0005854,A003001,R03,profile_opened,2025-09-21 00:27
E0005855,A003001,R11,ai_score_viewed,2025-09-21 01:04
E0005856,A003001,R06,shortlisted,2025-09-21 02:03
E0005857,A003002,R06,profile_opened,2026-03-11 05:57
E0005858,A003002,R03,ai_score_viewed,2026-03-11 06:24
E0005859,A003003,R08,profile_opened,2026-04-25 06:18
E0005860,A003003,R09,ai_score_viewed,2026-04-25 06:27
E0005861,A003003,R03,shortlisted,2026-04-25 07:39
E0005862,A003004,R08,profile_opened,2026-02-11 03:11
E0005863,A003004,R06,ai_score_viewed,2026-02-11 03:50
E0005864,A003005,R10,profile_opened,2026-03-02 00:11
E0005865,A003005,R12,shortlisted,2026-03-02 06:25
E0005866,A003006,R04,profile_opened,2025-10-15 15:16
E0005867,A003006,R01,shortlisted,2025-10-15 23:43
E0005868,A003007,R07,profile_opened,2025-11-30 09:18
E0005869,A003007,R08,ai_score_viewed,2025-11-30 10:15
E0005870,A003008,R10,profile_opened,2025-12-27 03:49
E0005871,A003008,R06,ai_score_viewed,2025-12-27 04:34
E0005872,A003010,R08,profile_opened,2025-10-16 08:08
E0005873,A003010,R02,ai_score_viewed,2025-10-16 08:56
E0005874,A003010,R04,shortlisted,2025-10-16 14:29
E0005875,A003011,R12,profile_opened,2026-04-03 03:22
E0005876,A003011,R05,ai_score_viewed,2026-04-03 04:22
E0005877,A003011,R03,shortlisted,2026-04-03 04:37
E0005878,A003012,R06,profile_opened,2025-10-10 00:39
E0005879,A003012,R11,ai_score_viewed,2025-10-10 01:37
E0005880,A003012,R09,shortlisted,2025-10-10 09:20
E0005881,A003013,R08,profile_opened,2025-10-04 00:48
E0005882,A003013,R11,ai_score_viewed,2025-10-04 01:41
E0005883,A003013,R07,shortlisted,2025-10-04 10:17
E0005884,A003014,R04,profile_opened,2026-03-07 06:49
E0005885,A003015,R05,profile_opened,2026-05-20 17:50
E0005886,A003015,R02,ai_score_viewed,2026-05-20 18:14
E0005887,A003016,R06,profile_opened,2026-02-21 05:35
E0005888,A003017,R03,profile_opened,2026-06-21 19:53
E0005889,A003017,R11,ai_score_viewed,2026-06-21 20:22
E0005890,A003017,R01,shortlisted,2026-06-22 04:32
E0005891,A003018,R06,profile_opened,2026-06-23 17:17
E0005892,A003018,R12,ai_score_viewed,2026-06-23 17:30
E0005893,A003018,R07,shortlisted,2026-06-24 02:16
E0005894,A003019,R03,profile_opened,2026-03-09 04:27
E0005895,A003020,R11,profile_opened,2025-12-02 13:05
E0005896,A003021,R06,profile_opened,2025-09-27 06:14
E0005897,A003021,R01,ai_score_viewed,2025-09-27 06:38
E0005898,A003022,R05,profile_opened,2026-01-06 12:36
E0005899,A003022,R11,shortlisted,2026-01-06 16:51
E0005900,A003023,R12,profile_opened,2025-11-11 07:32
E0005901,A003023,R03,ai_score_viewed,2025-11-11 08:25
E0005902,A003024,R02,profile_opened,2026-02-26 17:41
E0005903,A003025,R11,ai_score_viewed,2026-03-19 06:21
E0005904,A003026,R11,profile_opened,2026-01-10 02:38
E0005905,A003026,R06,ai_score_viewed,2026-01-10 02:59
E0005906,A003027,R01,profile_opened,2026-05-17 16:48
E0005907,A003027,R08,shortlisted,2026-05-17 18:59
E0005908,A003028,R08,profile_opened,2026-06-26 16:13
E0005909,A003028,R06,ai_score_viewed,2026-06-26 16:33
E0005910,A003028,R12,shortlisted,2026-06-27 00:04
E0005911,A003029,R12,profile_opened,2025-12-09 09:04
E0005912,A003029,R05,ai_score_viewed,2025-12-09 09:58
E0005913,A003030,R08,profile_opened,2026-04-14 17:19
E0005914,A003030,R04,ai_score_viewed,2026-04-14 17:56
E0005915,A003030,R10,shortlisted,2026-04-15 00:31
E0005916,A003031,R04,profile_opened,2026-01-11 16:24
E0005917,A003031,R09,ai_score_viewed,2026-01-11 16:35
E0005918,A003032,R03,profile_opened,2026-02-25 21:03
E0005919,A003032,R09,ai_score_viewed,2026-02-25 21:06
E0005920,A003033,R12,profile_opened,2026-05-25 11:19
E0005921,A003034,R05,profile_opened,2026-01-30 11:56
E0005922,A003035,R06,profile_opened,2026-02-08 13:50
E0005923,A003035,R03,ai_score_viewed,2026-02-08 13:52
E0005924,A003036,R03,profile_opened,2025-12-04 14:54
E0005925,A003036,R12,ai_score_viewed,2025-12-04 15:16
E0005926,A003036,R09,shortlisted,2025-12-04 16:21
E0005927,A003037,R09,profile_opened,2026-07-23 13:37
E0005928,A003037,R09,ai_score_viewed,2026-07-23 13:50
E0005929,A003038,R03,profile_opened,2026-07-14 01:09
E0005930,A003038,R05,ai_score_viewed,2026-07-14 02:01
E0005931,A003038,R03,shortlisted,2026-07-14 06:38
E0005932,A003039,R03,profile_opened,2026-05-30 09:19
E0005933,A003039,R09,ai_score_viewed,2026-05-30 09:38
E0005934,A003039,R05,shortlisted,2026-05-30 14:13
E0005935,A003040,R08,profile_opened,2025-11-29 17:33
E0005936,A003040,R03,ai_score_viewed,2025-11-29 18:19
E0005937,A003040,R03,shortlisted,2025-11-29 20:19
E0005938,A003041,R11,profile_opened,2025-12-24 20:55
E0005939,A003041,R08,ai_score_viewed,2025-12-24 21:00
E0005940,A003042,R01,ai_score_viewed,2025-11-04 17:53
E0005941,A003042,R06,shortlisted,2025-11-05 01:11
E0005942,A003043,R03,ai_score_viewed,2026-06-19 14:12
E0005943,A003044,R05,profile_opened,2025-12-30 17:20
E0005944,A003044,R01,ai_score_viewed,2025-12-30 17:59
E0005945,A003045,R01,profile_opened,2025-12-31 13:57
E0005946,A003046,R04,profile_opened,2026-03-12 08:44
E0005947,A003046,R12,ai_score_viewed,2026-03-12 09:01
E0005948,A003046,R07,shortlisted,2026-03-12 12:27
E0005949,A003047,R01,ai_score_viewed,2026-02-13 17:51
E0005950,A003048,R12,profile_opened,2026-04-04 02:21
E0005951,A003048,R02,ai_score_viewed,2026-04-04 02:57
E0005952,A003049,R10,profile_opened,2026-07-02 19:50
E0005953,A003050,R05,profile_opened,2025-10-31 01:38
E0005954,A003050,R07,ai_score_viewed,2025-10-31 01:54
E0005955,A003051,R04,profile_opened,2025-10-12 08:35
E0005956,A003051,R10,ai_score_viewed,2025-10-12 09:30
E0005957,A003052,R09,profile_opened,2026-03-23 13:01
E0005958,A003052,R04,ai_score_viewed,2026-03-23 13:43
E0005959,A003053,R10,profile_opened,2026-04-05 04:37
E0005960,A003053,R10,ai_score_viewed,2026-04-05 05:13
E0005961,A003054,R05,profile_opened,2025-10-04 05:38
E0005962,A003054,R04,ai_score_viewed,2025-10-04 06:17
E0005963,A003055,R01,profile_opened,2025-12-28 11:42
E0005964,A003055,R04,ai_score_viewed,2025-12-28 12:17
E0005965,A003055,R03,shortlisted,2025-12-28 19:39
E0005966,A003056,R03,profile_opened,2026-07-23 15:25
E0005967,A003056,R05,ai_score_viewed,2026-07-23 16:12
E0005968,A003056,R06,shortlisted,2026-07-24 00:59
E0005969,A003057,R03,profile_opened,2026-04-10 00:46
E0005970,A003057,R10,ai_score_viewed,2026-04-10 00:50
E0005971,A003058,R04,profile_opened,2026-05-04 04:46
E0005972,A003059,R05,profile_opened,2025-12-01 05:40
E0005973,A003059,R10,ai_score_viewed,2025-12-01 06:39
E0005974,A003060,R07,profile_opened,2026-06-10 16:02
E0005975,A003061,R04,profile_opened,2026-07-25 08:55
E0005976,A003062,R10,profile_opened,2026-03-09 06:51
E0005977,A003062,R02,ai_score_viewed,2026-03-09 07:12
E0005978,A003062,R06,shortlisted,2026-03-09 08:34
E0005979,A003063,R01,profile_opened,2026-05-01 07:33
E0005980,A003063,R11,shortlisted,2026-05-01 11:43
E0005981,A003064,R01,profile_opened,2026-04-05 20:49
E0005982,A003064,R01,shortlisted,2026-04-06 03:35
E0005983,A003065,R11,profile_opened,2025-09-25 02:06
E0005984,A003065,R03,ai_score_viewed,2025-09-25 02:35
E0005985,A003065,R03,shortlisted,2025-09-25 12:01
E0005986,A003066,R10,profile_opened,2026-05-26 21:24
E0005987,A003066,R08,ai_score_viewed,2026-05-26 22:08
E0005988,A003067,R03,profile_opened,2026-02-26 00:49
E0005989,A003067,R12,shortlisted,2026-02-26 09:14
E0005990,A003068,R06,shortlisted,2026-06-20 03:01
E0005991,A003069,R05,profile_opened,2026-03-16 16:07
E0005992,A003069,R04,shortlisted,2026-03-16 23:48
E0005993,A003070,R11,profile_opened,2025-11-25 16:54
E0005994,A003070,R05,ai_score_viewed,2025-11-25 17:01
E0005995,A003070,R07,shortlisted,2025-11-26 00:36
E0005996,A003071,R05,profile_opened,2025-12-05 14:28
E0005997,A003071,R01,ai_score_viewed,2025-12-05 15:23
E0005998,A003072,R06,profile_opened,2026-06-03 05:24
E0005999,A003072,R12,ai_score_viewed,2026-06-03 06:13
E0006000,A003073,R03,ai_score_viewed,2026-04-19 00:40
E0006001,A003073,R09,shortlisted,2026-04-19 03:24
E0006002,A003074,R06,profile_opened,2025-10-22 22:46
E0006003,A003074,R06,ai_score_viewed,2025-10-22 23:46
E0006004,A003074,R12,shortlisted,2025-10-23 07:07
E0006005,A003075,R07,profile_opened,2026-04-14 02:53
E0006006,A003075,R09,ai_score_viewed,2026-04-14 02:58
E0006007,A003076,R06,profile_opened,2025-09-06 12:03
E0006008,A003076,R12,ai_score_viewed,2025-09-06 12:47
E0006009,A003077,R09,profile_opened,2026-04-05 19:13
E0006010,A003077,R07,ai_score_viewed,2026-04-05 19:31
E0006011,A003077,R06,shortlisted,2026-04-06 02:05
E0006012,A003078,R11,profile_opened,2026-07-22 05:30
E0006013,A003079,R07,profile_opened,2026-06-06 18:53
E0006014,A003080,R01,profile_opened,2026-01-12 07:46
E0006015,A003080,R03,ai_score_viewed,2026-01-12 07:49
E0006016,A003080,R10,shortlisted,2026-01-12 17:23
E0006017,A003081,R12,profile_opened,2026-04-29 12:21
E0006018,A003081,R01,ai_score_viewed,2026-04-29 13:02
E0006019,A003082,R03,profile_opened,2025-11-19 13:27
E0006020,A003084,R11,profile_opened,2025-11-28 00:44
E0006021,A003084,R12,shortlisted,2025-11-28 03:13
E0006022,A003085,R04,profile_opened,2026-05-09 04:05
E0006023,A003085,R01,shortlisted,2026-05-09 10:39
E0006024,A003086,R06,profile_opened,2026-03-27 22:02
E0006025,A003086,R01,ai_score_viewed,2026-03-27 22:48
E0006026,A003086,R03,shortlisted,2026-03-28 02:37
E0006027,A003087,R08,profile_opened,2026-06-07 09:55
E0006028,A003087,R10,ai_score_viewed,2026-06-07 10:51
E0006029,A003088,R01,profile_opened,2026-04-12 09:11
E0006030,A003088,R08,ai_score_viewed,2026-04-12 09:21
E0006031,A003089,R12,profile_opened,2026-06-04 18:50
E0006032,A003089,R05,ai_score_viewed,2026-06-04 19:06
E0006033,A003089,R08,shortlisted,2026-06-05 02:25
E0006034,A003090,R02,profile_opened,2025-09-29 07:34
E0006035,A003090,R03,ai_score_viewed,2025-09-29 08:03
E0006036,A003090,R07,shortlisted,2025-09-29 14:16
E0006037,A003091,R01,profile_opened,2025-12-24 04:00
E0006038,A003091,R04,shortlisted,2025-12-24 10:12
E0006039,A003092,R06,profile_opened,2026-04-03 16:25
E0006040,A003092,R10,ai_score_viewed,2026-04-03 16:42
E0006041,A003093,R05,profile_opened,2026-01-25 00:18
E0006042,A003094,R09,profile_opened,2025-11-10 21:14
E0006043,A003094,R08,ai_score_viewed,2025-11-10 21:45
E0006044,A003095,R09,profile_opened,2026-02-18 12:50
E0006045,A003095,R08,shortlisted,2026-02-18 22:14
E0006046,A003096,R12,profile_opened,2026-01-06 17:09
E0006047,A003098,R06,profile_opened,2026-05-13 03:31
E0006048,A003098,R08,ai_score_viewed,2026-05-13 03:58
E0006049,A003098,R03,shortlisted,2026-05-13 07:15
E0006050,A003099,R12,profile_opened,2026-02-14 09:32
E0006051,A003099,R12,ai_score_viewed,2026-02-14 10:32
E0006052,A003099,R10,shortlisted,2026-02-14 14:48
E0006053,A003100,R03,profile_opened,2025-10-30 06:25
E0006054,A003100,R11,ai_score_viewed,2025-10-30 07:10
E0006055,A003101,R03,profile_opened,2026-03-18 05:42
E0006056,A003101,R12,ai_score_viewed,2026-03-18 06:12
E0006057,A003101,R09,shortlisted,2026-03-18 08:08
E0006058,A003102,R01,profile_opened,2026-04-25 20:12
E0006059,A003102,R03,ai_score_viewed,2026-04-25 20:31
E0006060,A003103,R08,profile_opened,2025-12-28 17:51
E0006061,A003103,R08,ai_score_viewed,2025-12-28 18:05
E0006062,A003104,R03,profile_opened,2026-06-28 18:40
E0006063,A003104,R10,ai_score_viewed,2026-06-28 19:38
E0006064,A003104,R01,shortlisted,2026-06-28 21:51
E0006065,A003105,R09,profile_opened,2026-06-11 06:13
E0006066,A003105,R03,shortlisted,2026-06-11 13:16
E0006067,A003106,R01,profile_opened,2026-07-24 21:32
E0006068,A003106,R01,ai_score_viewed,2026-07-24 21:39
E0006069,A003107,R10,profile_opened,2026-02-13 00:38
E0006070,A003107,R12,shortlisted,2026-02-13 07:25
E0006071,A003108,R02,profile_opened,2025-09-12 10:05
E0006072,A003108,R01,ai_score_viewed,2025-09-12 10:43
E0006073,A003109,R08,ai_score_viewed,2025-12-04 03:44
E0006074,A003109,R09,shortlisted,2025-12-04 09:36
E0006075,A003110,R11,profile_opened,2026-06-29 15:36
E0006076,A003111,R09,profile_opened,2025-11-23 08:52
E0006077,A003112,R07,profile_opened,2026-07-10 11:54
E0006078,A003112,R10,ai_score_viewed,2026-07-10 12:22
E0006079,A003113,R10,profile_opened,2025-10-02 15:59
E0006080,A003114,R03,profile_opened,2025-11-22 04:33
E0006081,A003114,R05,ai_score_viewed,2025-11-22 05:14
E0006082,A003115,R03,profile_opened,2026-07-13 09:49
E0006083,A003115,R07,ai_score_viewed,2026-07-13 10:13
E0006084,A003116,R05,profile_opened,2026-06-18 04:29
E0006085,A003116,R12,ai_score_viewed,2026-06-18 04:30
E0006086,A003116,R07,shortlisted,2026-06-18 07:14
E0006087,A003117,R05,profile_opened,2025-09-23 10:11
E0006088,A003117,R07,ai_score_viewed,2025-09-23 10:47
E0006089,A003118,R04,profile_opened,2025-12-02 22:29
E0006090,A003118,R02,ai_score_viewed,2025-12-02 23:03
E0006091,A003118,R10,shortlisted,2025-12-02 23:36
E0006092,A003119,R05,profile_opened,2026-06-10 11:13
E0006093,A003119,R05,ai_score_viewed,2026-06-10 11:39
E0006094,A003119,R02,shortlisted,2026-06-10 16:59
E0006095,A003120,R05,profile_opened,2025-09-11 23:20
E0006096,A003121,R10,profile_opened,2026-02-27 21:06
E0006097,A003121,R02,ai_score_viewed,2026-02-27 21:15
E0006098,A003122,R06,ai_score_viewed,2026-05-23 18:18
E0006099,A003123,R08,profile_opened,2026-01-07 17:57
E0006100,A003123,R07,ai_score_viewed,2026-01-07 18:57
E0006101,A003124,R10,profile_opened,2026-04-04 02:48
E0006102,A003125,R08,profile_opened,2025-11-17 10:15
E0006103,A003125,R04,ai_score_viewed,2025-11-17 10:19
E0006104,A003126,R01,profile_opened,2026-03-29 18:30
E0006105,A003126,R11,ai_score_viewed,2026-03-29 19:15
E0006106,A003126,R09,shortlisted,2026-03-30 01:47
E0006107,A003127,R01,profile_opened,2026-02-20 07:36
E0006108,A003127,R12,ai_score_viewed,2026-02-20 08:16
E0006109,A003127,R12,shortlisted,2026-02-20 09:07
E0006110,A003128,R04,profile_opened,2025-11-22 14:44
E0006111,A003128,R12,ai_score_viewed,2025-11-22 15:33
E0006112,A003128,R04,shortlisted,2025-11-22 15:47
E0006113,A003129,R02,profile_opened,2026-07-24 03:42
E0006114,A003129,R02,shortlisted,2026-07-24 10:26
E0006115,A003130,R12,profile_opened,2026-01-18 15:54
E0006116,A003130,R06,ai_score_viewed,2026-01-18 16:19
E0006117,A003131,R12,profile_opened,2026-06-19 08:43
E0006118,A003132,R01,profile_opened,2026-06-16 18:34
E0006119,A003132,R06,ai_score_viewed,2026-06-16 18:50
E0006120,A003132,R11,shortlisted,2026-06-17 01:43
E0006121,A003133,R01,profile_opened,2026-04-18 17:30
E0006122,A003133,R05,ai_score_viewed,2026-04-18 17:47
E0006123,A003134,R05,profile_opened,2025-11-21 14:48
E0006124,A003135,R07,profile_opened,2025-11-05 04:11
E0006125,A003135,R06,ai_score_viewed,2025-11-05 04:20
E0006126,A003136,R08,profile_opened,2026-06-09 09:02
E0006127,A003136,R03,ai_score_viewed,2026-06-09 09:57
E0006128,A003137,R01,profile_opened,2026-01-07 15:10
E0006129,A003138,R10,profile_opened,2025-11-25 10:36
E0006130,A003138,R06,ai_score_viewed,2025-11-25 10:57
E0006131,A003140,R10,profile_opened,2025-12-02 20:16
E0006132,A003140,R09,ai_score_viewed,2025-12-02 20:45
E0006133,A003140,R07,shortlisted,2025-12-02 23:25
E0006134,A003141,R05,profile_opened,2026-06-17 02:58
E0006135,A003141,R05,ai_score_viewed,2026-06-17 03:44
E0006136,A003141,R11,shortlisted,2026-06-17 08:35
E0006137,A003142,R06,profile_opened,2026-03-04 13:07
E0006138,A003142,R07,ai_score_viewed,2026-03-04 13:25
E0006139,A003143,R04,profile_opened,2026-02-28 03:33
E0006140,A003143,R10,ai_score_viewed,2026-02-28 03:51
E0006141,A003144,R03,profile_opened,2026-04-25 09:01
E0006142,A003144,R10,shortlisted,2026-04-25 13:18
E0006143,A003145,R10,profile_opened,2026-06-13 17:39
E0006144,A003145,R12,ai_score_viewed,2026-06-13 18:11
E0006145,A003145,R02,shortlisted,2026-06-13 22:38
E0006146,A003146,R06,profile_opened,2025-10-11 06:59
E0006147,A003146,R01,ai_score_viewed,2025-10-11 07:53
E0006148,A003147,R11,ai_score_viewed,2025-09-28 15:11
E0006149,A003147,R12,shortlisted,2025-09-28 19:27
E0006150,A003148,R07,profile_opened,2026-04-17 13:09
E0006151,A003148,R07,ai_score_viewed,2026-04-17 13:51
E0006152,A003148,R06,shortlisted,2026-04-17 21:47
E0006153,A003149,R09,profile_opened,2026-01-29 03:10
E0006154,A003149,R08,ai_score_viewed,2026-01-29 03:39
E0006155,A003150,R07,profile_opened,2026-07-21 01:21
E0006156,A003151,R10,profile_opened,2025-10-06 14:35
E0006157,A003151,R03,ai_score_viewed,2025-10-06 14:54
E0006158,A003151,R01,shortlisted,2025-10-06 20:57
E0006159,A003152,R11,profile_opened,2026-07-08 13:12
E0006160,A003152,R02,ai_score_viewed,2026-07-08 13:48
E0006161,A003152,R08,shortlisted,2026-07-08 15:54
E0006162,A003153,R05,profile_opened,2025-09-13 00:33
E0006163,A003153,R10,ai_score_viewed,2025-09-13 00:34
E0006164,A003154,R09,profile_opened,2026-05-05 21:45
E0006165,A003154,R08,ai_score_viewed,2026-05-05 22:05
E0006166,A003154,R03,shortlisted,2026-05-06 04:10
E0006167,A003155,R01,profile_opened,2026-05-21 03:24
E0006168,A003155,R01,ai_score_viewed,2026-05-21 03:28
E0006169,A003156,R04,profile_opened,2026-04-10 20:19
E0006170,A003156,R08,ai_score_viewed,2026-04-10 21:18
E0006171,A003157,R04,profile_opened,2025-10-25 03:34
E0006172,A003157,R10,ai_score_viewed,2025-10-25 04:06
E0006173,A003157,R11,shortlisted,2025-10-25 09:28
E0006174,A003158,R05,profile_opened,2025-09-05 09:44
E0006175,A003158,R06,ai_score_viewed,2025-09-05 10:34
E0006176,A003159,R05,profile_opened,2025-11-12 08:40
E0006177,A003160,R11,profile_opened,2025-09-06 06:35
E0006178,A003160,R01,ai_score_viewed,2025-09-06 06:55
E0006179,A003160,R06,shortlisted,2025-09-06 07:53
E0006180,A003161,R12,profile_opened,2026-07-17 15:31
E0006181,A003161,R11,ai_score_viewed,2026-07-17 15:49
E0006182,A003161,R10,shortlisted,2026-07-17 20:13
E0006183,A003162,R05,profile_opened,2026-05-25 22:32
E0006184,A003162,R12,ai_score_viewed,2026-05-25 22:34
E0006185,A003162,R08,shortlisted,2026-05-25 23:43
E0006186,A003163,R10,profile_opened,2026-06-10 07:47
E0006187,A003163,R09,shortlisted,2026-06-10 09:02
E0006188,A003164,R08,profile_opened,2026-07-20 12:01
E0006189,A003164,R10,ai_score_viewed,2026-07-20 12:29
E0006190,A003164,R01,shortlisted,2026-07-20 19:57
E0006191,A003165,R05,profile_opened,2026-03-24 18:16
E0006192,A003165,R09,ai_score_viewed,2026-03-24 18:21
E0006193,A003166,R07,profile_opened,2025-11-23 07:54
E0006194,A003166,R07,ai_score_viewed,2025-11-23 08:21
E0006195,A003167,R03,profile_opened,2025-12-18 08:43
E0006196,A003167,R10,ai_score_viewed,2025-12-18 09:02
E0006197,A003168,R02,profile_opened,2026-05-21 22:31
E0006198,A003168,R05,shortlisted,2026-05-21 23:52
E0006199,A003169,R09,profile_opened,2026-04-13 04:12
E0006200,A003169,R11,shortlisted,2026-04-13 09:12
E0006201,A003170,R06,profile_opened,2025-11-26 16:29
E0006202,A003170,R01,ai_score_viewed,2025-11-26 17:19
E0006203,A003171,R08,profile_opened,2025-12-22 00:58
E0006204,A003171,R10,ai_score_viewed,2025-12-22 01:28
E0006205,A003171,R12,shortlisted,2025-12-22 02:20
E0006206,A003172,R02,profile_opened,2025-10-19 10:23
E0006207,A003172,R01,ai_score_viewed,2025-10-19 11:08
E0006208,A003173,R04,profile_opened,2026-03-18 07:47
E0006209,A003173,R03,ai_score_viewed,2026-03-18 08:09
E0006210,A003173,R09,shortlisted,2026-03-18 16:46
E0006211,A003174,R06,profile_opened,2026-05-10 16:21
E0006212,A003174,R09,ai_score_viewed,2026-05-10 16:24
E0006213,A003175,R05,profile_opened,2025-10-11 16:47
E0006214,A003175,R02,ai_score_viewed,2025-10-11 16:49
E0006215,A003176,R09,profile_opened,2026-07-18 00:57
E0006216,A003176,R09,ai_score_viewed,2026-07-18 01:26
E0006217,A003176,R10,shortlisted,2026-07-18 05:24
E0006218,A003178,R12,profile_opened,2026-07-27 11:57
E0006219,A003178,R06,shortlisted,2026-07-27 14:21
E0006220,A003179,R11,profile_opened,2025-11-02 22:05
E0006221,A003179,R12,ai_score_viewed,2025-11-02 22:44
E0006222,A003180,R04,profile_opened,2026-03-27 18:45
E0006223,A003180,R07,ai_score_viewed,2026-03-27 19:27
E0006224,A003180,R07,shortlisted,2026-03-28 01:43
E0006225,A003181,R01,profile_opened,2026-02-24 02:47
E0006226,A003182,R08,profile_opened,2025-12-09 10:45
E0006227,A003182,R07,shortlisted,2025-12-09 12:15
E0006228,A003183,R04,profile_opened,2025-09-25 13:05
E0006229,A003183,R11,shortlisted,2025-09-25 16:01
E0006230,A003184,R04,profile_opened,2025-11-14 20:45
E0006231,A003184,R05,ai_score_viewed,2025-11-14 20:52
E0006232,A003185,R05,profile_opened,2026-02-23 02:25
E0006233,A003185,R03,ai_score_viewed,2026-02-23 02:29
E0006234,A003186,R03,profile_opened,2026-03-31 14:53
E0006235,A003186,R08,ai_score_viewed,2026-03-31 15:05
E0006236,A003187,R08,profile_opened,2026-06-28 02:57
E0006237,A003187,R01,ai_score_viewed,2026-06-28 03:24
E0006238,A003187,R09,shortlisted,2026-06-28 10:01
E0006239,A003188,R06,profile_opened,2026-05-13 17:24
E0006240,A003188,R08,ai_score_viewed,2026-05-13 18:19
E0006241,A003188,R01,shortlisted,2026-05-13 18:39
E0006242,A003189,R06,profile_opened,2025-12-03 22:24
E0006243,A003189,R03,ai_score_viewed,2025-12-03 23:20
E0006244,A003190,R07,profile_opened,2026-02-28 17:12
E0006245,A003190,R02,ai_score_viewed,2026-02-28 17:19
E0006246,A003191,R07,profile_opened,2026-04-24 18:13
E0006247,A003191,R03,ai_score_viewed,2026-04-24 19:11
E0006248,A003191,R04,shortlisted,2026-04-25 00:56
E0006249,A003192,R03,profile_opened,2026-03-09 03:15
E0006250,A003192,R05,ai_score_viewed,2026-03-09 03:43
E0006251,A003193,R09,profile_opened,2026-03-27 09:56
E0006252,A003194,R04,shortlisted,2026-02-14 16:53
E0006253,A003195,R02,ai_score_viewed,2026-02-19 23:23
E0006254,A003195,R02,shortlisted,2026-02-20 05:34
E0006255,A003196,R03,profile_opened,2026-04-25 23:04
E0006256,A003196,R11,shortlisted,2026-04-26 01:31
E0006257,A003197,R06,profile_opened,2026-07-22 19:40
E0006258,A003197,R05,ai_score_viewed,2026-07-22 20:01
E0006259,A003198,R08,profile_opened,2026-02-27 11:57
E0006260,A003198,R01,shortlisted,2026-02-27 13:08
E0006261,A003199,R08,profile_opened,2025-10-22 06:26
E0006262,A003199,R11,ai_score_viewed,2025-10-22 06:38
E0006263,A003200,R06,profile_opened,2025-10-02 08:29
E0006264,A003200,R02,shortlisted,2025-10-02 14:25
E0006265,A003201,R04,profile_opened,2025-11-03 15:20
E0006266,A003202,R03,profile_opened,2026-03-27 08:26
E0006267,A003202,R02,shortlisted,2026-03-27 15:40
E0006268,A003203,R08,profile_opened,2025-11-17 00:28
E0006269,A003203,R03,ai_score_viewed,2025-11-17 00:57
E0006270,A003204,R03,ai_score_viewed,2025-09-25 01:55
E0006271,A003204,R12,shortlisted,2025-09-25 07:54
E0006272,A003205,R03,profile_opened,2026-02-19 01:05
E0006273,A003206,R11,profile_opened,2025-12-31 23:18
E0006274,A003206,R11,ai_score_viewed,2026-01-01 00:10
E0006275,A003206,R11,shortlisted,2026-01-01 01:35
E0006276,A003207,R12,profile_opened,2026-03-20 20:12
E0006277,A003207,R01,ai_score_viewed,2026-03-20 20:53
E0006278,A003208,R12,profile_opened,2026-02-08 06:58
E0006279,A003208,R10,shortlisted,2026-02-08 09:08
E0006280,A003209,R01,profile_opened,2025-09-12 10:05
E0006281,A003209,R02,ai_score_viewed,2025-09-12 10:59
E0006282,A003209,R08,shortlisted,2025-09-12 12:08
E0006283,A003210,R10,profile_opened,2026-02-28 08:26
E0006284,A003210,R11,ai_score_viewed,2026-02-28 09:05
E0006285,A003211,R12,profile_opened,2026-04-08 04:35
E0006286,A003212,R04,profile_opened,2026-04-18 16:05
E0006287,A003213,R05,ai_score_viewed,2026-07-16 19:43
E0006288,A003214,R12,profile_opened,2026-04-11 09:03
E0006289,A003214,R02,ai_score_viewed,2026-04-11 09:05
E0006290,A003215,R05,profile_opened,2026-06-29 02:07
E0006291,A003216,R02,profile_opened,2026-05-24 00:07
E0006292,A003216,R04,ai_score_viewed,2026-05-24 00:14
E0006293,A003216,R09,shortlisted,2026-05-24 07:26
E0006294,A003217,R07,profile_opened,2025-10-26 18:33
E0006295,A003217,R09,ai_score_viewed,2025-10-26 19:10
E0006296,A003218,R05,profile_opened,2025-12-05 03:31
E0006297,A003218,R06,ai_score_viewed,2025-12-05 03:54
E0006298,A003219,R09,profile_opened,2026-02-08 06:53
E0006299,A003219,R11,shortlisted,2026-02-08 10:19
E0006300,A003220,R07,profile_opened,2026-03-10 05:07
E0006301,A003220,R05,ai_score_viewed,2026-03-10 05:32
E0006302,A003221,R10,shortlisted,2026-01-08 00:49
E0006303,A003222,R11,profile_opened,2026-06-01 04:52
E0006304,A003222,R10,ai_score_viewed,2026-06-01 05:17
E0006305,A003223,R12,profile_opened,2026-05-22 09:40
E0006306,A003223,R07,ai_score_viewed,2026-05-22 10:18
E0006307,A003223,R06,shortlisted,2026-05-22 13:42
E0006308,A003224,R09,profile_opened,2025-12-04 19:26
E0006309,A003224,R06,ai_score_viewed,2025-12-04 20:07
E0006310,A003225,R08,profile_opened,2026-03-09 06:20
E0006311,A003225,R08,ai_score_viewed,2026-03-09 06:41
E0006312,A003226,R01,profile_opened,2026-01-28 00:24
E0006313,A003226,R07,ai_score_viewed,2026-01-28 00:29
E0006314,A003228,R09,profile_opened,2025-09-25 05:28
E0006315,A003228,R11,shortlisted,2025-09-25 12:53
E0006316,A003229,R09,profile_opened,2026-02-15 00:00
E0006317,A003229,R02,ai_score_viewed,2026-02-15 00:18
E0006318,A003230,R05,profile_opened,2025-10-04 08:48
E0006319,A003230,R03,ai_score_viewed,2025-10-04 09:40
E0006320,A003230,R04,shortlisted,2025-10-04 12:34
E0006321,A003231,R01,profile_opened,2026-01-01 22:19
E0006322,A003231,R10,ai_score_viewed,2026-01-01 22:26
E0006323,A003231,R07,shortlisted,2026-01-02 03:35
E0006324,A003232,R05,profile_opened,2026-02-01 23:41
E0006325,A003232,R03,shortlisted,2026-02-02 01:47
E0006326,A003233,R03,profile_opened,2026-03-04 06:06
E0006327,A003234,R10,profile_opened,2026-04-02 04:18
E0006328,A003234,R07,ai_score_viewed,2026-04-02 04:51
E0006329,A003234,R01,shortlisted,2026-04-02 14:11
E0006330,A003235,R09,profile_opened,2025-09-16 11:46
E0006331,A003235,R09,ai_score_viewed,2025-09-16 11:57
E0006332,A003236,R11,profile_opened,2025-11-13 16:06
E0006333,A003236,R11,ai_score_viewed,2025-11-13 16:51
E0006334,A003237,R02,profile_opened,2026-02-20 06:46
E0006335,A003238,R12,profile_opened,2026-02-04 06:03
E0006336,A003238,R02,ai_score_viewed,2026-02-04 06:42
E0006337,A003239,R08,profile_opened,2026-03-28 09:51
E0006338,A003241,R04,profile_opened,2025-09-08 12:23
E0006339,A003241,R01,ai_score_viewed,2025-09-08 13:19
E0006340,A003242,R06,profile_opened,2026-05-19 02:11
E0006341,A003242,R09,ai_score_viewed,2026-05-19 02:37
E0006342,A003242,R06,shortlisted,2026-05-19 11:01
E0006343,A003243,R02,profile_opened,2026-07-06 18:10
E0006344,A003243,R06,ai_score_viewed,2026-07-06 18:44
E0006345,A003243,R10,shortlisted,2026-07-06 20:10
E0006346,A003244,R01,profile_opened,2025-10-12 12:04
E0006347,A003244,R07,ai_score_viewed,2025-10-12 12:08
E0006348,A003245,R12,profile_opened,2026-06-10 07:13
E0006349,A003246,R02,profile_opened,2026-01-24 06:29
E0006350,A003247,R01,profile_opened,2026-05-31 01:38
E0006351,A003247,R06,shortlisted,2026-05-31 05:30
E0006352,A003248,R08,profile_opened,2026-05-19 09:53
E0006353,A003248,R06,shortlisted,2026-05-19 13:03
E0006354,A003249,R03,profile_opened,2025-11-15 18:56
E0006355,A003249,R09,shortlisted,2025-11-16 01:04
E0006356,A003250,R07,profile_opened,2025-11-14 05:44
E0006357,A003251,R06,profile_opened,2025-09-25 03:39
E0006358,A003252,R01,profile_opened,2025-10-05 23:55
E0006359,A003253,R11,profile_opened,2026-04-01 02:39
E0006360,A003253,R03,ai_score_viewed,2026-04-01 03:32
E0006361,A003254,R06,profile_opened,2025-12-12 05:46
E0006362,A003254,R10,ai_score_viewed,2025-12-12 05:47
E0006363,A003255,R12,profile_opened,2026-03-15 14:57
E0006364,A003255,R03,shortlisted,2026-03-16 00:08
E0006365,A003256,R12,profile_opened,2026-03-10 20:40
E0006366,A003256,R01,ai_score_viewed,2026-03-10 20:47
E0006367,A003256,R03,shortlisted,2026-03-11 03:28
E0006368,A003257,R12,profile_opened,2026-05-07 16:41
E0006369,A003257,R08,ai_score_viewed,2026-05-07 17:33
E0006370,A003257,R07,shortlisted,2026-05-08 00:39
E0006371,A003259,R12,profile_opened,2025-10-24 00:04
E0006372,A003260,R02,profile_opened,2025-11-06 11:37
E0006373,A003260,R06,shortlisted,2025-11-06 18:18
E0006374,A003261,R11,profile_opened,2025-10-10 02:17
E0006375,A003261,R12,ai_score_viewed,2025-10-10 02:55
E0006376,A003262,R04,profile_opened,2025-10-15 02:09
E0006377,A003263,R06,profile_opened,2026-05-04 03:40
E0006378,A003263,R04,ai_score_viewed,2026-05-04 03:48
E0006379,A003264,R01,profile_opened,2025-09-21 14:10
E0006380,A003264,R04,ai_score_viewed,2025-09-21 15:10
E0006381,A003264,R07,shortlisted,2025-09-21 21:26
E0006382,A003265,R09,profile_opened,2025-11-23 00:24
E0006383,A003265,R07,ai_score_viewed,2025-11-23 01:13
E0006384,A003265,R10,shortlisted,2025-11-23 02:13
E0006385,A003266,R11,profile_opened,2026-03-29 08:26
E0006386,A003266,R07,ai_score_viewed,2026-03-29 09:06
E0006387,A003268,R10,profile_opened,2025-10-01 10:14
E0006388,A003268,R01,shortlisted,2025-10-01 15:35
E0006389,A003269,R04,profile_opened,2026-02-02 10:09
E0006390,A003269,R11,shortlisted,2026-02-02 13:58
E0006391,A003270,R11,profile_opened,2026-02-13 20:31
E0006392,A003270,R02,shortlisted,2026-02-13 23:24
E0006393,A003271,R02,profile_opened,2025-12-08 22:03
E0006394,A003271,R09,ai_score_viewed,2025-12-08 23:02
E0006395,A003272,R10,profile_opened,2025-12-05 07:23
E0006396,A003272,R05,ai_score_viewed,2025-12-05 08:11
E0006397,A003273,R05,profile_opened,2026-05-22 04:43
E0006398,A003273,R03,ai_score_viewed,2026-05-22 04:44
E0006399,A003274,R11,profile_opened,2026-02-17 15:20
E0006400,A003274,R03,ai_score_viewed,2026-02-17 15:48
E0006401,A003274,R10,shortlisted,2026-02-17 17:57
E0006402,A003275,R11,profile_opened,2026-04-25 20:59
E0006403,A003275,R08,ai_score_viewed,2026-04-25 21:51
E0006404,A003276,R12,profile_opened,2025-09-04 19:50
E0006405,A003276,R05,ai_score_viewed,2025-09-04 20:25
E0006406,A003276,R05,shortlisted,2025-09-05 03:44
E0006407,A003277,R01,profile_opened,2026-05-27 22:12
E0006408,A003277,R10,ai_score_viewed,2026-05-27 22:52
E0006409,A003278,R04,profile_opened,2025-12-30 23:44
E0006410,A003278,R08,ai_score_viewed,2025-12-30 23:56
E0006411,A003279,R10,profile_opened,2026-03-04 05:46
E0006412,A003279,R09,ai_score_viewed,2026-03-04 06:17
E0006413,A003280,R12,profile_opened,2026-07-27 20:18
E0006414,A003281,R01,profile_opened,2026-04-17 14:12
E0006415,A003281,R02,ai_score_viewed,2026-04-17 14:43
E0006416,A003281,R08,shortlisted,2026-04-17 23:02
E0006417,A003282,R07,profile_opened,2026-03-19 18:04
E0006418,A003282,R05,shortlisted,2026-03-20 03:26
E0006419,A003283,R08,profile_opened,2026-07-05 09:02
E0006420,A003283,R03,ai_score_viewed,2026-07-05 09:31
E0006421,A003284,R09,ai_score_viewed,2026-04-10 22:38
E0006422,A003284,R08,shortlisted,2026-04-11 05:49
E0006423,A003285,R01,profile_opened,2026-05-30 23:54
E0006424,A003285,R11,ai_score_viewed,2026-05-31 00:10
E0006425,A003286,R05,profile_opened,2026-03-29 23:09
E0006426,A003287,R01,profile_opened,2026-01-14 20:23
E0006427,A003287,R03,ai_score_viewed,2026-01-14 20:25
E0006428,A003288,R07,profile_opened,2026-04-18 17:59
E0006429,A003288,R07,ai_score_viewed,2026-04-18 18:40
E0006430,A003289,R10,profile_opened,2025-11-26 21:17
E0006431,A003289,R07,ai_score_viewed,2025-11-26 22:13
E0006432,A003290,R08,profile_opened,2025-12-11 15:34
E0006433,A003290,R06,shortlisted,2025-12-11 17:48
E0006434,A003291,R04,profile_opened,2026-02-11 02:12
E0006435,A003291,R02,ai_score_viewed,2026-02-11 02:15
E0006436,A003292,R07,profile_opened,2026-07-10 11:16
E0006437,A003292,R09,shortlisted,2026-07-10 15:44
E0006438,A003293,R09,profile_opened,2026-03-18 02:04
E0006439,A003293,R06,ai_score_viewed,2026-03-18 02:57
E0006440,A003293,R11,shortlisted,2026-03-18 10:13
E0006441,A003294,R12,profile_opened,2026-03-04 02:07
E0006442,A003295,R03,profile_opened,2026-01-15 16:30
E0006443,A003295,R07,ai_score_viewed,2026-01-15 17:10
E0006444,A003295,R12,shortlisted,2026-01-15 20:55
E0006445,A003296,R10,profile_opened,2026-04-30 20:54
E0006446,A003296,R08,ai_score_viewed,2026-04-30 21:23
E0006447,A003297,R05,profile_opened,2026-07-21 23:53
E0006448,A003297,R10,ai_score_viewed,2026-07-22 00:48
E0006449,A003298,R04,profile_opened,2026-04-14 02:07
E0006450,A003298,R07,ai_score_viewed,2026-04-14 02:33
E0006451,A003299,R08,profile_opened,2026-04-30 08:09
E0006452,A003299,R11,shortlisted,2026-04-30 15:52
E0006453,A003300,R08,profile_opened,2026-02-22 13:07
E0006454,A003300,R11,ai_score_viewed,2026-02-22 13:48
E0006455,A003300,R03,shortlisted,2026-02-22 19:47
E0006456,A003301,R08,profile_opened,2025-11-03 13:42
E0006457,A003301,R12,ai_score_viewed,2025-11-03 14:37
E0006458,A003301,R08,shortlisted,2025-11-03 23:06
E0006459,A003302,R07,profile_opened,2026-02-19 19:48
E0006460,A003302,R02,ai_score_viewed,2026-02-19 20:13
E0006461,A003302,R10,shortlisted,2026-02-20 00:27
E0006462,A003303,R07,profile_opened,2025-10-19 23:07
E0006463,A003303,R02,ai_score_viewed,2025-10-20 00:04
E0006464,A003303,R04,shortlisted,2025-10-20 08:14
E0006465,A003304,R01,profile_opened,2026-01-17 04:33
E0006466,A003305,R07,profile_opened,2025-12-16 00:40
E0006467,A003305,R07,ai_score_viewed,2025-12-16 00:55
E0006468,A003306,R08,profile_opened,2026-05-12 22:27
E0006469,A003306,R10,shortlisted,2026-05-13 04:29
E0006470,A003307,R10,profile_opened,2026-06-10 16:30
E0006471,A003307,R04,ai_score_viewed,2026-06-10 16:58
E0006472,A003308,R02,profile_opened,2026-03-28 23:11
E0006473,A003309,R08,profile_opened,2026-07-01 19:32
E0006474,A003309,R02,ai_score_viewed,2026-07-01 20:26
E0006475,A003310,R03,profile_opened,2026-01-29 02:42
E0006476,A003310,R12,ai_score_viewed,2026-01-29 02:51
E0006477,A003310,R10,shortlisted,2026-01-29 12:19
E0006478,A003311,R09,profile_opened,2025-12-08 21:56
E0006479,A003311,R11,ai_score_viewed,2025-12-08 22:22
E0006480,A003313,R04,profile_opened,2026-07-27 18:10
E0006481,A003313,R09,shortlisted,2026-07-27 22:08
E0006482,A003314,R06,profile_opened,2026-03-16 05:44
E0006483,A003314,R08,ai_score_viewed,2026-03-16 06:14
E0006484,A003315,R07,profile_opened,2026-06-29 21:52
E0006485,A003316,R04,profile_opened,2025-09-16 13:10
E0006486,A003317,R07,profile_opened,2025-09-25 15:35
E0006487,A003317,R11,ai_score_viewed,2025-09-25 15:41
E0006488,A003318,R12,profile_opened,2026-01-03 13:35
E0006489,A003318,R12,ai_score_viewed,2026-01-03 14:12
E0006490,A003318,R05,shortlisted,2026-01-03 19:07
E0006491,A003319,R09,profile_opened,2026-01-02 14:52
E0006492,A003319,R11,ai_score_viewed,2026-01-02 15:31
E0006493,A003320,R07,profile_opened,2026-01-13 14:52
E0006494,A003321,R06,profile_opened,2026-01-04 01:37
E0006495,A003321,R11,ai_score_viewed,2026-01-04 01:48
E0006496,A003321,R06,shortlisted,2026-01-04 08:08
E0006497,A003322,R10,profile_opened,2025-12-22 05:04
E0006498,A003323,R12,profile_opened,2026-07-02 03:26
E0006499,A003323,R03,ai_score_viewed,2026-07-02 04:00
E0006500,A003323,R08,shortlisted,2026-07-02 13:26
E0006501,A003324,R04,profile_opened,2025-12-17 06:41
E0006502,A003324,R09,shortlisted,2025-12-17 09:19
E0006503,A003325,R03,profile_opened,2025-11-04 03:09
E0006504,A003325,R11,ai_score_viewed,2025-11-04 03:18
E0006505,A003326,R11,profile_opened,2026-02-15 11:45
E0006506,A003326,R07,ai_score_viewed,2026-02-15 12:44
E0006507,A003326,R08,shortlisted,2026-02-15 15:35
E0006508,A003327,R10,profile_opened,2026-06-04 17:09
E0006509,A003327,R11,ai_score_viewed,2026-06-04 18:06
E0006510,A003328,R09,profile_opened,2026-07-08 11:29
E0006511,A003328,R02,shortlisted,2026-07-08 16:10
E0006512,A003329,R06,profile_opened,2025-10-29 12:33
E0006513,A003329,R10,ai_score_viewed,2025-10-29 12:46
E0006514,A003329,R12,shortlisted,2025-10-29 15:46
E0006515,A003330,R01,profile_opened,2026-07-01 16:10
E0006516,A003330,R12,ai_score_viewed,2026-07-01 16:56
E0006517,A003330,R11,shortlisted,2026-07-02 00:49
E0006518,A003331,R11,profile_opened,2025-12-09 02:21
E0006519,A003331,R03,ai_score_viewed,2025-12-09 02:46
E0006520,A003332,R04,profile_opened,2026-05-11 07:04
E0006521,A003333,R02,profile_opened,2026-01-23 22:26
E0006522,A003333,R11,shortlisted,2026-01-24 07:27
E0006523,A003334,R09,profile_opened,2026-01-19 07:26
E0006524,A003334,R06,shortlisted,2026-01-19 14:04
E0006525,A003335,R01,profile_opened,2026-05-05 17:31
E0006526,A003336,R05,profile_opened,2026-07-22 03:43
E0006527,A003337,R04,profile_opened,2026-05-04 06:12
E0006528,A003337,R01,ai_score_viewed,2026-05-04 06:59
E0006529,A003337,R11,shortlisted,2026-05-04 12:12
E0006530,A003338,R11,profile_opened,2026-02-12 07:42
E0006531,A003339,R06,profile_opened,2025-12-01 21:46
E0006532,A003340,R02,profile_opened,2026-03-26 03:51
E0006533,A003340,R02,ai_score_viewed,2026-03-26 04:48
E0006534,A003341,R08,profile_opened,2026-05-27 05:11
E0006535,A003341,R09,ai_score_viewed,2026-05-27 05:37
E0006536,A003341,R08,shortlisted,2026-05-27 08:46
E0006537,A003342,R05,profile_opened,2025-09-05 09:42
E0006538,A003343,R07,profile_opened,2025-11-11 18:46
E0006539,A003343,R10,ai_score_viewed,2025-11-11 18:49
E0006540,A003344,R11,profile_opened,2025-12-18 07:24
E0006541,A003344,R11,shortlisted,2025-12-18 09:38
E0006542,A003345,R11,profile_opened,2025-11-29 02:39
E0006543,A003345,R02,ai_score_viewed,2025-11-29 02:45
E0006544,A003345,R09,shortlisted,2025-11-29 12:36
E0006545,A003346,R04,profile_opened,2025-11-19 06:51
E0006546,A003346,R04,ai_score_viewed,2025-11-19 07:23
E0006547,A003347,R07,profile_opened,2026-04-28 13:53
E0006548,A003347,R12,ai_score_viewed,2026-04-28 14:09
E0006549,A003348,R06,profile_opened,2026-06-30 14:53
E0006550,A003349,R04,profile_opened,2025-11-10 12:27
E0006551,A003350,R07,profile_opened,2026-03-10 06:16
E0006552,A003351,R12,profile_opened,2026-07-08 20:38
E0006553,A003351,R04,ai_score_viewed,2026-07-08 21:01
E0006554,A003352,R12,profile_opened,2026-01-03 05:17
E0006555,A003352,R02,shortlisted,2026-01-03 09:59
E0006556,A003353,R03,profile_opened,2026-02-03 16:43
E0006557,A003354,R06,profile_opened,2025-11-21 05:09
E0006558,A003355,R10,profile_opened,2025-12-20 16:58
E0006559,A003356,R07,profile_opened,2025-09-04 21:35
E0006560,A003356,R10,ai_score_viewed,2025-09-04 21:43
E0006561,A003356,R04,shortlisted,2025-09-05 00:56
E0006562,A003357,R10,profile_opened,2026-04-09 16:12
E0006563,A003358,R02,profile_opened,2026-06-16 13:09
E0006564,A003359,R02,profile_opened,2026-06-22 14:26
E0006565,A003359,R01,shortlisted,2026-06-22 15:26
E0006566,A003360,R12,profile_opened,2025-12-11 15:06
E0006567,A003360,R02,ai_score_viewed,2025-12-11 15:48
E0006568,A003361,R02,profile_opened,2025-10-06 04:27
E0006569,A003361,R03,ai_score_viewed,2025-10-06 04:40
E0006570,A003361,R05,shortlisted,2025-10-06 05:43
E0006571,A003362,R12,profile_opened,2026-04-03 17:05
E0006572,A003363,R09,profile_opened,2026-04-10 05:30
E0006573,A003363,R07,ai_score_viewed,2026-04-10 06:17
E0006574,A003363,R06,shortlisted,2026-04-10 14:35
E0006575,A003364,R05,profile_opened,2026-06-07 08:57
E0006576,A003365,R08,profile_opened,2026-06-01 00:25
E0006577,A003365,R02,ai_score_viewed,2026-06-01 01:23
E0006578,A003365,R07,shortlisted,2026-06-01 03:32
E0006579,A003366,R12,profile_opened,2026-03-05 16:45
E0006580,A003366,R07,ai_score_viewed,2026-03-05 17:27
E0006581,A003367,R09,profile_opened,2025-10-11 08:20
E0006582,A003367,R12,ai_score_viewed,2025-10-11 09:13
E0006583,A003367,R06,shortlisted,2025-10-11 12:43
E0006584,A003368,R10,profile_opened,2026-05-19 21:55
E0006585,A003368,R08,ai_score_viewed,2026-05-19 22:01
E0006586,A003368,R10,shortlisted,2026-05-19 22:59
E0006587,A003369,R09,profile_opened,2026-05-24 09:53
E0006588,A003369,R06,shortlisted,2026-05-24 16:45
E0006589,A003370,R04,profile_opened,2026-04-12 18:48
E0006590,A003370,R10,ai_score_viewed,2026-04-12 19:40
E0006591,A003371,R09,profile_opened,2026-03-12 12:25
E0006592,A003371,R03,shortlisted,2026-03-12 16:51
E0006593,A003372,R06,profile_opened,2025-09-15 03:02
E0006594,A003372,R06,ai_score_viewed,2025-09-15 03:27
E0006595,A003373,R04,profile_opened,2026-05-05 13:21
E0006596,A003373,R01,shortlisted,2026-05-05 20:33
E0006597,A003374,R06,profile_opened,2026-01-22 00:16
E0006598,A003374,R02,shortlisted,2026-01-22 10:15
E0006599,A003375,R07,profile_opened,2025-09-16 10:23
E0006600,A003375,R08,ai_score_viewed,2025-09-16 10:59
E0006601,A003376,R12,profile_opened,2026-07-24 10:38
E0006602,A003376,R02,ai_score_viewed,2026-07-24 11:16
E0006603,A003377,R05,profile_opened,2026-04-21 12:11
E0006604,A003377,R08,ai_score_viewed,2026-04-21 12:51
E0006605,A003378,R11,profile_opened,2026-02-19 11:49
E0006606,A003378,R01,shortlisted,2026-02-19 15:23
E0006607,A003379,R11,profile_opened,2026-05-05 18:42
E0006608,A003379,R06,ai_score_viewed,2026-05-05 18:51
E0006609,A003379,R12,shortlisted,2026-05-06 01:32
E0006610,A003380,R07,profile_opened,2026-02-26 19:46
E0006611,A003381,R08,profile_opened,2025-12-07 03:36
E0006612,A003381,R11,ai_score_viewed,2025-12-07 04:13
E0006613,A003382,R08,profile_opened,2026-05-04 23:28
E0006614,A003382,R11,ai_score_viewed,2026-05-05 00:02
E0006615,A003382,R01,shortlisted,2026-05-05 07:28
E0006616,A003383,R05,profile_opened,2025-12-30 12:25
E0006617,A003383,R07,ai_score_viewed,2025-12-30 12:43
E0006618,A003384,R02,profile_opened,2025-10-20 12:45
E0006619,A003384,R08,ai_score_viewed,2025-10-20 12:55
E0006620,A003385,R08,profile_opened,2026-05-20 15:17
E0006621,A003385,R05,shortlisted,2026-05-20 23:40
E0006622,A003386,R10,shortlisted,2025-10-10 18:36
E0006623,A003387,R10,profile_opened,2026-05-23 12:04
E0006624,A003388,R12,profile_opened,2026-06-15 16:29
E0006625,A003388,R04,ai_score_viewed,2026-06-15 16:56
E0006626,A003388,R03,shortlisted,2026-06-15 17:34
E0006627,A003389,R12,profile_opened,2026-07-20 18:54
E0006628,A003389,R12,ai_score_viewed,2026-07-20 19:19
E0006629,A003390,R02,profile_opened,2026-06-04 08:10
E0006630,A003390,R04,ai_score_viewed,2026-06-04 08:32
E0006631,A003391,R09,profile_opened,2026-04-12 02:40
E0006632,A003391,R04,ai_score_viewed,2026-04-12 03:16
E0006633,A003392,R07,profile_opened,2026-06-04 03:17
E0006634,A003392,R04,ai_score_viewed,2026-06-04 04:03
E0006635,A003393,R12,profile_opened,2026-02-03 19:00
E0006636,A003393,R02,shortlisted,2026-02-03 23:12
E0006637,A003394,R02,profile_opened,2025-10-20 08:56
E0006638,A003394,R08,ai_score_viewed,2025-10-20 09:20
E0006639,A003394,R01,shortlisted,2025-10-20 11:01
E0006640,A003395,R09,ai_score_viewed,2026-07-25 12:26
E0006641,A003395,R08,shortlisted,2026-07-25 14:33
E0006642,A003396,R07,profile_opened,2026-07-15 20:46
E0006643,A003396,R05,ai_score_viewed,2026-07-15 21:28
E0006644,A003396,R01,shortlisted,2026-07-15 23:56
E0006645,A003397,R01,profile_opened,2026-01-03 09:48
E0006646,A003398,R12,profile_opened,2026-01-29 21:18
E0006647,A003398,R02,ai_score_viewed,2026-01-29 21:31
E0006648,A003398,R03,shortlisted,2026-01-29 23:21
E0006649,A003399,R03,profile_opened,2026-06-21 12:14
E0006650,A003399,R12,ai_score_viewed,2026-06-21 13:11
E0006651,A003400,R12,profile_opened,2026-03-15 10:00
E0006652,A003400,R03,ai_score_viewed,2026-03-15 10:43
E0006653,A003400,R03,shortlisted,2026-03-15 18:59
E0006654,A003401,R10,profile_opened,2026-06-01 09:11
E0006655,A003401,R01,ai_score_viewed,2026-06-01 09:46
E0006656,A003401,R03,shortlisted,2026-06-01 14:38
E0006657,A003402,R06,profile_opened,2026-05-25 13:39
E0006658,A003402,R02,shortlisted,2026-05-25 22:52
E0006659,A003403,R09,profile_opened,2025-09-26 09:11
E0006660,A003403,R05,shortlisted,2025-09-26 11:45
E0006661,A003404,R08,profile_opened,2026-03-23 08:08
E0006662,A003405,R02,profile_opened,2026-06-10 16:37
E0006663,A003405,R11,shortlisted,2026-06-11 02:26
E0006664,A003406,R05,ai_score_viewed,2026-04-07 07:00
E0006665,A003407,R12,profile_opened,2026-04-17 07:11
E0006666,A003407,R08,ai_score_viewed,2026-04-17 07:39
E0006667,A003408,R11,profile_opened,2025-11-06 17:43
E0006668,A003408,R07,ai_score_viewed,2025-11-06 17:49
E0006669,A003409,R01,profile_opened,2026-05-17 03:22
E0006670,A003410,R01,profile_opened,2026-01-15 14:30
E0006671,A003410,R08,ai_score_viewed,2026-01-15 14:55
E0006672,A003410,R09,shortlisted,2026-01-15 20:07
E0006673,A003411,R08,profile_opened,2026-01-13 09:43
E0006674,A003411,R07,ai_score_viewed,2026-01-13 09:54
E0006675,A003412,R11,profile_opened,2026-02-16 20:36
E0006676,A003413,R05,profile_opened,2025-10-04 14:10
E0006677,A003413,R08,ai_score_viewed,2025-10-04 14:35
E0006678,A003414,R01,profile_opened,2026-03-18 13:59
E0006679,A003414,R11,ai_score_viewed,2026-03-18 14:10
E0006680,A003415,R06,profile_opened,2025-12-18 01:17
E0006681,A003415,R04,ai_score_viewed,2025-12-18 01:50
E0006682,A003416,R11,profile_opened,2026-04-15 04:40
E0006683,A003416,R12,ai_score_viewed,2026-04-15 05:18
E0006684,A003416,R07,shortlisted,2026-04-15 07:09
E0006685,A003417,R06,profile_opened,2026-05-12 07:27
E0006686,A003417,R10,ai_score_viewed,2026-05-12 07:56
E0006687,A003417,R03,shortlisted,2026-05-12 15:34
E0006688,A003418,R10,profile_opened,2026-01-05 02:47
E0006689,A003418,R08,ai_score_viewed,2026-01-05 03:41
E0006690,A003419,R02,profile_opened,2025-11-27 06:09
E0006691,A003419,R07,shortlisted,2025-11-27 08:16
E0006692,A003420,R08,profile_opened,2025-11-15 18:00
E0006693,A003420,R12,ai_score_viewed,2025-11-15 18:25
E0006694,A003421,R09,profile_opened,2026-03-02 20:09
E0006695,A003421,R04,ai_score_viewed,2026-03-02 21:06
E0006696,A003422,R04,profile_opened,2025-09-07 03:14
E0006697,A003422,R11,shortlisted,2025-09-07 06:15
E0006698,A003423,R03,profile_opened,2026-04-15 06:43
E0006699,A003423,R02,ai_score_viewed,2026-04-15 07:21
E0006700,A003423,R11,shortlisted,2026-04-15 15:22
E0006701,A003424,R06,profile_opened,2025-10-22 05:13
E0006702,A003424,R11,ai_score_viewed,2025-10-22 06:00
E0006703,A003424,R10,shortlisted,2025-10-22 10:55
E0006704,A003425,R11,profile_opened,2026-05-11 00:20
E0006705,A003425,R01,ai_score_viewed,2026-05-11 00:54
E0006706,A003426,R06,profile_opened,2025-09-29 18:07
E0006707,A003426,R02,ai_score_viewed,2025-09-29 19:07
E0006708,A003427,R06,profile_opened,2025-12-26 16:50
E0006709,A003427,R05,ai_score_viewed,2025-12-26 16:58
E0006710,A003427,R11,shortlisted,2025-12-26 21:07
E0006711,A003428,R10,profile_opened,2026-04-24 01:35
E0006712,A003428,R05,ai_score_viewed,2026-04-24 01:51
E0006713,A003429,R05,profile_opened,2026-03-26 11:31
E0006714,A003429,R05,ai_score_viewed,2026-03-26 12:11
E0006715,A003430,R02,profile_opened,2026-02-28 22:22
E0006716,A003430,R05,ai_score_viewed,2026-02-28 22:51
E0006717,A003431,R09,profile_opened,2026-03-08 17:45
E0006718,A003431,R11,ai_score_viewed,2026-03-08 18:13
E0006719,A003432,R08,profile_opened,2026-03-18 15:13
E0006720,A003432,R09,ai_score_viewed,2026-03-18 16:01
E0006721,A003432,R03,shortlisted,2026-03-18 17:12
E0006722,A003433,R12,profile_opened,2026-05-10 02:55
E0006723,A003433,R11,ai_score_viewed,2026-05-10 03:35
E0006724,A003433,R08,shortlisted,2026-05-10 10:49
E0006725,A003434,R10,profile_opened,2025-09-16 08:41
E0006726,A003434,R07,ai_score_viewed,2025-09-16 09:27
E0006727,A003435,R10,profile_opened,2026-04-30 15:05
E0006728,A003435,R10,ai_score_viewed,2026-04-30 15:33
E0006729,A003436,R04,profile_opened,2025-10-17 01:09
E0006730,A003436,R01,ai_score_viewed,2025-10-17 02:02
E0006731,A003437,R11,profile_opened,2026-03-18 11:52
E0006732,A003438,R07,profile_opened,2026-05-12 00:23
E0006733,A003438,R04,ai_score_viewed,2026-05-12 00:41
E0006734,A003438,R09,shortlisted,2026-05-12 04:01
E0006735,A003439,R10,profile_opened,2026-06-18 23:11
E0006736,A003440,R08,profile_opened,2026-02-13 17:04
E0006737,A003441,R02,profile_opened,2025-09-16 09:55
E0006738,A003441,R08,ai_score_viewed,2025-09-16 10:17
E0006739,A003441,R12,shortlisted,2025-09-16 12:18
E0006740,A003442,R01,profile_opened,2026-06-20 19:26
E0006741,A003442,R06,ai_score_viewed,2026-06-20 19:30
E0006742,A003443,R02,profile_opened,2026-04-01 11:01
E0006743,A003444,R01,profile_opened,2026-04-26 13:08
E0006744,A003444,R11,ai_score_viewed,2026-04-26 13:16
E0006745,A003445,R03,profile_opened,2026-02-20 12:28
E0006746,A003445,R05,ai_score_viewed,2026-02-20 13:14
E0006747,A003446,R11,profile_opened,2026-01-23 20:21
E0006748,A003446,R06,shortlisted,2026-01-24 03:09
E0006749,A003447,R10,profile_opened,2026-03-28 20:22
E0006750,A003447,R04,shortlisted,2026-03-28 22:38
E0006751,A003448,R09,profile_opened,2026-06-13 14:45
E0006752,A003448,R01,ai_score_viewed,2026-06-13 15:14
E0006753,A003448,R12,shortlisted,2026-06-13 20:34
E0006754,A003449,R08,profile_opened,2026-03-23 14:28
E0006755,A003449,R05,ai_score_viewed,2026-03-23 14:33
E0006756,A003450,R01,profile_opened,2026-01-02 19:53
E0006757,A003450,R04,ai_score_viewed,2026-01-02 20:26
E0006758,A003450,R05,shortlisted,2026-01-03 01:55
E0006759,A003451,R09,profile_opened,2026-04-08 14:41
E0006760,A003452,R03,profile_opened,2026-05-29 17:58
E0006761,A003452,R10,shortlisted,2026-05-29 19:01
E0006762,A003453,R07,profile_opened,2026-07-05 05:50
E0006763,A003453,R11,shortlisted,2026-07-05 09:13
E0006764,A003454,R02,profile_opened,2026-06-30 21:18
E0006765,A003454,R01,shortlisted,2026-07-01 06:47
E0006766,A003455,R01,profile_opened,2026-03-28 07:16
E0006767,A003455,R08,ai_score_viewed,2026-03-28 07:49
E0006768,A003455,R05,shortlisted,2026-03-28 16:15
E0006769,A003456,R04,profile_opened,2026-03-23 17:35
E0006770,A003456,R06,shortlisted,2026-03-24 01:39
E0006771,A003457,R02,profile_opened,2026-04-26 23:00
E0006772,A003457,R06,shortlisted,2026-04-27 06:58
E0006773,A003458,R02,profile_opened,2026-02-24 21:46
E0006774,A003458,R02,ai_score_viewed,2026-02-24 21:57
E0006775,A003458,R02,shortlisted,2026-02-25 00:26
E0006776,A003459,R04,profile_opened,2026-03-05 16:37
E0006777,A003460,R06,profile_opened,2025-09-08 09:51
E0006778,A003460,R08,ai_score_viewed,2025-09-08 10:27
E0006779,A003461,R02,profile_opened,2026-05-14 17:20
E0006780,A003461,R04,shortlisted,2026-05-15 02:35
E0006781,A003462,R04,profile_opened,2025-11-04 00:03
E0006782,A003462,R07,ai_score_viewed,2025-11-04 00:51
E0006783,A003462,R05,shortlisted,2025-11-04 05:09
E0006784,A003463,R02,profile_opened,2026-07-20 16:57
E0006785,A003463,R05,shortlisted,2026-07-21 01:15
E0006786,A003464,R09,profile_opened,2025-12-30 07:17
E0006787,A003464,R01,ai_score_viewed,2025-12-30 07:57
E0006788,A003465,R05,shortlisted,2026-03-12 12:57
E0006789,A003466,R12,profile_opened,2026-02-25 23:42
E0006790,A003467,R11,ai_score_viewed,2026-03-14 10:25
E0006791,A003467,R12,shortlisted,2026-03-14 15:05
E0006792,A003468,R05,profile_opened,2026-05-07 12:32
E0006793,A003469,R08,profile_opened,2026-04-03 23:03
E0006794,A003469,R05,shortlisted,2026-04-04 00:27
E0006795,A003470,R01,profile_opened,2025-10-16 13:12
E0006796,A003470,R05,ai_score_viewed,2025-10-16 13:14
E0006797,A003470,R06,shortlisted,2025-10-16 20:28
E0006798,A003471,R05,profile_opened,2026-01-24 10:28
E0006799,A003471,R10,ai_score_viewed,2026-01-24 10:48
E0006800,A003472,R03,profile_opened,2026-04-09 01:38
E0006801,A003472,R11,ai_score_viewed,2026-04-09 01:49
E0006802,A003472,R03,shortlisted,2026-04-09 07:00
E0006803,A003473,R12,profile_opened,2025-11-04 12:39
E0006804,A003473,R03,ai_score_viewed,2025-11-04 12:46
E0006805,A003475,R03,profile_opened,2026-05-25 22:08
E0006806,A003476,R07,profile_opened,2025-09-28 05:54
E0006807,A003476,R11,ai_score_viewed,2025-09-28 06:48
E0006808,A003477,R10,profile_opened,2025-09-08 11:37
E0006809,A003477,R05,ai_score_viewed,2025-09-08 12:01
E0006810,A003478,R06,profile_opened,2026-03-02 13:37
E0006811,A003478,R05,ai_score_viewed,2026-03-02 13:58
E0006812,A003478,R12,shortlisted,2026-03-02 18:07
E0006813,A003479,R07,profile_opened,2025-09-02 15:42
E0006814,A003479,R10,ai_score_viewed,2025-09-02 15:49
E0006815,A003479,R07,shortlisted,2025-09-02 22:19
E0006816,A003480,R12,profile_opened,2025-11-08 00:39
E0006817,A003480,R11,ai_score_viewed,2025-11-08 00:45
E0006818,A003481,R12,profile_opened,2026-03-12 20:51
E0006819,A003481,R07,ai_score_viewed,2026-03-12 21:27
E0006820,A003482,R02,profile_opened,2026-03-17 15:34
E0006821,A003483,R05,ai_score_viewed,2026-03-16 14:01
E0006822,A003484,R04,profile_opened,2026-06-24 04:39
E0006823,A003484,R02,ai_score_viewed,2026-06-24 05:25
E0006824,A003484,R03,shortlisted,2026-06-24 13:53
E0006825,A003485,R11,profile_opened,2026-06-18 08:56
E0006826,A003486,R12,profile_opened,2025-10-14 01:25
E0006827,A003486,R11,ai_score_viewed,2025-10-14 02:07
E0006828,A003486,R12,shortlisted,2025-10-14 03:23
E0006829,A003487,R07,profile_opened,2025-12-23 13:26
E0006830,A003487,R10,shortlisted,2025-12-23 19:20
E0006831,A003488,R12,profile_opened,2025-10-04 19:34
E0006832,A003488,R01,ai_score_viewed,2025-10-04 20:31
E0006833,A003489,R08,profile_opened,2025-11-12 07:01
E0006834,A003489,R09,ai_score_viewed,2025-11-12 07:17
E0006835,A003489,R01,shortlisted,2025-11-12 12:21
E0006836,A003490,R12,profile_opened,2026-04-18 04:03
E0006837,A003490,R03,shortlisted,2026-04-18 11:49
E0006838,A003491,R04,profile_opened,2026-04-10 02:49
E0006839,A003491,R04,ai_score_viewed,2026-04-10 03:12
E0006840,A003492,R10,profile_opened,2025-10-17 08:13
E0006841,A003492,R12,ai_score_viewed,2025-10-17 08:55
E0006842,A003493,R03,ai_score_viewed,2026-04-07 06:45
E0006843,A003493,R10,shortlisted,2026-04-07 10:29
E0006844,A003494,R02,profile_opened,2026-02-09 09:12
E0006845,A003494,R08,ai_score_viewed,2026-02-09 09:26
E0006846,A003495,R11,profile_opened,2026-07-26 05:18
E0006847,A003496,R06,profile_opened,2026-01-02 03:57
E0006848,A003496,R08,shortlisted,2026-01-02 07:07
E0006849,A003497,R04,profile_opened,2026-04-30 23:19
E0006850,A003497,R02,ai_score_viewed,2026-04-30 23:24
E0006851,A003498,R02,profile_opened,2026-01-25 19:11
E0006852,A003498,R11,ai_score_viewed,2026-01-25 20:03
E0006853,A003498,R11,shortlisted,2026-01-25 22:57
E0006854,A003499,R12,profile_opened,2026-01-03 20:54
E0006855,A003499,R06,ai_score_viewed,2026-01-03 21:43
E0006856,A003499,R03,shortlisted,2026-01-04 01:21
E0006857,A003500,R08,profile_opened,2025-10-04 03:55
E0006858,A003500,R05,ai_score_viewed,2025-10-04 04:29
E0006859,A003501,R08,profile_opened,2026-05-29 15:13
E0006860,A003501,R06,ai_score_viewed,2026-05-29 16:01
E0006861,A003501,R06,shortlisted,2026-05-29 23:29
E0006862,A003502,R12,profile_opened,2026-05-29 02:37
E0006863,A003502,R11,ai_score_viewed,2026-05-29 03:31
E0006864,A003502,R05,shortlisted,2026-05-29 05:03
E0006865,A003503,R09,profile_opened,2025-10-17 09:15
E0006866,A003503,R05,ai_score_viewed,2025-10-17 09:18
E0006867,A003503,R07,shortlisted,2025-10-17 13:30
E0006868,A003504,R11,profile_opened,2026-07-27 22:41
E0006869,A003504,R05,ai_score_viewed,2026-07-27 23:02
E0006870,A003505,R11,profile_opened,2026-01-08 00:44
E0006871,A003506,R12,profile_opened,2026-03-18 00:21
E0006872,A003506,R11,ai_score_viewed,2026-03-18 00:29
E0006873,A003506,R06,shortlisted,2026-03-18 04:08
E0006874,A003507,R02,profile_opened,2026-04-17 08:25
E0006875,A003507,R10,shortlisted,2026-04-17 18:01
E0006876,A003508,R11,profile_opened,2026-03-30 18:50
E0006877,A003508,R08,ai_score_viewed,2026-03-30 19:11
E0006878,A003508,R07,shortlisted,2026-03-31 00:26
E0006879,A003509,R02,profile_opened,2025-12-21 02:19
E0006880,A003510,R11,profile_opened,2026-02-23 02:26
E0006881,A003510,R08,ai_score_viewed,2026-02-23 03:23
E0006882,A003511,R12,profile_opened,2026-01-02 11:44
E0006883,A003511,R10,ai_score_viewed,2026-01-02 12:38
E0006884,A003511,R06,shortlisted,2026-01-02 21:22
E0006885,A003512,R08,ai_score_viewed,2026-05-06 11:37
E0006886,A003512,R05,shortlisted,2026-05-06 15:17
E0006887,A003513,R11,profile_opened,2026-04-29 14:56
E0006888,A003514,R11,profile_opened,2025-10-22 11:38
E0006889,A003514,R05,ai_score_viewed,2025-10-22 11:46
E0006890,A003514,R10,shortlisted,2025-10-22 16:28
E0006891,A003515,R09,profile_opened,2026-06-09 15:45
E0006892,A003515,R10,ai_score_viewed,2026-06-09 15:51
E0006893,A003516,R07,profile_opened,2026-05-23 08:09
E0006894,A003516,R07,ai_score_viewed,2026-05-23 09:09
E0006895,A003517,R06,profile_opened,2025-12-22 18:46
E0006896,A003518,R01,shortlisted,2025-11-29 00:15
E0006897,A003519,R04,profile_opened,2026-04-12 21:59
E0006898,A003519,R01,shortlisted,2026-04-13 01:38
E0006899,A003520,R09,profile_opened,2025-11-16 02:14
E0006900,A003520,R06,ai_score_viewed,2025-11-16 02:44
E0006901,A003521,R06,profile_opened,2025-11-27 05:35
E0006902,A003521,R08,ai_score_viewed,2025-11-27 05:52
E0006903,A003522,R04,profile_opened,2026-06-08 01:08
E0006904,A003523,R08,profile_opened,2026-06-23 12:24
E0006905,A003524,R04,profile_opened,2025-09-14 11:03
E0006906,A003524,R03,shortlisted,2025-09-14 20:46
E0006907,A003525,R12,profile_opened,2026-04-18 08:53
E0006908,A003525,R03,shortlisted,2026-04-18 16:57
E0006909,A003526,R04,profile_opened,2025-11-07 11:38
E0006910,A003526,R07,shortlisted,2025-11-07 20:23
E0006911,A003527,R10,profile_opened,2026-03-13 05:38
E0006912,A003527,R02,shortlisted,2026-03-13 12:47
E0006913,A003528,R12,profile_opened,2026-06-03 18:30
E0006914,A003528,R07,ai_score_viewed,2026-06-03 18:51
E0006915,A003529,R08,profile_opened,2026-05-15 12:26
E0006916,A003529,R02,ai_score_viewed,2026-05-15 13:13
E0006917,A003529,R12,shortlisted,2026-05-15 18:35
E0006918,A003531,R05,profile_opened,2026-03-23 21:29
E0006919,A003531,R05,shortlisted,2026-03-24 00:50
E0006920,A003532,R04,profile_opened,2026-06-12 16:58
E0006921,A003533,R10,profile_opened,2026-03-16 23:44
E0006922,A003533,R04,ai_score_viewed,2026-03-17 00:13
E0006923,A003533,R06,shortlisted,2026-03-17 03:59
E0006924,A003534,R03,profile_opened,2026-07-26 04:00
E0006925,A003534,R01,ai_score_viewed,2026-07-26 04:09
E0006926,A003534,R04,shortlisted,2026-07-26 11:19
E0006927,A003535,R07,profile_opened,2026-06-12 04:41
E0006928,A003535,R02,shortlisted,2026-06-12 10:41
E0006929,A003536,R01,profile_opened,2025-11-18 11:46
E0006930,A003537,R07,profile_opened,2026-05-09 20:03
E0006931,A003537,R03,ai_score_viewed,2026-05-09 20:25
E0006932,A003538,R06,profile_opened,2025-09-16 09:23
E0006933,A003538,R12,ai_score_viewed,2025-09-16 09:34
E0006934,A003539,R05,profile_opened,2026-01-11 19:24
E0006935,A003539,R10,ai_score_viewed,2026-01-11 20:17
E0006936,A003539,R03,shortlisted,2026-01-12 05:03
E0006937,A003540,R07,profile_opened,2026-06-15 07:43
E0006938,A003540,R12,ai_score_viewed,2026-06-15 08:33
E0006939,A003540,R07,shortlisted,2026-06-15 13:25
E0006940,A003541,R12,profile_opened,2026-07-06 03:28
E0006941,A003541,R06,ai_score_viewed,2026-07-06 04:08
E0006942,A003542,R01,ai_score_viewed,2025-12-18 00:39
E0006943,A003542,R06,shortlisted,2025-12-18 02:03
E0006944,A003543,R03,profile_opened,2026-01-19 13:20
E0006945,A003543,R04,ai_score_viewed,2026-01-19 14:15
E0006946,A003544,R03,profile_opened,2026-06-22 04:31
E0006947,A003544,R09,ai_score_viewed,2026-06-22 05:21
E0006948,A003545,R10,profile_opened,2026-01-29 16:04
E0006949,A003546,R02,profile_opened,2025-11-14 10:41
E0006950,A003546,R01,shortlisted,2025-11-14 16:36
E0006951,A003547,R06,profile_opened,2026-02-17 09:48
E0006952,A003547,R12,ai_score_viewed,2026-02-17 10:34
E0006953,A003547,R03,shortlisted,2026-02-17 19:25
E0006954,A003548,R05,profile_opened,2026-06-11 03:34
E0006955,A003549,R06,profile_opened,2026-04-12 13:16
E0006956,A003550,R10,profile_opened,2025-10-06 08:27
E0006957,A003550,R03,ai_score_viewed,2025-10-06 08:57
E0006958,A003550,R08,shortlisted,2025-10-06 13:35
E0006959,A003551,R06,profile_opened,2025-09-04 07:30
E0006960,A003551,R07,shortlisted,2025-09-04 15:31
E0006961,A003552,R06,profile_opened,2026-04-16 09:36
E0006962,A003552,R06,ai_score_viewed,2026-04-16 10:19
E0006963,A003552,R09,shortlisted,2026-04-16 18:41
E0006964,A003553,R02,profile_opened,2026-06-11 20:14
E0006965,A003553,R10,ai_score_viewed,2026-06-11 20:36
E0006966,A003554,R04,profile_opened,2026-05-16 01:15
E0006967,A003554,R10,ai_score_viewed,2026-05-16 01:29
E0006968,A003555,R12,profile_opened,2026-03-08 19:39
E0006969,A003555,R06,ai_score_viewed,2026-03-08 20:34
E0006970,A003556,R09,profile_opened,2025-09-23 23:40
E0006971,A003556,R12,shortlisted,2025-09-24 06:47
E0006972,A003557,R07,profile_opened,2026-04-03 20:40
E0006973,A003557,R07,ai_score_viewed,2026-04-03 21:38
E0006974,A003557,R03,shortlisted,2026-04-04 05:03
E0006975,A003558,R12,profile_opened,2025-12-30 10:28
E0006976,A003559,R09,profile_opened,2025-10-23 06:58
E0006977,A003559,R10,ai_score_viewed,2025-10-23 07:47
E0006978,A003560,R12,profile_opened,2026-04-20 12:43
E0006979,A003560,R12,ai_score_viewed,2026-04-20 13:14
E0006980,A003561,R10,profile_opened,2026-04-18 17:50
E0006981,A003561,R05,ai_score_viewed,2026-04-18 18:30
E0006982,A003562,R01,profile_opened,2026-05-18 15:10
E0006983,A003562,R09,ai_score_viewed,2026-05-18 15:43
E0006984,A003562,R06,shortlisted,2026-05-18 22:46
E0006985,A003563,R05,profile_opened,2026-02-17 09:21
E0006986,A003564,R03,profile_opened,2025-12-31 18:42
E0006987,A003564,R05,shortlisted,2026-01-01 03:52
E0006988,A003565,R08,profile_opened,2025-11-23 17:54
E0006989,A003566,R09,profile_opened,2026-07-11 14:29
E0006990,A003567,R05,profile_opened,2026-02-24 05:44
E0006991,A003567,R05,ai_score_viewed,2026-02-24 06:43
E0006992,A003567,R10,shortlisted,2026-02-24 10:15
E0006993,A003568,R04,ai_score_viewed,2026-06-06 15:33
E0006994,A003569,R04,profile_opened,2026-05-27 15:14
E0006995,A003570,R12,profile_opened,2025-12-05 06:13
E0006996,A003570,R04,ai_score_viewed,2025-12-05 07:03
E0006997,A003571,R11,profile_opened,2026-03-30 10:17
E0006998,A003572,R01,profile_opened,2026-02-11 10:56
E0006999,A003572,R05,ai_score_viewed,2026-02-11 11:40
E0007000,A003572,R08,shortlisted,2026-02-11 15:59
E0007001,A003573,R07,profile_opened,2025-09-14 04:47
E0007002,A003573,R08,ai_score_viewed,2025-09-14 05:40
E0007003,A003573,R03,shortlisted,2025-09-14 06:00
E0007004,A003574,R02,profile_opened,2026-07-21 05:29
E0007005,A003574,R11,ai_score_viewed,2026-07-21 05:30
E0007006,A003574,R10,shortlisted,2026-07-21 09:05
E0007007,A003575,R08,profile_opened,2026-07-26 21:05
E0007008,A003575,R10,ai_score_viewed,2026-07-26 21:29
E0007009,A003575,R07,shortlisted,2026-07-27 01:22
E0007010,A003576,R07,profile_opened,2026-01-04 04:55
E0007011,A003576,R01,ai_score_viewed,2026-01-04 05:12
E0007012,A003577,R01,profile_opened,2026-03-11 04:22
E0007013,A003578,R01,profile_opened,2025-12-30 17:21
E0007014,A003578,R02,ai_score_viewed,2025-12-30 17:47
E0007015,A003578,R02,shortlisted,2025-12-30 22:48
E0007016,A003579,R12,profile_opened,2026-02-28 20:44
E0007017,A003579,R06,ai_score_viewed,2026-02-28 21:09
E0007018,A003579,R07,shortlisted,2026-03-01 05:04
E0007019,A003580,R05,profile_opened,2026-04-22 23:33
E0007020,A003581,R02,profile_opened,2026-04-01 02:39
E0007021,A003582,R11,profile_opened,2026-01-14 14:38
E0007022,A003582,R01,shortlisted,2026-01-14 16:25
E0007023,A003583,R12,profile_opened,2026-06-15 03:13
E0007024,A003584,R01,profile_opened,2025-10-05 17:02
E0007025,A003584,R01,ai_score_viewed,2025-10-05 17:37
E0007026,A003585,R10,profile_opened,2026-03-23 04:00
E0007027,A003585,R11,shortlisted,2026-03-23 06:58
E0007028,A003586,R01,profile_opened,2026-06-19 15:34
E0007029,A003587,R03,profile_opened,2026-04-17 20:44
E0007030,A003588,R11,profile_opened,2026-01-17 12:42
E0007031,A003588,R04,ai_score_viewed,2026-01-17 13:15
E0007032,A003589,R11,profile_opened,2025-11-14 17:32
E0007033,A003589,R08,ai_score_viewed,2025-11-14 18:29
E0007034,A003589,R12,shortlisted,2025-11-14 23:12
E0007035,A003590,R02,profile_opened,2025-10-16 16:32
E0007036,A003590,R02,ai_score_viewed,2025-10-16 17:13
E0007037,A003590,R08,shortlisted,2025-10-16 17:39
E0007038,A003591,R02,ai_score_viewed,2026-02-02 20:17
E0007039,A003592,R10,profile_opened,2025-12-16 10:52
E0007040,A003592,R09,ai_score_viewed,2025-12-16 11:23
E0007041,A003593,R01,profile_opened,2026-04-13 10:41
E0007042,A003593,R07,ai_score_viewed,2026-04-13 11:32
E0007043,A003594,R02,profile_opened,2025-11-16 06:49
E0007044,A003595,R06,shortlisted,2026-04-01 21:57
E0007045,A003596,R07,profile_opened,2025-09-22 09:55
E0007046,A003596,R01,shortlisted,2025-09-22 16:54
E0007047,A003597,R01,profile_opened,2026-07-14 18:59
E0007048,A003598,R04,profile_opened,2026-03-13 19:25
E0007049,A003598,R06,shortlisted,2026-03-14 00:40
E0007050,A003599,R10,profile_opened,2026-04-27 05:21
E0007051,A003599,R01,ai_score_viewed,2026-04-27 06:03
E0007052,A003600,R07,profile_opened,2026-07-04 21:37
E0007053,A003600,R01,ai_score_viewed,2026-07-04 22:07
E0007054,A003601,R04,profile_opened,2026-05-20 09:42
E0007055,A003601,R06,ai_score_viewed,2026-05-20 10:11
E0007056,A003601,R01,shortlisted,2026-05-20 14:33
E0007057,A003602,R03,profile_opened,2026-07-27 05:13
E0007058,A003602,R11,ai_score_viewed,2026-07-27 05:25
E0007059,A003603,R05,profile_opened,2025-10-21 21:47
E0007060,A003603,R02,ai_score_viewed,2025-10-21 22:00
E0007061,A003604,R02,profile_opened,2025-12-18 17:32
E0007062,A003604,R11,ai_score_viewed,2025-12-18 17:54
E0007063,A003605,R05,profile_opened,2025-12-11 12:59
E0007064,A003605,R07,ai_score_viewed,2025-12-11 13:47
E0007065,A003606,R12,profile_opened,2026-05-22 13:25
E0007066,A003606,R07,ai_score_viewed,2026-05-22 13:51
E0007067,A003606,R12,shortlisted,2026-05-22 14:33
E0007068,A003608,R12,profile_opened,2025-12-09 09:05
E0007069,A003608,R08,ai_score_viewed,2025-12-09 09:54
E0007070,A003609,R11,profile_opened,2026-01-14 15:14
E0007071,A003610,R02,profile_opened,2026-06-13 20:01
E0007072,A003611,R01,profile_opened,2026-04-21 01:57
E0007073,A003611,R04,ai_score_viewed,2026-04-21 02:56
E0007074,A003612,R02,profile_opened,2026-03-03 04:44
E0007075,A003612,R01,ai_score_viewed,2026-03-03 04:49
E0007076,A003613,R04,profile_opened,2026-07-21 05:08
E0007077,A003613,R05,shortlisted,2026-07-21 12:15
E0007078,A003614,R03,profile_opened,2025-12-14 00:47
E0007079,A003614,R03,ai_score_viewed,2025-12-14 01:16
E0007080,A003615,R07,ai_score_viewed,2026-05-18 10:48
E0007081,A003615,R03,shortlisted,2026-05-18 14:21
E0007082,A003616,R05,profile_opened,2026-04-22 10:57
E0007083,A003616,R10,ai_score_viewed,2026-04-22 11:49
E0007084,A003617,R02,profile_opened,2026-04-14 03:49
E0007085,A003617,R11,ai_score_viewed,2026-04-14 04:10
E0007086,A003617,R02,shortlisted,2026-04-14 08:16
E0007087,A003618,R01,profile_opened,2025-09-23 05:28
E0007088,A003618,R05,ai_score_viewed,2025-09-23 06:00
E0007089,A003619,R12,ai_score_viewed,2026-05-19 10:54
E0007090,A003620,R11,profile_opened,2026-04-21 23:23
E0007091,A003621,R11,profile_opened,2026-02-26 20:09
E0007092,A003621,R12,ai_score_viewed,2026-02-26 20:23
E0007093,A003621,R12,shortlisted,2026-02-27 04:04
E0007094,A003622,R03,profile_opened,2025-09-14 01:57
E0007095,A003622,R02,ai_score_viewed,2025-09-14 02:51
E0007096,A003623,R10,shortlisted,2026-04-26 23:15
E0007097,A003624,R04,profile_opened,2026-01-18 08:28
E0007098,A003624,R12,ai_score_viewed,2026-01-18 09:19
E0007099,A003624,R09,shortlisted,2026-01-18 13:35
E0007100,A003625,R08,profile_opened,2026-07-11 22:42
E0007101,A003625,R10,ai_score_viewed,2026-07-11 23:38
E0007102,A003626,R12,profile_opened,2026-02-21 01:52
E0007103,A003627,R01,profile_opened,2026-06-09 00:49
E0007104,A003627,R01,ai_score_viewed,2026-06-09 01:20
E0007105,A003627,R07,shortlisted,2026-06-09 07:42
E0007106,A003628,R09,ai_score_viewed,2025-11-10 11:28
E0007107,A003628,R07,shortlisted,2025-11-10 12:20
E0007108,A003629,R04,profile_opened,2026-03-31 05:41
E0007109,A003629,R06,ai_score_viewed,2026-03-31 06:19
E0007110,A003630,R03,profile_opened,2025-10-02 02:17
E0007111,A003630,R07,shortlisted,2025-10-02 04:56
E0007112,A003631,R01,profile_opened,2026-06-15 14:35
E0007113,A003632,R04,profile_opened,2025-11-12 18:33
E0007114,A003632,R11,ai_score_viewed,2025-11-12 19:25
E0007115,A003633,R11,profile_opened,2026-05-02 17:26
E0007116,A003633,R05,ai_score_viewed,2026-05-02 17:54
E0007117,A003634,R11,profile_opened,2025-11-15 07:23
E0007118,A003634,R07,ai_score_viewed,2025-11-15 08:22
E0007119,A003634,R12,shortlisted,2025-11-15 13:27
E0007120,A003635,R02,profile_opened,2026-02-21 09:02
E0007121,A003635,R09,ai_score_viewed,2026-02-21 09:41
E0007122,A003635,R01,shortlisted,2026-02-21 16:56
E0007123,A003636,R05,profile_opened,2025-12-24 01:22
E0007124,A003636,R05,ai_score_viewed,2025-12-24 01:49
E0007125,A003636,R01,shortlisted,2025-12-24 06:28
E0007126,A003637,R05,ai_score_viewed,2026-04-11 05:20
E0007127,A003637,R04,shortlisted,2026-04-11 07:13
E0007128,A003638,R07,profile_opened,2025-12-17 15:40
E0007129,A003638,R10,ai_score_viewed,2025-12-17 15:50
E0007130,A003639,R06,profile_opened,2026-07-06 03:40
E0007131,A003640,R01,profile_opened,2025-11-11 07:55
E0007132,A003640,R09,ai_score_viewed,2025-11-11 08:07
E0007133,A003640,R05,shortlisted,2025-11-11 15:03
E0007134,A003641,R07,profile_opened,2026-03-09 02:06
E0007135,A003642,R09,profile_opened,2026-01-17 23:17
E0007136,A003642,R04,ai_score_viewed,2026-01-17 23:51
E0007137,A003643,R11,ai_score_viewed,2025-10-12 07:30
E0007138,A003643,R07,shortlisted,2025-10-12 16:02
E0007139,A003644,R04,profile_opened,2025-10-07 21:43
E0007140,A003644,R04,shortlisted,2025-10-08 06:31
E0007141,A003645,R04,profile_opened,2026-04-09 11:11
E0007142,A003645,R09,ai_score_viewed,2026-04-09 11:54
E0007143,A003646,R11,profile_opened,2026-07-05 07:01
E0007144,A003646,R01,ai_score_viewed,2026-07-05 07:56
E0007145,A003647,R03,profile_opened,2026-06-07 22:44
E0007146,A003647,R02,ai_score_viewed,2026-06-07 23:30
E0007147,A003647,R10,shortlisted,2026-06-08 04:03
E0007148,A003648,R05,profile_opened,2026-02-17 16:04
E0007149,A003648,R08,ai_score_viewed,2026-02-17 17:04
E0007150,A003649,R09,profile_opened,2026-07-20 15:39
E0007151,A003649,R10,ai_score_viewed,2026-07-20 15:44
E0007152,A003649,R09,shortlisted,2026-07-20 20:41
E0007153,A003650,R06,profile_opened,2026-03-01 04:52
E0007154,A003650,R12,ai_score_viewed,2026-03-01 04:57
E0007155,A003651,R10,profile_opened,2026-05-26 08:21
E0007156,A003651,R03,ai_score_viewed,2026-05-26 09:14
E0007157,A003651,R11,shortlisted,2026-05-26 14:00
E0007158,A003652,R08,profile_opened,2025-09-12 17:41
E0007159,A003652,R08,ai_score_viewed,2025-09-12 18:30
E0007160,A003653,R12,profile_opened,2026-05-11 18:21
E0007161,A003653,R11,ai_score_viewed,2026-05-11 19:07
E0007162,A003654,R05,profile_opened,2026-03-20 11:46
E0007163,A003654,R05,ai_score_viewed,2026-03-20 12:12
E0007164,A003654,R08,shortlisted,2026-03-20 13:43
E0007165,A003655,R12,profile_opened,2026-05-08 18:44
E0007166,A003656,R03,profile_opened,2026-04-15 17:18
E0007167,A003656,R12,ai_score_viewed,2026-04-15 18:17
E0007168,A003658,R09,profile_opened,2026-03-15 04:58
E0007169,A003658,R09,ai_score_viewed,2026-03-15 05:46
E0007170,A003658,R09,shortlisted,2026-03-15 13:10
E0007171,A003659,R04,profile_opened,2026-05-20 09:33
E0007172,A003659,R05,shortlisted,2026-05-20 16:15
E0007173,A003660,R06,profile_opened,2026-06-16 10:26
E0007174,A003660,R08,ai_score_viewed,2026-06-16 10:52
E0007175,A003660,R09,shortlisted,2026-06-16 13:39
E0007176,A003661,R05,profile_opened,2026-01-11 23:45
E0007177,A003661,R10,ai_score_viewed,2026-01-12 00:31
E0007178,A003661,R01,shortlisted,2026-01-12 05:38
E0007179,A003662,R01,profile_opened,2025-12-14 10:42
E0007180,A003662,R12,ai_score_viewed,2025-12-14 11:14
E0007181,A003663,R06,profile_opened,2025-10-30 22:39
E0007182,A003663,R06,shortlisted,2025-10-31 07:27
E0007183,A003664,R12,profile_opened,2026-04-30 15:01
E0007184,A003664,R04,ai_score_viewed,2026-04-30 15:40
E0007185,A003664,R09,shortlisted,2026-04-30 22:14
E0007186,A003665,R11,profile_opened,2025-09-17 16:33
E0007187,A003665,R10,ai_score_viewed,2025-09-17 16:53
E0007188,A003666,R02,profile_opened,2025-09-05 00:46
E0007189,A003666,R11,ai_score_viewed,2025-09-05 01:12
E0007190,A003667,R07,profile_opened,2026-06-05 13:25
E0007191,A003668,R05,profile_opened,2025-09-26 07:54
E0007192,A003669,R10,profile_opened,2026-04-16 08:49
E0007193,A003670,R12,profile_opened,2025-11-18 23:08
E0007194,A003671,R12,profile_opened,2026-02-14 22:00
E0007195,A003672,R10,profile_opened,2025-12-09 09:54
E0007196,A003672,R09,ai_score_viewed,2025-12-09 09:57
E0007197,A003672,R06,shortlisted,2025-12-09 17:32
E0007198,A003673,R09,profile_opened,2025-10-31 00:05
E0007199,A003673,R09,ai_score_viewed,2025-10-31 00:27
E0007200,A003673,R05,shortlisted,2025-10-31 05:53
E0007201,A003674,R02,profile_opened,2026-02-03 13:39
E0007202,A003674,R10,shortlisted,2026-02-03 22:46
E0007203,A003675,R02,profile_opened,2025-11-19 01:38
E0007204,A003675,R07,ai_score_viewed,2025-11-19 02:35
E0007205,A003675,R02,shortlisted,2025-11-19 03:09
E0007206,A003676,R02,profile_opened,2025-12-15 22:41
E0007207,A003676,R11,ai_score_viewed,2025-12-15 23:26
E0007208,A003677,R06,profile_opened,2026-05-08 03:10
E0007209,A003677,R04,ai_score_viewed,2026-05-08 03:11
E0007210,A003678,R07,profile_opened,2025-09-16 04:50
E0007211,A003678,R12,ai_score_viewed,2025-09-16 05:31
E0007212,A003679,R12,profile_opened,2025-09-23 03:40
E0007213,A003679,R09,ai_score_viewed,2025-09-23 04:33
E0007214,A003679,R09,shortlisted,2025-09-23 05:03
E0007215,A003680,R11,profile_opened,2025-11-13 17:05
E0007216,A003680,R03,ai_score_viewed,2025-11-13 17:15
E0007217,A003681,R02,profile_opened,2025-10-16 23:07
E0007218,A003681,R07,shortlisted,2025-10-17 00:12
E0007219,A003682,R03,profile_opened,2026-07-28 12:39
E0007220,A003682,R08,ai_score_viewed,2026-07-28 12:42
E0007221,A003682,R09,shortlisted,2026-07-28 16:09
E0007222,A003683,R07,profile_opened,2026-07-10 22:11
E0007223,A003684,R05,profile_opened,2026-02-04 11:09
E0007224,A003685,R08,profile_opened,2026-07-09 20:05
E0007225,A003685,R07,shortlisted,2026-07-10 03:44
E0007226,A003686,R07,profile_opened,2026-04-20 08:02
E0007227,A003687,R05,profile_opened,2026-01-11 02:29
E0007228,A003687,R01,ai_score_viewed,2026-01-11 02:51
E0007229,A003688,R12,profile_opened,2026-01-27 08:17
E0007230,A003689,R07,profile_opened,2025-12-28 11:04
E0007231,A003690,R01,profile_opened,2025-11-05 19:23
E0007232,A003690,R02,ai_score_viewed,2025-11-05 20:05
E0007233,A003691,R11,profile_opened,2026-02-20 01:32
E0007234,A003691,R01,shortlisted,2026-02-20 08:30
E0007235,A003692,R08,profile_opened,2026-06-09 17:40
E0007236,A003692,R09,ai_score_viewed,2026-06-09 17:43
E0007237,A003693,R06,profile_opened,2025-11-13 18:48
E0007238,A003693,R08,ai_score_viewed,2025-11-13 19:29
E0007239,A003694,R06,profile_opened,2025-09-16 13:33
E0007240,A003694,R09,shortlisted,2025-09-16 21:20
E0007241,A003695,R04,profile_opened,2025-11-08 01:14
E0007242,A003695,R04,ai_score_viewed,2025-11-08 01:37
E0007243,A003696,R06,profile_opened,2026-05-02 04:11
E0007244,A003696,R08,ai_score_viewed,2026-05-02 04:41
E0007245,A003696,R12,shortlisted,2026-05-02 07:02
E0007246,A003697,R03,profile_opened,2026-01-02 17:22
E0007247,A003697,R12,ai_score_viewed,2026-01-02 18:18
E0007248,A003697,R03,shortlisted,2026-01-02 18:22
E0007249,A003698,R04,profile_opened,2025-12-10 17:58
E0007250,A003698,R07,shortlisted,2025-12-10 23:19
E0007251,A003699,R06,profile_opened,2025-10-07 10:01
E0007252,A003699,R01,ai_score_viewed,2025-10-07 10:40
E0007253,A003699,R07,shortlisted,2025-10-07 13:43
E0007254,A003700,R10,profile_opened,2025-12-15 07:06
E0007255,A003700,R11,ai_score_viewed,2025-12-15 07:25
E0007256,A003700,R05,shortlisted,2025-12-15 15:15
E0007257,A003701,R09,profile_opened,2026-06-12 11:05
E0007258,A003701,R04,ai_score_viewed,2026-06-12 11:34
E0007259,A003702,R08,profile_opened,2026-07-19 16:51
E0007260,A003702,R05,shortlisted,2026-07-19 23:05
E0007261,A003703,R01,profile_opened,2026-06-12 15:38
E0007262,A003703,R09,ai_score_viewed,2026-06-12 16:03
E0007263,A003703,R01,shortlisted,2026-06-13 00:07
E0007264,A003704,R12,ai_score_viewed,2026-02-23 15:56
E0007265,A003705,R05,profile_opened,2026-07-24 19:07
E0007266,A003705,R09,ai_score_viewed,2026-07-24 19:59
E0007267,A003705,R12,shortlisted,2026-07-25 03:36
E0007268,A003706,R08,profile_opened,2025-12-07 18:53
E0007269,A003706,R07,ai_score_viewed,2025-12-07 19:38
E0007270,A003706,R09,shortlisted,2025-12-07 20:12
E0007271,A003707,R07,profile_opened,2026-02-02 08:34
E0007272,A003707,R03,ai_score_viewed,2026-02-02 09:10
E0007273,A003707,R12,shortlisted,2026-02-02 10:00
E0007274,A003708,R08,profile_opened,2026-05-16 15:42
E0007275,A003708,R09,ai_score_viewed,2026-05-16 15:43
E0007276,A003709,R06,profile_opened,2025-11-17 04:20
E0007277,A003709,R09,ai_score_viewed,2025-11-17 04:42
E0007278,A003710,R07,profile_opened,2026-07-07 10:13
E0007279,A003710,R07,ai_score_viewed,2026-07-07 10:34
E0007280,A003711,R10,profile_opened,2026-06-28 18:53
E0007281,A003712,R08,profile_opened,2026-01-24 23:12
E0007282,A003712,R10,ai_score_viewed,2026-01-24 23:59
E0007283,A003713,R06,profile_opened,2025-12-26 02:01
E0007284,A003714,R06,profile_opened,2026-01-19 23:46
E0007285,A003714,R03,shortlisted,2026-01-20 03:03
E0007286,A003715,R05,profile_opened,2026-06-04 03:03
E0007287,A003715,R10,ai_score_viewed,2026-06-04 03:29
E0007288,A003715,R02,shortlisted,2026-06-04 12:22
E0007289,A003716,R02,profile_opened,2025-12-24 04:30
E0007290,A003716,R05,shortlisted,2025-12-24 13:44
E0007291,A003717,R07,profile_opened,2026-05-21 18:39
E0007292,A003717,R02,ai_score_viewed,2026-05-21 19:14
E0007293,A003718,R06,profile_opened,2025-12-13 12:21
E0007294,A003718,R02,ai_score_viewed,2025-12-13 12:29
E0007295,A003718,R08,shortlisted,2025-12-13 21:01
E0007296,A003719,R01,profile_opened,2026-04-20 16:09
E0007297,A003720,R08,profile_opened,2026-02-07 14:02
E0007298,A003720,R01,ai_score_viewed,2026-02-07 14:44
E0007299,A003720,R02,shortlisted,2026-02-07 19:11
E0007300,A003721,R10,profile_opened,2026-05-22 02:53
E0007301,A003721,R03,ai_score_viewed,2026-05-22 03:20
E0007302,A003722,R03,profile_opened,2026-05-01 06:06
E0007303,A003722,R08,ai_score_viewed,2026-05-01 06:15
E0007304,A003723,R12,profile_opened,2026-02-10 13:23
E0007305,A003723,R04,ai_score_viewed,2026-02-10 14:16
E0007306,A003723,R07,shortlisted,2026-02-10 20:28
E0007307,A003724,R03,profile_opened,2026-05-24 22:31
E0007308,A003724,R09,ai_score_viewed,2026-05-24 23:09
E0007309,A003725,R10,profile_opened,2025-10-10 00:42
E0007310,A003725,R12,ai_score_viewed,2025-10-10 01:08
E0007311,A003725,R10,shortlisted,2025-10-10 02:32
E0007312,A003726,R03,profile_opened,2026-05-23 01:40
E0007313,A003726,R06,shortlisted,2026-05-23 09:53
E0007314,A003727,R03,profile_opened,2025-11-28 04:21
E0007315,A003727,R09,ai_score_viewed,2025-11-28 05:20
E0007316,A003728,R08,profile_opened,2025-10-04 10:03
E0007317,A003728,R07,shortlisted,2025-10-04 17:01
E0007318,A003729,R03,profile_opened,2025-12-18 17:37
E0007319,A003729,R07,ai_score_viewed,2025-12-18 18:37
E0007320,A003730,R08,profile_opened,2026-02-13 13:16
E0007321,A003730,R05,ai_score_viewed,2026-02-13 13:53
E0007322,A003730,R07,shortlisted,2026-02-13 22:23
E0007323,A003731,R12,profile_opened,2025-10-25 14:54
E0007324,A003731,R11,ai_score_viewed,2025-10-25 15:11
E0007325,A003731,R01,shortlisted,2025-10-25 21:58
E0007326,A003732,R06,profile_opened,2025-11-18 15:23
E0007327,A003732,R07,ai_score_viewed,2025-11-18 15:54
E0007328,A003733,R10,shortlisted,2026-03-11 12:48
E0007329,A003734,R08,profile_opened,2025-10-07 06:25
E0007330,A003734,R03,ai_score_viewed,2025-10-07 07:07
E0007331,A003734,R03,shortlisted,2025-10-07 11:18
E0007332,A003735,R02,profile_opened,2025-09-08 12:42
E0007333,A003736,R01,profile_opened,2026-01-04 08:53
E0007334,A003736,R12,ai_score_viewed,2026-01-04 09:00
E0007335,A003736,R01,shortlisted,2026-01-04 10:45
E0007336,A003737,R08,profile_opened,2025-10-14 03:56
E0007337,A003737,R12,ai_score_viewed,2025-10-14 04:23
E0007338,A003738,R01,profile_opened,2026-05-28 00:20
E0007339,A003738,R07,ai_score_viewed,2026-05-28 01:10
E0007340,A003739,R10,ai_score_viewed,2025-12-01 16:12
E0007341,A003740,R06,profile_opened,2026-07-29 10:12
E0007342,A003740,R12,ai_score_viewed,2026-07-29 11:01
E0007343,A003741,R02,profile_opened,2026-02-01 19:15
E0007344,A003741,R07,shortlisted,2026-02-01 21:48
E0007345,A003742,R07,profile_opened,2026-03-23 19:24
E0007346,A003742,R02,ai_score_viewed,2026-03-23 19:50
E0007347,A003742,R06,shortlisted,2026-03-24 01:44
E0007348,A003743,R04,profile_opened,2026-04-22 10:54
E0007349,A003743,R11,shortlisted,2026-04-22 19:22
E0007350,A003744,R12,profile_opened,2026-05-20 22:25
E0007351,A003744,R01,ai_score_viewed,2026-05-20 23:02
E0007352,A003745,R02,profile_opened,2026-04-24 15:48
E0007353,A003745,R01,shortlisted,2026-04-24 21:15
E0007354,A003746,R10,profile_opened,2025-12-21 18:57
E0007355,A003746,R01,ai_score_viewed,2025-12-21 18:58
E0007356,A003747,R11,profile_opened,2026-03-17 12:51
E0007357,A003747,R01,shortlisted,2026-03-17 16:40
E0007358,A003748,R12,profile_opened,2025-10-15 05:57
E0007359,A003748,R06,ai_score_viewed,2025-10-15 06:29
E0007360,A003749,R05,profile_opened,2025-12-09 03:57
E0007361,A003749,R04,ai_score_viewed,2025-12-09 04:13
E0007362,A003749,R09,shortlisted,2025-12-09 05:44
E0007363,A003750,R10,profile_opened,2026-05-06 14:55
E0007364,A003751,R10,profile_opened,2026-06-04 13:32
E0007365,A003752,R06,profile_opened,2026-03-12 02:08
E0007366,A003752,R02,shortlisted,2026-03-12 05:25
E0007367,A003754,R10,profile_opened,2026-07-27 01:51
E0007368,A003754,R01,ai_score_viewed,2026-07-27 02:07
E0007369,A003755,R04,shortlisted,2026-03-10 08:21
E0007370,A003756,R04,profile_opened,2025-11-14 18:58
E0007371,A003756,R01,ai_score_viewed,2025-11-14 19:36
E0007372,A003757,R11,profile_opened,2026-05-22 23:02
E0007373,A003758,R05,profile_opened,2026-03-19 23:24
E0007374,A003759,R06,profile_opened,2026-02-14 14:19
E0007375,A003759,R12,ai_score_viewed,2026-02-14 14:54
E0007376,A003760,R11,profile_opened,2025-11-05 03:03
E0007377,A003761,R03,profile_opened,2025-09-10 14:32
E0007378,A003761,R08,ai_score_viewed,2025-09-10 15:17
E0007379,A003762,R12,profile_opened,2026-03-17 09:23
E0007380,A003762,R07,ai_score_viewed,2026-03-17 10:02
E0007381,A003763,R05,profile_opened,2026-07-25 21:52
E0007382,A003764,R10,profile_opened,2026-02-21 10:33
E0007383,A003764,R01,ai_score_viewed,2026-02-21 11:18
E0007384,A003765,R09,profile_opened,2026-01-04 23:32
E0007385,A003766,R12,profile_opened,2025-09-22 06:57
E0007386,A003766,R09,ai_score_viewed,2025-09-22 07:27
E0007387,A003766,R09,shortlisted,2025-09-22 10:57
E0007388,A003767,R06,profile_opened,2026-04-25 18:11
E0007389,A003767,R05,ai_score_viewed,2026-04-25 18:35
E0007390,A003768,R06,profile_opened,2025-09-30 17:45
E0007391,A003769,R03,profile_opened,2026-07-16 02:24
E0007392,A003769,R09,ai_score_viewed,2026-07-16 02:54
E0007393,A003769,R04,shortlisted,2026-07-16 06:12
E0007394,A003770,R01,profile_opened,2026-04-05 07:35
E0007395,A003770,R12,ai_score_viewed,2026-04-05 08:26
E0007396,A003771,R09,profile_opened,2025-10-24 01:06
E0007397,A003771,R11,ai_score_viewed,2025-10-24 01:20
E0007398,A003771,R01,shortlisted,2025-10-24 05:50
E0007399,A003772,R07,profile_opened,2026-02-16 19:57
E0007400,A003772,R09,ai_score_viewed,2026-02-16 20:10
E0007401,A003773,R09,profile_opened,2025-12-09 17:27
E0007402,A003774,R07,profile_opened,2026-06-05 04:01
E0007403,A003774,R10,ai_score_viewed,2026-06-05 04:52
E0007404,A003774,R04,shortlisted,2026-06-05 13:35
E0007405,A003775,R06,profile_opened,2026-04-27 17:37
E0007406,A003775,R10,ai_score_viewed,2026-04-27 18:30
E0007407,A003776,R12,profile_opened,2025-10-05 05:00
E0007408,A003776,R11,ai_score_viewed,2025-10-05 05:20
E0007409,A003777,R12,profile_opened,2025-10-20 17:26
E0007410,A003777,R03,ai_score_viewed,2025-10-20 18:18
E0007411,A003778,R06,profile_opened,2026-01-29 16:59
E0007412,A003779,R07,profile_opened,2026-02-06 09:41
E0007413,A003779,R11,shortlisted,2026-02-06 17:24
E0007414,A003780,R05,profile_opened,2026-07-24 01:31
E0007415,A003781,R11,profile_opened,2026-07-21 08:56
E0007416,A003782,R07,profile_opened,2025-12-23 12:04
E0007417,A003783,R06,profile_opened,2026-03-30 06:20
E0007418,A003783,R01,ai_score_viewed,2026-03-30 06:44
E0007419,A003784,R02,profile_opened,2026-03-20 03:17
E0007420,A003784,R02,ai_score_viewed,2026-03-20 03:53
E0007421,A003785,R02,profile_opened,2026-03-05 04:39
E0007422,A003785,R08,ai_score_viewed,2026-03-05 05:02
E0007423,A003785,R02,shortlisted,2026-03-05 09:41
E0007424,A003786,R05,profile_opened,2025-09-12 00:46
E0007425,A003787,R04,profile_opened,2025-11-15 07:05
E0007426,A003787,R12,ai_score_viewed,2025-11-15 07:16
E0007427,A003787,R04,shortlisted,2025-11-15 12:21
E0007428,A003788,R02,ai_score_viewed,2026-07-12 20:33
E0007429,A003789,R09,profile_opened,2026-06-03 14:25
E0007430,A003790,R03,profile_opened,2026-01-03 16:02
E0007431,A003790,R09,ai_score_viewed,2026-01-03 17:01
E0007432,A003791,R02,profile_opened,2026-05-09 11:44
E0007433,A003791,R06,ai_score_viewed,2026-05-09 12:29
E0007434,A003792,R04,profile_opened,2026-06-20 15:15
E0007435,A003792,R04,ai_score_viewed,2026-06-20 15:19
E0007436,A003793,R10,profile_opened,2026-03-16 09:18
E0007437,A003793,R01,ai_score_viewed,2026-03-16 10:01
E0007438,A003793,R11,shortlisted,2026-03-16 13:08
E0007439,A003794,R03,ai_score_viewed,2026-02-02 01:58
E0007440,A003795,R10,ai_score_viewed,2026-02-03 11:42
E0007441,A003796,R09,profile_opened,2026-01-22 03:11
E0007442,A003796,R09,ai_score_viewed,2026-01-22 03:19
E0007443,A003797,R09,profile_opened,2026-04-13 20:12
E0007444,A003797,R06,ai_score_viewed,2026-04-13 20:15
E0007445,A003797,R03,shortlisted,2026-04-14 00:55
E0007446,A003798,R12,profile_opened,2026-02-24 07:02
E0007447,A003799,R09,profile_opened,2025-10-10 15:38
E0007448,A003800,R07,profile_opened,2026-03-16 21:39
E0007449,A003801,R01,profile_opened,2026-03-29 12:31
E0007450,A003801,R11,ai_score_viewed,2026-03-29 12:42
E0007451,A003802,R12,profile_opened,2025-11-26 15:47
E0007452,A003802,R12,ai_score_viewed,2025-11-26 15:49
E0007453,A003802,R02,shortlisted,2025-11-26 17:51
E0007454,A003803,R03,profile_opened,2026-04-01 01:35
E0007455,A003803,R08,ai_score_viewed,2026-04-01 01:56
E0007456,A003804,R06,profile_opened,2025-12-05 08:43
E0007457,A003804,R11,ai_score_viewed,2025-12-05 09:08
E0007458,A003804,R08,shortlisted,2025-12-05 14:58
E0007459,A003805,R06,profile_opened,2026-05-26 08:26
E0007460,A003805,R04,ai_score_viewed,2026-05-26 08:52
E0007461,A003805,R09,shortlisted,2026-05-26 13:57
E0007462,A003806,R08,profile_opened,2026-06-10 11:10
E0007463,A003806,R09,ai_score_viewed,2026-06-10 11:52
E0007464,A003806,R07,shortlisted,2026-06-10 19:23
E0007465,A003807,R08,profile_opened,2025-11-01 12:41
E0007466,A003807,R05,ai_score_viewed,2025-11-01 12:50
E0007467,A003808,R09,profile_opened,2025-10-29 05:01
E0007468,A003808,R04,ai_score_viewed,2025-10-29 05:20
E0007469,A003809,R11,profile_opened,2026-06-04 22:40
E0007470,A003809,R01,ai_score_viewed,2026-06-04 23:21
E0007471,A003810,R05,profile_opened,2025-09-21 08:02
E0007472,A003811,R08,profile_opened,2025-10-22 09:37
E0007473,A003811,R01,ai_score_viewed,2025-10-22 10:37
E0007474,A003811,R11,shortlisted,2025-10-22 14:39
E0007475,A003812,R08,profile_opened,2025-12-30 02:36
E0007476,A003813,R05,profile_opened,2026-06-28 16:47
E0007477,A003813,R01,ai_score_viewed,2026-06-28 17:24
E0007478,A003813,R09,shortlisted,2026-06-28 23:52
E0007479,A003814,R06,profile_opened,2025-11-15 20:33
E0007480,A003814,R07,shortlisted,2025-11-16 02:00
E0007481,A003815,R01,profile_opened,2026-04-02 06:09
E0007482,A003815,R10,ai_score_viewed,2026-04-02 06:15
E0007483,A003815,R03,shortlisted,2026-04-02 13:08
E0007484,A003816,R01,profile_opened,2025-12-26 23:36
E0007485,A003817,R07,profile_opened,2025-10-13 16:48
E0007486,A003818,R07,profile_opened,2026-04-04 00:47
E0007487,A003818,R11,shortlisted,2026-04-04 09:33
E0007488,A003819,R12,profile_opened,2025-10-27 09:30
E0007489,A003819,R04,ai_score_viewed,2025-10-27 10:19
E0007490,A003820,R10,profile_opened,2026-04-05 17:50
E0007491,A003820,R08,shortlisted,2026-04-06 00:49
E0007492,A003821,R12,profile_opened,2025-10-06 14:19
E0007493,A003822,R10,profile_opened,2025-09-16 16:50
E0007494,A003822,R06,ai_score_viewed,2025-09-16 17:40
E0007495,A003823,R10,profile_opened,2025-09-09 04:48
E0007496,A003823,R04,ai_score_viewed,2025-09-09 05:00
E0007497,A003824,R10,profile_opened,2026-03-15 03:00
E0007498,A003824,R09,ai_score_viewed,2026-03-15 03:16
E0007499,A003825,R04,profile_opened,2025-12-01 17:24
E0007500,A003825,R05,ai_score_viewed,2025-12-01 18:14
E0007501,A003825,R06,shortlisted,2025-12-01 19:05
E0007502,A003826,R04,profile_opened,2026-07-14 00:16
E0007503,A003827,R12,profile_opened,2026-03-03 03:56
E0007504,A003828,R06,profile_opened,2026-07-15 17:19
E0007505,A003829,R05,profile_opened,2025-11-18 03:21
E0007506,A003829,R08,ai_score_viewed,2025-11-18 03:24
E0007507,A003829,R08,shortlisted,2025-11-18 08:40
E0007508,A003830,R07,profile_opened,2026-04-29 03:09
E0007509,A003830,R08,ai_score_viewed,2026-04-29 03:38
E0007510,A003831,R07,profile_opened,2026-05-12 07:56
E0007511,A003831,R01,ai_score_viewed,2026-05-12 08:01
E0007512,A003832,R01,profile_opened,2026-05-13 20:17
E0007513,A003833,R03,profile_opened,2026-07-09 17:44
E0007514,A003833,R02,ai_score_viewed,2026-07-09 18:11
E0007515,A003833,R09,shortlisted,2026-07-09 22:58
E0007516,A003834,R05,profile_opened,2025-12-18 04:15
E0007517,A003834,R01,ai_score_viewed,2025-12-18 04:58
E0007518,A003835,R10,profile_opened,2026-01-20 04:19
E0007519,A003835,R10,ai_score_viewed,2026-01-20 04:41
E0007520,A003836,R11,profile_opened,2026-02-23 17:32
E0007521,A003837,R06,profile_opened,2025-09-20 08:18
E0007522,A003837,R10,shortlisted,2025-09-20 12:08
E0007523,A003838,R11,profile_opened,2026-06-17 10:57
E0007524,A003838,R07,ai_score_viewed,2026-06-17 11:05
E0007525,A003838,R01,shortlisted,2026-06-17 20:49
E0007526,A003839,R05,profile_opened,2026-02-07 09:51
E0007527,A003840,R05,ai_score_viewed,2026-06-02 18:50
E0007528,A003841,R12,ai_score_viewed,2026-06-03 00:18
E0007529,A003842,R05,profile_opened,2025-12-10 15:11
E0007530,A003842,R02,ai_score_viewed,2025-12-10 15:53
E0007531,A003843,R11,profile_opened,2026-06-25 21:47
E0007532,A003843,R10,ai_score_viewed,2026-06-25 22:29
E0007533,A003844,R12,profile_opened,2026-04-27 15:41
E0007534,A003844,R09,ai_score_viewed,2026-04-27 15:46
E0007535,A003844,R08,shortlisted,2026-04-28 01:19
E0007536,A003845,R02,profile_opened,2025-11-20 20:24
E0007537,A003845,R01,ai_score_viewed,2025-11-20 21:21
E0007538,A003846,R07,profile_opened,2026-04-16 19:46
E0007539,A003846,R07,ai_score_viewed,2026-04-16 19:47
E0007540,A003846,R02,shortlisted,2026-04-17 01:58
E0007541,A003847,R12,ai_score_viewed,2026-01-08 20:30
E0007542,A003848,R05,profile_opened,2025-10-02 14:28
E0007543,A003848,R05,ai_score_viewed,2025-10-02 14:59
E0007544,A003848,R09,shortlisted,2025-10-02 18:08
E0007545,A003849,R04,profile_opened,2025-10-30 11:21
E0007546,A003849,R03,ai_score_viewed,2025-10-30 11:49
E0007547,A003849,R09,shortlisted,2025-10-30 21:14
E0007548,A003850,R09,profile_opened,2025-10-26 09:57
E0007549,A003850,R11,shortlisted,2025-10-26 11:40
E0007550,A003851,R12,profile_opened,2026-07-17 22:26
E0007551,A003852,R08,profile_opened,2025-10-12 13:50
E0007552,A003852,R08,ai_score_viewed,2025-10-12 14:11
E0007553,A003853,R07,profile_opened,2025-10-26 05:09
E0007554,A003853,R07,ai_score_viewed,2025-10-26 05:55
E0007555,A003853,R11,shortlisted,2025-10-26 11:11
E0007556,A003854,R03,profile_opened,2025-10-10 05:45
E0007557,A003854,R08,shortlisted,2025-10-10 10:16
E0007558,A003855,R10,profile_opened,2026-03-09 12:42
E0007559,A003855,R01,ai_score_viewed,2026-03-09 12:55
E0007560,A003856,R09,profile_opened,2026-01-30 18:17
E0007561,A003856,R08,ai_score_viewed,2026-01-30 19:11
E0007562,A003856,R06,shortlisted,2026-01-30 20:22
E0007563,A003858,R02,profile_opened,2025-12-01 23:55
E0007564,A003859,R04,profile_opened,2025-10-19 11:36
E0007565,A003859,R06,ai_score_viewed,2025-10-19 12:12
E0007566,A003859,R11,shortlisted,2025-10-19 13:59
E0007567,A003860,R06,profile_opened,2025-11-06 01:54
E0007568,A003860,R05,ai_score_viewed,2025-11-06 02:34
E0007569,A003861,R10,profile_opened,2025-12-24 04:30
E0007570,A003861,R02,ai_score_viewed,2025-12-24 05:24
E0007571,A003861,R01,shortlisted,2025-12-24 13:06
E0007572,A003862,R08,profile_opened,2026-01-31 05:33
E0007573,A003863,R02,profile_opened,2026-03-06 16:08
E0007574,A003863,R10,shortlisted,2026-03-07 01:08
E0007575,A003864,R06,profile_opened,2026-06-28 17:22
E0007576,A003864,R08,shortlisted,2026-06-28 18:41
E0007577,A003865,R09,ai_score_viewed,2025-10-27 07:30
E0007578,A003866,R12,profile_opened,2025-10-04 04:34
E0007579,A003866,R04,shortlisted,2025-10-04 09:19
E0007580,A003867,R06,profile_opened,2026-01-18 08:29
E0007581,A003867,R10,ai_score_viewed,2026-01-18 09:16
E0007582,A003867,R07,shortlisted,2026-01-18 14:22
E0007583,A003868,R10,profile_opened,2025-10-14 19:23
E0007584,A003868,R07,ai_score_viewed,2025-10-14 19:33
E0007585,A003868,R10,shortlisted,2025-10-14 21:52
E0007586,A003869,R09,profile_opened,2026-02-23 21:02
E0007587,A003869,R02,shortlisted,2026-02-24 03:08
E0007588,A003870,R07,profile_opened,2026-04-13 13:59
E0007589,A003870,R09,ai_score_viewed,2026-04-13 14:37
E0007590,A003871,R02,profile_opened,2025-10-02 11:37
E0007591,A003872,R08,profile_opened,2025-11-03 00:43
E0007592,A003872,R08,ai_score_viewed,2025-11-03 01:27
E0007593,A003872,R08,shortlisted,2025-11-03 03:17
E0007594,A003873,R02,profile_opened,2026-03-12 04:47
E0007595,A003873,R12,shortlisted,2026-03-12 06:41
E0007596,A003874,R06,profile_opened,2026-07-25 07:21
E0007597,A003874,R10,ai_score_viewed,2026-07-25 07:32
E0007598,A003875,R03,profile_opened,2025-09-19 12:07
E0007599,A003875,R02,ai_score_viewed,2025-09-19 13:04
E0007600,A003875,R01,shortlisted,2025-09-19 13:33
E0007601,A003876,R07,profile_opened,2026-02-24 23:12
E0007602,A003876,R11,ai_score_viewed,2026-02-24 23:51
E0007603,A003877,R03,profile_opened,2026-06-28 01:23
E0007604,A003878,R01,profile_opened,2026-02-11 20:00
E0007605,A003878,R01,ai_score_viewed,2026-02-11 20:24
E0007606,A003879,R02,profile_opened,2025-12-20 22:03
E0007607,A003879,R09,shortlisted,2025-12-21 00:44
E0007608,A003880,R01,ai_score_viewed,2026-01-02 23:12
E0007609,A003881,R04,profile_opened,2026-07-16 13:59
E0007610,A003882,R07,profile_opened,2026-06-01 07:47
E0007611,A003882,R11,ai_score_viewed,2026-06-01 08:34
E0007612,A003882,R01,shortlisted,2026-06-01 15:39
E0007613,A003883,R06,profile_opened,2025-10-09 10:40
E0007614,A003883,R11,shortlisted,2025-10-09 16:24
E0007615,A003884,R10,profile_opened,2025-10-21 18:56
E0007616,A003884,R03,ai_score_viewed,2025-10-21 19:37
E0007617,A003884,R11,shortlisted,2025-10-21 20:50
E0007618,A003885,R11,profile_opened,2026-06-25 01:29
E0007619,A003885,R03,ai_score_viewed,2026-06-25 02:06
E0007620,A003885,R05,shortlisted,2026-06-25 02:34
E0007621,A003886,R01,profile_opened,2026-07-27 19:34
E0007622,A003887,R07,profile_opened,2026-05-20 07:28
E0007623,A003887,R12,ai_score_viewed,2026-05-20 07:58
E0007624,A003888,R10,profile_opened,2025-10-05 11:43
E0007625,A003888,R10,ai_score_viewed,2025-10-05 12:31
E0007626,A003889,R10,profile_opened,2025-12-19 17:28
E0007627,A003889,R05,ai_score_viewed,2025-12-19 17:53
E0007628,A003889,R01,shortlisted,2025-12-19 18:34
E0007629,A003890,R02,profile_opened,2026-06-04 09:09
E0007630,A003891,R11,profile_opened,2025-12-29 23:06
E0007631,A003892,R11,profile_opened,2026-04-06 21:07
E0007632,A003892,R11,ai_score_viewed,2026-04-06 21:13
E0007633,A003893,R05,profile_opened,2025-10-02 22:06
E0007634,A003894,R02,profile_opened,2025-10-02 19:41
E0007635,A003894,R01,ai_score_viewed,2025-10-02 20:28
E0007636,A003895,R03,profile_opened,2026-06-22 21:54
E0007637,A003895,R04,shortlisted,2026-06-23 07:29
E0007638,A003896,R03,profile_opened,2026-06-19 23:56
E0007639,A003896,R12,ai_score_viewed,2026-06-20 00:21
E0007640,A003897,R05,profile_opened,2025-10-18 05:08
E0007641,A003897,R03,shortlisted,2025-10-18 10:07
E0007642,A003898,R03,profile_opened,2026-06-20 19:59
E0007643,A003898,R03,ai_score_viewed,2026-06-20 20:03
E0007644,A003899,R06,shortlisted,2026-02-27 10:37
E0007645,A003900,R10,profile_opened,2025-09-12 19:37
E0007646,A003900,R04,ai_score_viewed,2025-09-12 19:58
E0007647,A003900,R02,shortlisted,2025-09-13 00:34
E0007648,A003901,R05,profile_opened,2026-07-18 15:10
E0007649,A003901,R02,ai_score_viewed,2026-07-18 16:05
E0007650,A003901,R02,shortlisted,2026-07-18 23:22
E0007651,A003902,R04,profile_opened,2026-04-22 21:27
E0007652,A003902,R03,ai_score_viewed,2026-04-22 21:31
E0007653,A003902,R03,shortlisted,2026-04-23 05:46
E0007654,A003903,R09,profile_opened,2026-07-19 02:28
E0007655,A003903,R01,ai_score_viewed,2026-07-19 02:34
E0007656,A003903,R06,shortlisted,2026-07-19 05:41
E0007657,A003904,R06,profile_opened,2026-01-04 21:25
E0007658,A003904,R06,ai_score_viewed,2026-01-04 22:08
E0007659,A003904,R08,shortlisted,2026-01-05 04:00
E0007660,A003905,R02,profile_opened,2026-04-05 04:29
E0007661,A003905,R02,ai_score_viewed,2026-04-05 04:52
E0007662,A003905,R09,shortlisted,2026-04-05 07:37
E0007663,A003906,R04,profile_opened,2026-05-26 09:47
E0007664,A003906,R03,shortlisted,2026-05-26 15:40
E0007665,A003907,R07,profile_opened,2025-11-17 05:20
E0007666,A003907,R06,ai_score_viewed,2025-11-17 05:45
E0007667,A003907,R08,shortlisted,2025-11-17 08:15
E0007668,A003908,R12,profile_opened,2026-07-10 15:48
E0007669,A003908,R12,ai_score_viewed,2026-07-10 16:04
E0007670,A003909,R02,profile_opened,2026-01-03 10:31
E0007671,A003910,R04,profile_opened,2026-03-06 09:23
E0007672,A003910,R03,shortlisted,2026-03-06 13:50
E0007673,A003911,R05,profile_opened,2026-02-12 14:06
E0007674,A003911,R06,shortlisted,2026-02-12 18:46
E0007675,A003912,R11,profile_opened,2026-07-16 22:16
E0007676,A003912,R09,ai_score_viewed,2026-07-16 22:46
E0007677,A003913,R09,profile_opened,2026-05-12 14:15
E0007678,A003913,R09,ai_score_viewed,2026-05-12 14:40
E0007679,A003914,R11,profile_opened,2026-03-14 21:39
E0007680,A003914,R07,ai_score_viewed,2026-03-14 21:46
E0007681,A003914,R11,shortlisted,2026-03-15 03:51
E0007682,A003915,R07,profile_opened,2025-09-18 13:20
E0007683,A003916,R05,profile_opened,2026-01-03 02:29
E0007684,A003916,R05,ai_score_viewed,2026-01-03 03:17
E0007685,A003917,R02,profile_opened,2026-07-02 07:00
E0007686,A003918,R08,profile_opened,2025-12-26 00:46
E0007687,A003918,R08,ai_score_viewed,2025-12-26 01:40
E0007688,A003919,R08,profile_opened,2025-09-18 05:28
E0007689,A003919,R08,ai_score_viewed,2025-09-18 05:50
E0007690,A003919,R03,shortlisted,2025-09-18 09:03
E0007691,A003920,R02,shortlisted,2026-07-03 12:43
E0007692,A003921,R12,profile_opened,2026-06-03 13:08
E0007693,A003921,R04,ai_score_viewed,2026-06-03 13:23
E0007694,A003921,R10,shortlisted,2026-06-03 14:39
E0007695,A003922,R10,profile_opened,2025-09-11 09:40
E0007696,A003922,R05,ai_score_viewed,2025-09-11 10:37
E0007697,A003922,R07,shortlisted,2025-09-11 14:09
E0007698,A003923,R04,profile_opened,2026-07-03 21:44
E0007699,A003923,R07,ai_score_viewed,2026-07-03 22:01
E0007700,A003924,R12,profile_opened,2026-02-20 17:41
E0007701,A003924,R08,ai_score_viewed,2026-02-20 18:36
E0007702,A003924,R07,shortlisted,2026-02-20 22:09
E0007703,A003925,R11,profile_opened,2026-01-04 12:53
E0007704,A003925,R10,ai_score_viewed,2026-01-04 13:16
E0007705,A003926,R03,profile_opened,2025-12-14 12:09
E0007706,A003926,R04,ai_score_viewed,2025-12-14 12:56
E0007707,A003927,R03,profile_opened,2025-11-11 03:08
E0007708,A003927,R02,ai_score_viewed,2025-11-11 03:33
E0007709,A003928,R10,profile_opened,2026-01-12 22:52
E0007710,A003929,R04,profile_opened,2025-10-05 16:05
E0007711,A003929,R07,shortlisted,2025-10-05 22:24
E0007712,A003930,R10,profile_opened,2025-12-15 23:45
E0007713,A003930,R09,ai_score_viewed,2025-12-15 23:55
E0007714,A003931,R10,profile_opened,2025-10-18 21:24
E0007715,A003931,R11,ai_score_viewed,2025-10-18 21:43
E0007716,A003931,R10,shortlisted,2025-10-18 23:51
E0007717,A003932,R05,profile_opened,2025-12-17 02:33
E0007718,A003932,R02,ai_score_viewed,2025-12-17 02:47
E0007719,A003932,R06,shortlisted,2025-12-17 11:23
E0007720,A003933,R02,profile_opened,2026-06-27 18:26
E0007721,A003933,R11,ai_score_viewed,2026-06-27 19:15
E0007722,A003933,R11,shortlisted,2026-06-27 22:09
E0007723,A003934,R05,profile_opened,2026-03-19 14:56
E0007724,A003934,R06,ai_score_viewed,2026-03-19 15:56
E0007725,A003935,R06,profile_opened,2025-11-28 16:31
E0007726,A003935,R02,shortlisted,2025-11-28 20:27
E0007727,A003936,R05,shortlisted,2026-06-24 16:12
E0007728,A003937,R07,profile_opened,2026-06-23 22:06
E0007729,A003937,R11,ai_score_viewed,2026-06-23 22:50
E0007730,A003938,R02,profile_opened,2026-01-25 04:35
E0007731,A003939,R07,profile_opened,2026-06-27 19:49
E0007732,A003939,R04,shortlisted,2026-06-28 05:44
E0007733,A003940,R07,ai_score_viewed,2026-02-28 13:04
E0007734,A003940,R09,shortlisted,2026-02-28 19:18
E0007735,A003941,R06,profile_opened,2026-06-29 05:06
E0007736,A003942,R06,profile_opened,2025-09-15 14:12
E0007737,A003942,R08,ai_score_viewed,2025-09-15 14:33
E0007738,A003943,R04,profile_opened,2026-01-31 08:55
E0007739,A003944,R08,profile_opened,2025-12-18 23:48
E0007740,A003944,R11,ai_score_viewed,2025-12-19 00:44
E0007741,A003945,R10,profile_opened,2026-03-03 08:21
E0007742,A003945,R01,ai_score_viewed,2026-03-03 08:25
E0007743,A003946,R04,profile_opened,2026-05-19 10:16
E0007744,A003946,R04,shortlisted,2026-05-19 16:22
E0007745,A003947,R02,profile_opened,2025-11-21 05:26
E0007746,A003947,R10,ai_score_viewed,2025-11-21 06:08
E0007747,A003948,R06,profile_opened,2026-01-28 07:29
E0007748,A003949,R06,profile_opened,2025-12-05 22:21
E0007749,A003949,R09,shortlisted,2025-12-06 08:06
E0007750,A003950,R09,profile_opened,2025-12-25 21:32
E0007751,A003950,R12,ai_score_viewed,2025-12-25 21:34
E0007752,A003950,R09,shortlisted,2025-12-26 00:51
E0007753,A003951,R07,profile_opened,2025-10-28 02:50
E0007754,A003951,R05,ai_score_viewed,2025-10-28 03:36
E0007755,A003951,R09,shortlisted,2025-10-28 06:51
E0007756,A003952,R05,profile_opened,2026-01-12 18:50
E0007757,A003952,R04,ai_score_viewed,2026-01-12 19:46
E0007758,A003953,R04,profile_opened,2026-06-02 15:41
E0007759,A003953,R07,ai_score_viewed,2026-06-02 16:41
E0007760,A003953,R11,shortlisted,2026-06-02 18:26
E0007761,A003954,R04,profile_opened,2026-05-24 20:57
E0007762,A003954,R05,ai_score_viewed,2026-05-24 21:48
E0007763,A003954,R12,shortlisted,2026-05-25 01:16
E0007764,A003955,R03,profile_opened,2026-04-09 21:00
E0007765,A003955,R04,ai_score_viewed,2026-04-09 21:36
E0007766,A003956,R05,profile_opened,2025-10-23 04:12
E0007767,A003956,R01,ai_score_viewed,2025-10-23 05:03
E0007768,A003957,R03,profile_opened,2026-04-19 02:49
E0007769,A003957,R05,ai_score_viewed,2026-04-19 03:14
E0007770,A003958,R05,profile_opened,2025-10-19 08:55
E0007771,A003958,R11,ai_score_viewed,2025-10-19 09:20
E0007772,A003958,R01,shortlisted,2025-10-19 17:50
E0007773,A003959,R09,profile_opened,2026-05-05 21:38
E0007774,A003959,R07,shortlisted,2026-05-06 06:00
E0007775,A003960,R07,profile_opened,2026-06-06 02:41
E0007776,A003960,R10,ai_score_viewed,2026-06-06 02:44
E0007777,A003961,R03,profile_opened,2026-07-26 12:05
E0007778,A003961,R01,ai_score_viewed,2026-07-26 12:17
E0007779,A003962,R10,profile_opened,2026-03-18 23:40
E0007780,A003962,R12,ai_score_viewed,2026-03-19 00:02
E0007781,A003962,R07,shortlisted,2026-03-19 03:55
E0007782,A003963,R08,profile_opened,2025-10-01 20:24
E0007783,A003964,R09,profile_opened,2026-05-04 07:49
E0007784,A003965,R12,profile_opened,2025-09-05 12:19
E0007785,A003965,R03,ai_score_viewed,2025-09-05 13:00
E0007786,A003966,R03,profile_opened,2026-04-13 16:06
E0007787,A003966,R01,ai_score_viewed,2026-04-13 16:16
E0007788,A003966,R08,shortlisted,2026-04-14 00:26
E0007789,A003967,R04,profile_opened,2026-01-02 08:30
E0007790,A003967,R11,ai_score_viewed,2026-01-02 08:55
E0007791,A003968,R12,profile_opened,2026-01-23 07:18
E0007792,A003968,R04,shortlisted,2026-01-23 14:03
E0007793,A003969,R11,profile_opened,2026-07-12 05:28
E0007794,A003969,R07,ai_score_viewed,2026-07-12 06:22
E0007795,A003970,R05,profile_opened,2026-03-30 17:40
E0007796,A003970,R03,ai_score_viewed,2026-03-30 18:04
E0007797,A003971,R06,profile_opened,2025-09-07 02:59
E0007798,A003971,R01,ai_score_viewed,2025-09-07 03:51
E0007799,A003972,R12,profile_opened,2026-04-26 17:47
E0007800,A003973,R07,profile_opened,2025-12-29 07:23
E0007801,A003974,R12,shortlisted,2026-03-09 12:04
E0007802,A003975,R07,profile_opened,2026-03-07 09:41
E0007803,A003976,R02,profile_opened,2026-07-02 08:36
E0007804,A003976,R01,shortlisted,2026-07-02 14:55
E0007805,A003977,R12,profile_opened,2025-09-19 23:00
E0007806,A003977,R08,ai_score_viewed,2025-09-19 23:49
E0007807,A003978,R07,profile_opened,2026-07-19 06:27
E0007808,A003978,R06,ai_score_viewed,2026-07-19 06:38
E0007809,A003978,R11,shortlisted,2026-07-19 11:32
E0007810,A003979,R08,profile_opened,2025-09-13 20:24
E0007811,A003979,R06,ai_score_viewed,2025-09-13 20:31
E0007812,A003980,R12,ai_score_viewed,2026-06-28 09:30
E0007813,A003980,R09,shortlisted,2026-06-28 12:07
E0007814,A003981,R03,profile_opened,2026-07-03 05:23
E0007815,A003982,R11,profile_opened,2025-12-08 01:49
E0007816,A003983,R02,profile_opened,2026-01-15 23:01
E0007817,A003983,R08,ai_score_viewed,2026-01-15 23:12
E0007818,A003984,R11,profile_opened,2026-01-30 10:10
E0007819,A003984,R05,ai_score_viewed,2026-01-30 10:40
E0007820,A003984,R08,shortlisted,2026-01-30 17:20
E0007821,A003985,R10,profile_opened,2026-04-10 07:03
E0007822,A003986,R05,profile_opened,2026-01-11 08:47
E0007823,A003987,R09,profile_opened,2026-07-08 06:56
E0007824,A003987,R02,ai_score_viewed,2026-07-08 07:32
E0007825,A003988,R03,profile_opened,2026-06-16 22:45
E0007826,A003988,R12,ai_score_viewed,2026-06-16 23:30
E0007827,A003989,R11,profile_opened,2026-02-26 06:42
E0007828,A003989,R10,ai_score_viewed,2026-02-26 07:02
E0007829,A003989,R11,shortlisted,2026-02-26 13:15
E0007830,A003990,R04,profile_opened,2026-01-27 13:29
E0007831,A003991,R04,profile_opened,2025-10-09 06:43
E0007832,A003991,R11,ai_score_viewed,2025-10-09 06:45
E0007833,A003992,R04,profile_opened,2026-01-31 11:52
E0007834,A003992,R11,ai_score_viewed,2026-01-31 12:48
E0007835,A003993,R12,profile_opened,2026-04-22 00:37
E0007836,A003993,R02,ai_score_viewed,2026-04-22 01:09
E0007837,A003994,R06,profile_opened,2026-02-08 10:23
E0007838,A003994,R08,ai_score_viewed,2026-02-08 10:49
E0007839,A003994,R04,shortlisted,2026-02-08 13:43
E0007840,A003995,R09,profile_opened,2025-12-08 20:51
E0007841,A003995,R09,ai_score_viewed,2025-12-08 21:21
E0007842,A003995,R01,shortlisted,2025-12-09 03:01
E0007843,A003996,R07,profile_opened,2026-04-27 05:25
E0007844,A003996,R07,ai_score_viewed,2026-04-27 05:44
E0007845,A003997,R09,profile_opened,2025-12-31 00:41
E0007846,A003997,R10,ai_score_viewed,2025-12-31 00:45
E0007847,A003998,R10,profile_opened,2026-03-21 20:04
E0007848,A003998,R07,ai_score_viewed,2026-03-21 20:27
E0007849,A003999,R03,profile_opened,2026-07-06 14:40
E0007850,A003999,R11,ai_score_viewed,2026-07-06 15:32
E0007851,A003999,R05,shortlisted,2026-07-06 17:52
E0007852,A004000,R10,profile_opened,2026-01-12 02:22
E0007853,A004000,R12,ai_score_viewed,2026-01-12 02:55
E0007854,A004000,R06,shortlisted,2026-01-12 09:24
E0007855,A004001,R08,profile_opened,2026-06-02 22:31
E0007856,A004001,R05,ai_score_viewed,2026-06-02 23:19
E0007857,A004001,R04,shortlisted,2026-06-02 23:35
E0007858,A004002,R03,profile_opened,2025-12-10 09:49
E0007859,A004002,R09,ai_score_viewed,2025-12-10 10:42
E0007860,A004003,R03,profile_opened,2025-11-18 11:50
E0007861,A004003,R05,ai_score_viewed,2025-11-18 12:37
E0007862,A004004,R11,profile_opened,2025-12-11 12:53
E0007863,A004004,R05,ai_score_viewed,2025-12-11 13:47
E0007864,A004005,R07,profile_opened,2026-06-29 01:33
E0007865,A004005,R05,ai_score_viewed,2026-06-29 01:49
E0007866,A004005,R09,shortlisted,2026-06-29 06:22
E0007867,A004006,R04,profile_opened,2026-03-25 22:37
E0007868,A004006,R01,ai_score_viewed,2026-03-25 23:17
E0007869,A004008,R05,profile_opened,2026-05-17 02:15
E0007870,A004008,R05,shortlisted,2026-05-17 03:17
E0007871,A004009,R07,profile_opened,2026-04-23 09:50
E0007872,A004010,R05,profile_opened,2025-10-18 17:12
E0007873,A004011,R12,profile_opened,2026-05-13 11:22
E0007874,A004011,R06,ai_score_viewed,2026-05-13 12:19
E0007875,A004011,R03,shortlisted,2026-05-13 13:59
E0007876,A004012,R04,profile_opened,2026-05-11 16:20
E0007877,A004012,R01,ai_score_viewed,2026-05-11 17:04
E0007878,A004013,R03,profile_opened,2026-05-20 03:35
E0007879,A004013,R11,shortlisted,2026-05-20 11:03
E0007880,A004014,R06,profile_opened,2026-01-07 16:03
E0007881,A004014,R12,ai_score_viewed,2026-01-07 16:46
E0007882,A004015,R07,profile_opened,2025-11-29 01:32
E0007883,A004015,R01,ai_score_viewed,2025-11-29 02:10
E0007884,A004015,R06,shortlisted,2025-11-29 05:07
E0007885,A004016,R08,profile_opened,2026-02-15 12:12
E0007886,A004017,R11,profile_opened,2026-05-23 05:57
E0007887,A004017,R05,shortlisted,2026-05-23 11:29
E0007888,A004018,R03,profile_opened,2026-03-06 12:55
E0007889,A004018,R02,ai_score_viewed,2026-03-06 12:58
E0007890,A004018,R06,shortlisted,2026-03-06 18:36
E0007891,A004019,R10,ai_score_viewed,2026-05-12 13:00
E0007892,A004020,R11,profile_opened,2026-01-01 21:05
E0007893,A004020,R12,ai_score_viewed,2026-01-01 21:45
E0007894,A004021,R11,profile_opened,2026-07-14 12:28
E0007895,A004022,R03,profile_opened,2026-07-14 05:37
E0007896,A004022,R03,ai_score_viewed,2026-07-14 06:14
E0007897,A004022,R01,shortlisted,2026-07-14 11:59
E0007898,A004023,R06,profile_opened,2026-03-01 17:07
E0007899,A004023,R10,ai_score_viewed,2026-03-01 17:29
E0007900,A004024,R09,shortlisted,2025-09-11 20:15
E0007901,A004025,R06,profile_opened,2026-03-02 15:30
E0007902,A004025,R11,shortlisted,2026-03-02 17:49
E0007903,A004026,R03,profile_opened,2026-03-08 03:37
E0007904,A004026,R06,ai_score_viewed,2026-03-08 04:16
E0007905,A004026,R09,shortlisted,2026-03-08 10:27
E0007906,A004027,R11,profile_opened,2026-06-29 20:50
E0007907,A004028,R05,profile_opened,2026-04-10 19:08
E0007908,A004028,R01,ai_score_viewed,2026-04-10 19:49
E0007909,A004028,R09,shortlisted,2026-04-11 01:49
E0007910,A004029,R03,profile_opened,2026-06-08 02:04
E0007911,A004030,R06,profile_opened,2025-10-20 21:10
E0007912,A004030,R08,ai_score_viewed,2025-10-20 21:20
E0007913,A004031,R08,profile_opened,2026-04-10 06:15
E0007914,A004031,R05,ai_score_viewed,2026-04-10 06:49
E0007915,A004031,R12,shortlisted,2026-04-10 10:56
E0007916,A004032,R08,profile_opened,2026-02-01 08:19
E0007917,A004032,R08,ai_score_viewed,2026-02-01 08:54
E0007918,A004033,R01,profile_opened,2025-11-22 23:02
E0007919,A004034,R09,profile_opened,2026-06-05 13:49
E0007920,A004035,R10,profile_opened,2025-12-14 11:46
E0007921,A004035,R02,ai_score_viewed,2025-12-14 12:13
E0007922,A004035,R04,shortlisted,2025-12-14 14:50
E0007923,A004036,R04,profile_opened,2025-10-16 09:49
E0007924,A004037,R11,profile_opened,2026-01-07 06:03
E0007925,A004037,R12,shortlisted,2026-01-07 11:15
E0007926,A004038,R04,profile_opened,2026-07-14 23:34
E0007927,A004038,R12,ai_score_viewed,2026-07-14 23:42
E0007928,A004038,R12,shortlisted,2026-07-15 08:44
E0007929,A004039,R07,profile_opened,2026-01-14 04:14
E0007930,A004040,R07,profile_opened,2026-04-06 04:51
E0007931,A004040,R09,ai_score_viewed,2026-04-06 04:57
E0007932,A004041,R05,profile_opened,2026-02-21 16:17
E0007933,A004041,R06,shortlisted,2026-02-21 18:07
E0007934,A004042,R03,profile_opened,2025-10-08 21:08
E0007935,A004042,R01,ai_score_viewed,2025-10-08 21:48
E0007936,A004042,R09,shortlisted,2025-10-09 04:10
E0007937,A004043,R02,profile_opened,2026-01-14 02:32
E0007938,A004043,R07,shortlisted,2026-01-14 04:15
E0007939,A004044,R09,profile_opened,2025-09-30 22:05
E0007940,A004045,R04,profile_opened,2025-11-21 15:42
E0007941,A004045,R09,ai_score_viewed,2025-11-21 16:37
E0007942,A004046,R03,profile_opened,2025-10-09 01:50
E0007943,A004046,R06,ai_score_viewed,2025-10-09 01:54
E0007944,A004046,R11,shortlisted,2025-10-09 07:06
E0007945,A004047,R07,profile_opened,2026-01-20 11:02
E0007946,A004047,R07,ai_score_viewed,2026-01-20 11:49
E0007947,A004048,R01,profile_opened,2025-12-14 09:59
E0007948,A004048,R01,ai_score_viewed,2025-12-14 10:44
E0007949,A004049,R01,profile_opened,2026-02-18 11:00
E0007950,A004049,R04,ai_score_viewed,2026-02-18 11:15
E0007951,A004050,R10,profile_opened,2026-02-01 19:46
E0007952,A004050,R07,ai_score_viewed,2026-02-01 20:24
E0007953,A004051,R06,profile_opened,2026-02-05 03:30
E0007954,A004051,R07,ai_score_viewed,2026-02-05 03:49
E0007955,A004051,R01,shortlisted,2026-02-05 04:45
E0007956,A004052,R02,profile_opened,2025-09-30 06:15
E0007957,A004052,R04,shortlisted,2025-09-30 08:03
E0007958,A004053,R07,profile_opened,2026-04-04 17:44
E0007959,A004053,R02,shortlisted,2026-04-05 02:52
E0007960,A004054,R06,profile_opened,2026-04-25 17:57
E0007961,A004055,R09,ai_score_viewed,2025-12-23 05:53
E0007962,A004056,R09,profile_opened,2026-06-26 20:27
E0007963,A004057,R05,profile_opened,2026-04-02 03:51
E0007964,A004057,R12,ai_score_viewed,2026-04-02 04:06
E0007965,A004058,R07,profile_opened,2026-06-22 09:16
E0007966,A004058,R03,ai_score_viewed,2026-06-22 10:12
E0007967,A004058,R04,shortlisted,2026-06-22 11:42
E0007968,A004059,R07,profile_opened,2026-04-23 17:36
E0007969,A004059,R12,ai_score_viewed,2026-04-23 18:28
E0007970,A004059,R07,shortlisted,2026-04-23 21:19
E0007971,A004060,R12,profile_opened,2026-04-18 20:00
E0007972,A004060,R01,ai_score_viewed,2026-04-18 20:11
E0007973,A004060,R08,shortlisted,2026-04-19 04:34
E0007974,A004061,R02,profile_opened,2025-12-01 17:19
E0007975,A004061,R10,ai_score_viewed,2025-12-01 17:51
E0007976,A004062,R11,profile_opened,2026-04-13 06:11
E0007977,A004063,R03,profile_opened,2026-05-02 02:49
E0007978,A004063,R12,ai_score_viewed,2026-05-02 02:57
E0007979,A004064,R07,ai_score_viewed,2025-09-24 15:05
E0007980,A004064,R03,shortlisted,2025-09-24 22:31
E0007981,A004065,R09,profile_opened,2025-09-15 19:10
E0007982,A004065,R02,ai_score_viewed,2025-09-15 19:25
E0007983,A004065,R07,shortlisted,2025-09-16 00:12
E0007984,A004066,R02,ai_score_viewed,2025-09-09 16:27
E0007985,A004067,R04,profile_opened,2026-01-16 09:35
E0007986,A004067,R08,ai_score_viewed,2026-01-16 10:20
E0007987,A004068,R03,profile_opened,2025-09-13 16:15
E0007988,A004068,R03,ai_score_viewed,2025-09-13 17:00
E0007989,A004068,R06,shortlisted,2025-09-14 01:38
E0007990,A004069,R09,profile_opened,2025-09-05 13:23
E0007991,A004069,R06,ai_score_viewed,2025-09-05 13:24
E0007992,A004070,R09,profile_opened,2026-06-13 08:13
E0007993,A004070,R10,ai_score_viewed,2026-06-13 09:05
E0007994,A004070,R04,shortlisted,2026-06-13 15:02
E0007995,A004071,R02,ai_score_viewed,2025-10-03 16:05
E0007996,A004072,R12,profile_opened,2026-04-13 07:40
E0007997,A004073,R03,profile_opened,2026-07-12 08:32
E0007998,A004074,R07,profile_opened,2026-04-03 03:50
E0007999,A004074,R10,ai_score_viewed,2026-04-03 04:20
E0008000,A004075,R12,profile_opened,2026-02-04 22:40
E0008001,A004076,R04,profile_opened,2026-03-19 02:07
E0008002,A004076,R06,ai_score_viewed,2026-03-19 02:48
E0008003,A004076,R04,shortlisted,2026-03-19 06:16
E0008004,A004077,R03,profile_opened,2025-12-15 05:12
E0008005,A004077,R10,ai_score_viewed,2025-12-15 05:36
E0008006,A004077,R08,shortlisted,2025-12-15 14:17
E0008007,A004078,R11,profile_opened,2026-01-11 03:31
E0008008,A004078,R12,ai_score_viewed,2026-01-11 03:59
E0008009,A004079,R06,profile_opened,2025-12-28 20:57
E0008010,A004079,R05,ai_score_viewed,2025-12-28 21:52
E0008011,A004080,R06,profile_opened,2026-05-02 01:18
E0008012,A004080,R07,ai_score_viewed,2026-05-02 01:55
E0008013,A004080,R10,shortlisted,2026-05-02 10:16
E0008014,A004081,R04,profile_opened,2026-02-15 23:15
E0008015,A004081,R09,ai_score_viewed,2026-02-15 23:49
E0008016,A004082,R08,profile_opened,2026-04-02 03:55
E0008017,A004084,R11,profile_opened,2026-03-29 13:55
E0008018,A004084,R06,ai_score_viewed,2026-03-29 14:38
E0008019,A004084,R09,shortlisted,2026-03-29 20:39
E0008020,A004085,R12,profile_opened,2026-07-19 03:37
E0008021,A004086,R02,profile_opened,2025-11-25 16:12
E0008022,A004086,R05,ai_score_viewed,2025-11-25 16:28
E0008023,A004087,R03,profile_opened,2026-03-18 11:02
E0008024,A004087,R12,ai_score_viewed,2026-03-18 11:09
E0008025,A004087,R05,shortlisted,2026-03-18 20:02
E0008026,A004088,R02,profile_opened,2026-02-16 04:51
E0008027,A004089,R12,profile_opened,2026-02-24 10:58
E0008028,A004089,R07,ai_score_viewed,2026-02-24 11:12
E0008029,A004089,R11,shortlisted,2026-02-24 18:21
E0008030,A004090,R02,profile_opened,2026-01-24 06:52
E0008031,A004090,R08,shortlisted,2026-01-24 12:25
E0008032,A004091,R10,profile_opened,2026-01-02 20:07
E0008033,A004091,R03,ai_score_viewed,2026-01-02 20:59
E0008034,A004091,R01,shortlisted,2026-01-03 03:50
E0008035,A004092,R06,profile_opened,2026-06-27 19:05
E0008036,A004092,R12,ai_score_viewed,2026-06-27 19:12
E0008037,A004093,R08,profile_opened,2026-06-10 11:14
E0008038,A004094,R08,ai_score_viewed,2025-10-18 14:37
E0008039,A004094,R04,shortlisted,2025-10-18 23:42
E0008040,A004095,R09,profile_opened,2026-02-04 23:01
E0008041,A004095,R05,ai_score_viewed,2026-02-04 23:21
E0008042,A004095,R11,shortlisted,2026-02-05 03:51
E0008043,A004096,R05,shortlisted,2026-05-10 07:30
E0008044,A004097,R06,profile_opened,2025-09-26 00:04
E0008045,A004098,R07,profile_opened,2026-02-04 14:55
E0008046,A004098,R09,ai_score_viewed,2026-02-04 15:51
E0008047,A004098,R02,shortlisted,2026-02-04 22:17
E0008048,A004099,R10,profile_opened,2025-10-20 18:19
E0008049,A004099,R01,ai_score_viewed,2025-10-20 18:47
E0008050,A004100,R08,profile_opened,2025-11-25 19:29
E0008051,A004100,R04,ai_score_viewed,2025-11-25 20:00
E0008052,A004100,R10,shortlisted,2025-11-26 04:07
E0008053,A004101,R08,profile_opened,2025-09-20 23:42
E0008054,A004102,R08,profile_opened,2026-07-02 22:02
E0008055,A004102,R08,shortlisted,2026-07-03 03:18
E0008056,A004103,R03,ai_score_viewed,2025-10-03 02:10
E0008057,A004103,R12,shortlisted,2025-10-03 05:41
E0008058,A004104,R12,profile_opened,2026-03-10 09:43
E0008059,A004104,R06,ai_score_viewed,2026-03-10 09:52
E0008060,A004105,R07,profile_opened,2026-07-20 04:44
E0008061,A004105,R04,ai_score_viewed,2026-07-20 05:24
E0008062,A004105,R05,shortlisted,2026-07-20 12:01
E0008063,A004106,R08,profile_opened,2026-06-30 17:00
E0008064,A004106,R11,ai_score_viewed,2026-06-30 17:06
E0008065,A004107,R02,ai_score_viewed,2026-06-18 01:49
E0008066,A004107,R02,shortlisted,2026-06-18 05:39
E0008067,A004108,R05,profile_opened,2026-06-04 22:23
E0008068,A004109,R02,profile_opened,2025-09-05 23:28
E0008069,A004109,R12,ai_score_viewed,2025-09-05 23:52
E0008070,A004110,R10,profile_opened,2025-09-20 04:41
E0008071,A004111,R02,profile_opened,2026-05-28 18:52
E0008072,A004111,R08,ai_score_viewed,2026-05-28 19:24
E0008073,A004112,R08,profile_opened,2025-11-30 19:54
E0008074,A004112,R03,ai_score_viewed,2025-11-30 20:08
E0008075,A004113,R11,profile_opened,2025-09-29 05:47
E0008076,A004113,R12,ai_score_viewed,2025-09-29 06:23
E0008077,A004114,R07,profile_opened,2025-11-30 12:14
E0008078,A004115,R07,profile_opened,2026-07-16 17:08
E0008079,A004116,R12,profile_opened,2025-12-25 19:05
E0008080,A004117,R11,profile_opened,2026-01-26 19:02
E0008081,A004117,R04,ai_score_viewed,2026-01-26 19:20
E0008082,A004118,R12,profile_opened,2025-10-10 10:01
E0008083,A004118,R02,ai_score_viewed,2025-10-10 10:18
E0008084,A004119,R03,profile_opened,2026-02-06 08:37
E0008085,A004119,R10,ai_score_viewed,2026-02-06 09:08
E0008086,A004120,R03,profile_opened,2026-04-01 11:29
E0008087,A004121,R12,profile_opened,2026-07-15 10:30
E0008088,A004121,R01,ai_score_viewed,2026-07-15 10:39
E0008089,A004122,R01,profile_opened,2026-02-17 13:55
E0008090,A004122,R03,ai_score_viewed,2026-02-17 14:03
E0008091,A004122,R01,shortlisted,2026-02-17 14:57
E0008092,A004123,R09,profile_opened,2026-02-15 04:01
E0008093,A004123,R01,shortlisted,2026-02-15 11:05
E0008094,A004124,R09,profile_opened,2025-10-23 23:09
E0008095,A004125,R05,profile_opened,2026-04-19 12:30
E0008096,A004125,R10,shortlisted,2026-04-19 14:55
E0008097,A004126,R01,profile_opened,2026-06-04 03:48
E0008098,A004127,R05,profile_opened,2025-10-12 10:20
E0008099,A004127,R06,ai_score_viewed,2025-10-12 11:00
E0008100,A004128,R12,profile_opened,2026-06-10 02:30
E0008101,A004129,R03,profile_opened,2026-01-21 00:03
E0008102,A004129,R12,ai_score_viewed,2026-01-21 00:41
E0008103,A004130,R02,profile_opened,2026-01-01 11:59
E0008104,A004130,R04,ai_score_viewed,2026-01-01 12:32
E0008105,A004130,R07,shortlisted,2026-01-01 19:52
E0008106,A004131,R05,profile_opened,2025-12-21 15:05
E0008107,A004131,R07,shortlisted,2025-12-21 19:34
E0008108,A004132,R06,profile_opened,2026-04-14 01:01
E0008109,A004132,R07,ai_score_viewed,2026-04-14 01:42
E0008110,A004133,R05,profile_opened,2026-04-27 09:22
E0008111,A004133,R04,shortlisted,2026-04-27 11:44
E0008112,A004134,R08,profile_opened,2026-01-17 17:19
E0008113,A004134,R04,shortlisted,2026-01-17 19:21
E0008114,A004135,R04,profile_opened,2026-04-17 19:55
E0008115,A004136,R06,ai_score_viewed,2026-03-14 00:09
E0008116,A004136,R11,shortlisted,2026-03-14 08:27
E0008117,A004137,R09,profile_opened,2026-07-27 20:03
E0008118,A004137,R11,ai_score_viewed,2026-07-27 20:47
E0008119,A004138,R07,profile_opened,2026-04-18 11:43
E0008120,A004138,R03,shortlisted,2026-04-18 12:59
E0008121,A004139,R08,profile_opened,2026-05-29 21:43
E0008122,A004140,R02,profile_opened,2026-01-28 03:03
E0008123,A004141,R12,profile_opened,2025-10-13 12:09
E0008124,A004141,R11,ai_score_viewed,2025-10-13 12:30
E0008125,A004141,R02,shortlisted,2025-10-13 21:45
E0008126,A004142,R02,profile_opened,2026-01-18 08:22
E0008127,A004142,R11,ai_score_viewed,2026-01-18 09:01
E0008128,A004143,R08,profile_opened,2025-09-02 19:10
E0008129,A004143,R08,ai_score_viewed,2025-09-02 19:49
E0008130,A004144,R02,profile_opened,2026-05-25 14:22
E0008131,A004145,R06,profile_opened,2026-07-24 02:15
E0008132,A004145,R04,ai_score_viewed,2026-07-24 02:45
E0008133,A004146,R07,profile_opened,2026-06-22 00:22
E0008134,A004146,R07,ai_score_viewed,2026-06-22 00:33
E0008135,A004147,R05,profile_opened,2026-07-20 03:16
E0008136,A004148,R11,profile_opened,2026-03-17 03:33
E0008137,A004148,R09,ai_score_viewed,2026-03-17 03:40
E0008138,A004149,R07,profile_opened,2026-06-14 08:29
E0008139,A004150,R02,profile_opened,2026-02-19 10:02
E0008140,A004151,R11,profile_opened,2026-07-23 21:18
E0008141,A004151,R09,ai_score_viewed,2026-07-23 21:33
E0008142,A004151,R06,shortlisted,2026-07-24 04:01
E0008143,A004152,R07,profile_opened,2025-12-18 14:50
E0008144,A004153,R11,shortlisted,2026-06-09 21:32
E0008145,A004154,R01,profile_opened,2025-11-26 21:17
E0008146,A004154,R05,ai_score_viewed,2025-11-26 21:37
E0008147,A004154,R09,shortlisted,2025-11-27 00:43
E0008148,A004155,R05,profile_opened,2026-04-26 10:40
E0008149,A004155,R10,ai_score_viewed,2026-04-26 11:25
E0008150,A004156,R01,profile_opened,2026-02-11 23:04
E0008151,A004157,R04,profile_opened,2025-10-29 08:05
E0008152,A004157,R07,ai_score_viewed,2025-10-29 09:03
E0008153,A004157,R02,shortlisted,2025-10-29 12:26
E0008154,A004158,R04,profile_opened,2025-09-11 05:37
E0008155,A004158,R10,shortlisted,2025-09-11 13:18
E0008156,A004159,R02,profile_opened,2026-05-14 11:23
E0008157,A004159,R12,ai_score_viewed,2026-05-14 11:32
E0008158,A004159,R08,shortlisted,2026-05-14 16:48
E0008159,A004160,R04,profile_opened,2026-06-06 17:26
E0008160,A004161,R10,ai_score_viewed,2026-07-21 06:08
E0008161,A004161,R01,shortlisted,2026-07-21 11:45
E0008162,A004162,R08,profile_opened,2026-04-12 05:25
E0008163,A004162,R02,ai_score_viewed,2026-04-12 05:38
E0008164,A004163,R12,profile_opened,2026-05-03 04:23
E0008165,A004163,R11,ai_score_viewed,2026-05-03 05:22
E0008166,A004164,R12,profile_opened,2025-10-11 00:33
E0008167,A004165,R02,profile_opened,2025-10-18 14:50
E0008168,A004166,R10,profile_opened,2026-07-19 05:31
E0008169,A004166,R07,ai_score_viewed,2026-07-19 06:02
E0008170,A004166,R12,shortlisted,2026-07-19 06:40
E0008171,A004167,R11,profile_opened,2026-04-25 12:44
E0008172,A004167,R03,ai_score_viewed,2026-04-25 13:24
E0008173,A004167,R11,shortlisted,2026-04-25 21:00
E0008174,A004168,R09,profile_opened,2026-02-16 04:35
E0008175,A004169,R05,profile_opened,2025-10-12 01:53
E0008176,A004169,R12,ai_score_viewed,2025-10-12 02:01
E0008177,A004169,R06,shortlisted,2025-10-12 09:08
E0008178,A004170,R03,profile_opened,2026-03-14 17:48
E0008179,A004170,R04,ai_score_viewed,2026-03-14 18:36
E0008180,A004171,R04,profile_opened,2025-09-02 04:58
E0008181,A004171,R03,ai_score_viewed,2025-09-02 05:31
E0008182,A004172,R04,ai_score_viewed,2026-02-19 23:38
E0008183,A004172,R06,shortlisted,2026-02-20 02:56
E0008184,A004173,R10,profile_opened,2026-06-18 09:09
E0008185,A004173,R09,ai_score_viewed,2026-06-18 09:47
E0008186,A004174,R04,profile_opened,2025-10-14 00:21
E0008187,A004174,R10,shortlisted,2025-10-14 10:00
E0008188,A004175,R08,profile_opened,2026-02-05 05:06
E0008189,A004176,R09,profile_opened,2026-05-08 13:26
E0008190,A004176,R10,shortlisted,2026-05-08 14:26
E0008191,A004177,R05,profile_opened,2025-12-26 11:22
E0008192,A004177,R04,ai_score_viewed,2025-12-26 11:31
E0008193,A004177,R08,shortlisted,2025-12-26 17:38
E0008194,A004178,R06,profile_opened,2025-09-30 06:49
E0008195,A004178,R09,ai_score_viewed,2025-09-30 07:20
E0008196,A004179,R05,profile_opened,2025-10-22 07:57
E0008197,A004179,R07,ai_score_viewed,2025-10-22 08:42
E0008198,A004180,R10,profile_opened,2026-06-24 16:19
E0008199,A004180,R03,ai_score_viewed,2026-06-24 16:29
E0008200,A004181,R06,profile_opened,2026-01-26 08:05
E0008201,A004181,R07,shortlisted,2026-01-26 18:02
E0008202,A004182,R07,profile_opened,2026-03-02 18:26
E0008203,A004182,R05,ai_score_viewed,2026-03-02 19:19
E0008204,A004183,R03,profile_opened,2026-06-05 18:35
E0008205,A004183,R08,ai_score_viewed,2026-06-05 18:37
E0008206,A004184,R07,profile_opened,2026-07-26 13:51
E0008207,A004184,R03,ai_score_viewed,2026-07-26 14:31
E0008208,A004185,R02,profile_opened,2026-01-26 23:04
E0008209,A004185,R01,ai_score_viewed,2026-01-26 23:26
E0008210,A004185,R09,shortlisted,2026-01-27 00:11
E0008211,A004186,R02,profile_opened,2025-11-28 19:21
E0008212,A004186,R12,ai_score_viewed,2025-11-28 19:22
E0008213,A004186,R07,shortlisted,2025-11-28 21:09
E0008214,A004187,R04,profile_opened,2026-02-10 12:31
E0008215,A004188,R02,profile_opened,2025-11-18 09:08
E0008216,A004188,R09,ai_score_viewed,2025-11-18 09:27
E0008217,A004188,R12,shortlisted,2025-11-18 12:30
E0008218,A004189,R05,profile_opened,2026-03-14 20:47
E0008219,A004189,R02,ai_score_viewed,2026-03-14 20:52
E0008220,A004190,R10,profile_opened,2026-06-15 17:30
E0008221,A004190,R01,ai_score_viewed,2026-06-15 17:56
E0008222,A004190,R06,shortlisted,2026-06-15 21:19
E0008223,A004191,R01,ai_score_viewed,2025-12-01 18:27
E0008224,A004192,R02,profile_opened,2025-12-13 10:01
E0008225,A004192,R02,ai_score_viewed,2025-12-13 10:07
E0008226,A004193,R11,profile_opened,2026-04-18 03:44
E0008227,A004193,R07,ai_score_viewed,2026-04-18 04:28
E0008228,A004194,R05,shortlisted,2026-05-07 23:53
E0008229,A004195,R05,profile_opened,2025-12-13 16:36
E0008230,A004195,R06,ai_score_viewed,2025-12-13 17:32
E0008231,A004196,R10,profile_opened,2025-12-27 22:32
E0008232,A004197,R10,profile_opened,2026-01-08 01:48
E0008233,A004197,R03,ai_score_viewed,2026-01-08 02:47
E0008234,A004198,R03,profile_opened,2025-11-10 01:25
E0008235,A004198,R09,ai_score_viewed,2025-11-10 01:47
E0008236,A004199,R07,profile_opened,2026-07-19 05:03
E0008237,A004200,R12,profile_opened,2026-03-15 19:37
E0008238,A004201,R02,profile_opened,2026-04-01 16:19
E0008239,A004201,R10,ai_score_viewed,2026-04-01 16:22
E0008240,A004202,R11,profile_opened,2026-05-05 22:43
E0008241,A004203,R10,profile_opened,2026-06-30 00:48
E0008242,A004203,R01,ai_score_viewed,2026-06-30 01:35
E0008243,A004204,R10,profile_opened,2026-07-07 10:44
E0008244,A004204,R02,shortlisted,2026-07-07 18:34
E0008245,A004205,R06,profile_opened,2025-11-14 08:29
E0008246,A004205,R04,ai_score_viewed,2025-11-14 09:17
E0008247,A004205,R01,shortlisted,2025-11-14 11:57
E0008248,A004206,R09,profile_opened,2025-12-05 08:06
E0008249,A004206,R08,shortlisted,2025-12-05 11:40
E0008250,A004207,R01,profile_opened,2026-03-02 11:28
E0008251,A004207,R10,ai_score_viewed,2026-03-02 11:53
E0008252,A004208,R05,profile_opened,2025-10-15 19:48
E0008253,A004208,R01,ai_score_viewed,2025-10-15 19:49
E0008254,A004209,R06,profile_opened,2026-04-29 04:56
E0008255,A004210,R01,profile_opened,2026-07-04 16:33
E0008256,A004210,R07,ai_score_viewed,2026-07-04 16:50
E0008257,A004210,R12,shortlisted,2026-07-04 22:43
E0008258,A004211,R06,profile_opened,2026-04-15 00:28
E0008259,A004211,R07,ai_score_viewed,2026-04-15 00:55
E0008260,A004212,R04,profile_opened,2025-10-24 06:31
E0008261,A004213,R03,ai_score_viewed,2025-12-28 05:42
E0008262,A004213,R01,shortlisted,2025-12-28 13:40
E0008263,A004214,R04,shortlisted,2026-06-22 13:03
E0008264,A004215,R05,profile_opened,2025-10-10 02:38
E0008265,A004215,R02,ai_score_viewed,2025-10-10 02:49
E0008266,A004216,R04,profile_opened,2026-04-03 18:56
E0008267,A004217,R07,profile_opened,2025-11-23 21:29
E0008268,A004217,R11,ai_score_viewed,2025-11-23 21:55
E0008269,A004217,R02,shortlisted,2025-11-24 06:39
E0008270,A004218,R03,profile_opened,2026-03-23 20:42
E0008271,A004218,R08,shortlisted,2026-03-23 22:24
E0008272,A004219,R12,profile_opened,2026-06-15 07:21
E0008273,A004220,R04,profile_opened,2025-11-27 05:08
E0008274,A004220,R01,ai_score_viewed,2025-11-27 06:00
E0008275,A004220,R03,shortlisted,2025-11-27 13:58
E0008276,A004221,R06,profile_opened,2025-11-04 17:39
E0008277,A004221,R12,ai_score_viewed,2025-11-04 18:22
E0008278,A004222,R04,ai_score_viewed,2026-05-30 22:42
E0008279,A004222,R05,shortlisted,2026-05-31 02:30
E0008280,A004223,R05,profile_opened,2026-03-11 16:33
E0008281,A004223,R08,ai_score_viewed,2026-03-11 17:20
E0008282,A004224,R04,profile_opened,2026-01-13 21:32
E0008283,A004225,R08,profile_opened,2026-02-20 03:55
E0008284,A004226,R05,profile_opened,2025-12-30 18:02
E0008285,A004226,R02,ai_score_viewed,2025-12-30 18:10
E0008286,A004227,R10,profile_opened,2026-04-05 20:51
E0008287,A004228,R05,profile_opened,2026-03-25 13:28
E0008288,A004228,R04,ai_score_viewed,2026-03-25 14:11
E0008289,A004229,R12,ai_score_viewed,2026-01-28 11:24
E0008290,A004229,R02,shortlisted,2026-01-28 14:35
E0008291,A004230,R11,profile_opened,2026-03-12 01:03
E0008292,A004230,R11,ai_score_viewed,2026-03-12 01:28
E0008293,A004231,R11,profile_opened,2026-04-30 03:47
E0008294,A004231,R05,ai_score_viewed,2026-04-30 04:36
E0008295,A004231,R11,shortlisted,2026-04-30 10:32
E0008296,A004232,R12,profile_opened,2026-03-11 08:15
E0008297,A004232,R03,ai_score_viewed,2026-03-11 09:04
E0008298,A004233,R09,profile_opened,2025-11-11 21:04
E0008299,A004233,R09,ai_score_viewed,2025-11-11 21:22
E0008300,A004234,R06,profile_opened,2026-05-26 19:29
E0008301,A004234,R10,ai_score_viewed,2026-05-26 20:24
E0008302,A004235,R03,profile_opened,2025-09-25 02:48
E0008303,A004235,R08,ai_score_viewed,2025-09-25 03:20
E0008304,A004235,R10,shortlisted,2025-09-25 09:06
E0008305,A004236,R01,profile_opened,2026-04-05 20:28
E0008306,A004236,R03,ai_score_viewed,2026-04-05 21:00
E0008307,A004236,R11,shortlisted,2026-04-06 00:25
E0008308,A004237,R04,profile_opened,2026-05-18 01:46
E0008309,A004237,R06,ai_score_viewed,2026-05-18 02:30
E0008310,A004238,R05,profile_opened,2026-02-02 05:30
E0008311,A004239,R08,profile_opened,2026-07-18 19:22
E0008312,A004239,R01,ai_score_viewed,2026-07-18 20:22
E0008313,A004240,R12,profile_opened,2025-10-20 16:26
E0008314,A004240,R07,shortlisted,2025-10-21 02:14
E0008315,A004241,R02,profile_opened,2026-03-17 12:52
E0008316,A004241,R03,shortlisted,2026-03-17 21:42
E0008317,A004242,R02,ai_score_viewed,2026-04-09 09:20
E0008318,A004243,R06,profile_opened,2025-10-28 00:05
E0008319,A004244,R05,profile_opened,2026-02-08 21:10
E0008320,A004244,R07,ai_score_viewed,2026-02-08 21:11
E0008321,A004245,R09,profile_opened,2025-10-23 14:06
E0008322,A004246,R02,profile_opened,2026-04-13 16:51
E0008323,A004247,R09,profile_opened,2025-10-15 21:34
E0008324,A004247,R10,ai_score_viewed,2025-10-15 22:29
E0008325,A004248,R11,profile_opened,2026-05-26 11:46
E0008326,A004248,R02,shortlisted,2026-05-26 19:05
E0008327,A004249,R05,profile_opened,2025-10-21 01:41
E0008328,A004249,R12,ai_score_viewed,2025-10-21 01:46
E0008329,A004250,R01,profile_opened,2026-04-15 02:20
E0008330,A004250,R11,ai_score_viewed,2026-04-15 02:31
E0008331,A004251,R04,profile_opened,2026-04-16 22:49
E0008332,A004251,R10,ai_score_viewed,2026-04-16 23:42
E0008333,A004252,R07,profile_opened,2026-02-02 12:54
E0008334,A004253,R02,profile_opened,2026-03-26 11:18
E0008335,A004253,R10,ai_score_viewed,2026-03-26 11:51
E0008336,A004253,R11,shortlisted,2026-03-26 20:07
E0008337,A004254,R07,profile_opened,2026-02-23 03:35
E0008338,A004254,R10,ai_score_viewed,2026-02-23 03:50
E0008339,A004255,R09,profile_opened,2026-07-22 02:42
E0008340,A004256,R04,profile_opened,2025-10-24 22:55
E0008341,A004256,R05,ai_score_viewed,2025-10-24 23:54
E0008342,A004256,R06,shortlisted,2025-10-25 03:32
E0008343,A004257,R09,profile_opened,2026-05-04 02:37
E0008344,A004257,R11,shortlisted,2026-05-04 05:51
E0008345,A004258,R08,ai_score_viewed,2025-09-15 02:49
E0008346,A004258,R05,shortlisted,2025-09-15 05:16
E0008347,A004259,R08,profile_opened,2025-12-14 03:04
E0008348,A004259,R10,ai_score_viewed,2025-12-14 03:09
E0008349,A004260,R12,profile_opened,2026-07-20 00:14
E0008350,A004260,R02,shortlisted,2026-07-20 07:14
E0008351,A004261,R02,profile_opened,2025-09-26 08:59
E0008352,A004261,R04,ai_score_viewed,2025-09-26 09:46
E0008353,A004262,R09,ai_score_viewed,2026-06-01 16:13
E0008354,A004263,R09,profile_opened,2026-04-04 18:49
E0008355,A004264,R08,profile_opened,2025-11-15 01:41
E0008356,A004264,R01,ai_score_viewed,2025-11-15 01:59
E0008357,A004264,R11,shortlisted,2025-11-15 06:53
E0008358,A004265,R10,profile_opened,2026-01-11 00:18
E0008359,A004265,R03,ai_score_viewed,2026-01-11 01:17
E0008360,A004265,R09,shortlisted,2026-01-11 04:49
E0008361,A004266,R03,profile_opened,2026-03-30 04:10
E0008362,A004266,R09,ai_score_viewed,2026-03-30 05:08
E0008363,A004267,R08,profile_opened,2025-11-22 21:59
E0008364,A004267,R11,ai_score_viewed,2025-11-22 22:09
E0008365,A004268,R01,profile_opened,2026-01-05 00:45
E0008366,A004268,R10,ai_score_viewed,2026-01-05 01:07
E0008367,A004268,R04,shortlisted,2026-01-05 10:08
E0008368,A004269,R11,profile_opened,2026-06-21 04:31
E0008369,A004269,R09,ai_score_viewed,2026-06-21 04:50
E0008370,A004270,R02,profile_opened,2026-04-30 05:27
E0008371,A004270,R03,shortlisted,2026-04-30 12:21
E0008372,A004271,R07,profile_opened,2026-07-01 19:40
E0008373,A004271,R10,shortlisted,2026-07-01 23:24
E0008374,A004272,R05,profile_opened,2026-05-11 12:09
E0008375,A004273,R04,shortlisted,2026-03-18 17:36
E0008376,A004274,R05,profile_opened,2026-02-24 23:46
E0008377,A004274,R04,ai_score_viewed,2026-02-25 00:19
E0008378,A004275,R10,ai_score_viewed,2026-01-08 02:14
E0008379,A004275,R07,shortlisted,2026-01-08 09:38
E0008380,A004276,R04,profile_opened,2026-02-24 16:40
E0008381,A004277,R02,shortlisted,2025-12-17 21:38
E0008382,A004278,R02,profile_opened,2026-03-01 11:40
E0008383,A004278,R10,ai_score_viewed,2026-03-01 12:18
E0008384,A004279,R12,profile_opened,2026-07-12 06:54
E0008385,A004279,R11,shortlisted,2026-07-12 12:14
E0008386,A004281,R12,profile_opened,2026-05-16 09:30
E0008387,A004281,R01,ai_score_viewed,2026-05-16 10:16
E0008388,A004282,R07,profile_opened,2025-09-17 15:44
E0008389,A004282,R03,ai_score_viewed,2025-09-17 16:11
E0008390,A004282,R08,shortlisted,2025-09-17 22:48
E0008391,A004283,R07,profile_opened,2025-11-28 00:24
E0008392,A004283,R06,ai_score_viewed,2025-11-28 01:23
E0008393,A004283,R04,shortlisted,2025-11-28 10:01
E0008394,A004284,R01,profile_opened,2026-06-08 00:39
E0008395,A004285,R02,profile_opened,2025-09-08 09:48
E0008396,A004285,R08,ai_score_viewed,2025-09-08 10:46
E0008397,A004285,R06,shortlisted,2025-09-08 12:31
E0008398,A004286,R11,profile_opened,2026-07-28 06:26
E0008399,A004286,R07,shortlisted,2026-07-28 09:18
E0008400,A004287,R06,profile_opened,2025-12-27 23:03
E0008401,A004288,R09,profile_opened,2025-11-23 18:08
E0008402,A004288,R03,ai_score_viewed,2025-11-23 18:32
E0008403,A004288,R08,shortlisted,2025-11-23 23:23
E0008404,A004289,R06,profile_opened,2026-07-22 08:34
E0008405,A004289,R07,ai_score_viewed,2026-07-22 08:40
E0008406,A004290,R05,profile_opened,2026-05-10 15:34
E0008407,A004290,R08,ai_score_viewed,2026-05-10 15:36
E0008408,A004290,R09,shortlisted,2026-05-10 21:03
E0008409,A004291,R06,profile_opened,2026-06-19 17:19
E0008410,A004291,R07,ai_score_viewed,2026-06-19 18:08
E0008411,A004291,R01,shortlisted,2026-06-19 18:20
E0008412,A004292,R07,profile_opened,2025-11-24 05:34
E0008413,A004292,R02,ai_score_viewed,2025-11-24 06:04
E0008414,A004294,R09,profile_opened,2026-05-12 02:52
E0008415,A004295,R12,profile_opened,2026-06-24 12:06
E0008416,A004296,R03,profile_opened,2025-11-25 23:08
E0008417,A004296,R01,ai_score_viewed,2025-11-25 23:53
E0008418,A004297,R06,profile_opened,2026-04-22 16:26
E0008419,A004297,R01,ai_score_viewed,2026-04-22 16:28
E0008420,A004297,R05,shortlisted,2026-04-23 01:34
E0008421,A004298,R09,profile_opened,2026-02-21 00:25
E0008422,A004298,R04,ai_score_viewed,2026-02-21 00:39
E0008423,A004299,R05,profile_opened,2025-09-21 23:18
E0008424,A004299,R01,shortlisted,2025-09-22 08:15
E0008425,A004300,R06,profile_opened,2026-04-27 05:27
E0008426,A004300,R01,ai_score_viewed,2026-04-27 06:17
E0008427,A004301,R04,profile_opened,2026-05-16 19:47
E0008428,A004301,R10,ai_score_viewed,2026-05-16 20:37
E0008429,A004301,R11,shortlisted,2026-05-17 01:47
E0008430,A004302,R04,profile_opened,2026-04-17 03:36
E0008431,A004303,R08,profile_opened,2026-02-18 08:06
E0008432,A004303,R08,ai_score_viewed,2026-02-18 08:55
E0008433,A004304,R10,profile_opened,2026-04-10 00:40
E0008434,A004304,R09,ai_score_viewed,2026-04-10 00:41
E0008435,A004305,R03,profile_opened,2026-06-17 02:36
E0008436,A004306,R05,shortlisted,2026-04-20 22:08
E0008437,A004307,R09,profile_opened,2026-05-27 08:34
E0008438,A004307,R09,ai_score_viewed,2026-05-27 08:42
E0008439,A004308,R12,profile_opened,2026-04-20 06:43
E0008440,A004309,R01,profile_opened,2025-11-03 04:28
E0008441,A004309,R05,ai_score_viewed,2025-11-03 05:09
E0008442,A004310,R04,profile_opened,2026-05-29 20:53
E0008443,A004311,R04,profile_opened,2026-05-11 18:54
E0008444,A004312,R04,ai_score_viewed,2025-11-26 11:03
E0008445,A004313,R05,profile_opened,2025-12-07 19:41
E0008446,A004313,R10,ai_score_viewed,2025-12-07 20:30
E0008447,A004314,R05,profile_opened,2026-07-26 05:19
E0008448,A004314,R07,ai_score_viewed,2026-07-26 05:36
E0008449,A004314,R05,shortlisted,2026-07-26 13:23
E0008450,A004315,R03,profile_opened,2025-10-05 09:34
E0008451,A004315,R06,ai_score_viewed,2025-10-05 10:23
E0008452,A004316,R10,profile_opened,2025-11-08 16:12
E0008453,A004316,R05,ai_score_viewed,2025-11-08 16:17
E0008454,A004317,R03,profile_opened,2026-01-26 05:05
E0008455,A004317,R12,shortlisted,2026-01-26 06:14
E0008456,A004318,R06,shortlisted,2026-07-06 04:14
E0008457,A004319,R05,profile_opened,2026-02-13 03:29
E0008458,A004319,R05,ai_score_viewed,2026-02-13 03:54
E0008459,A004320,R05,profile_opened,2025-10-22 08:27
E0008460,A004320,R07,ai_score_viewed,2025-10-22 08:28
E0008461,A004321,R06,profile_opened,2025-09-28 09:08
E0008462,A004321,R05,ai_score_viewed,2025-09-28 09:45
E0008463,A004322,R02,profile_opened,2025-12-15 09:08
E0008464,A004323,R09,profile_opened,2026-06-08 12:52
E0008465,A004323,R12,ai_score_viewed,2026-06-08 13:52
E0008466,A004324,R08,profile_opened,2026-05-01 18:36
E0008467,A004325,R11,profile_opened,2025-12-23 21:31
E0008468,A004325,R11,ai_score_viewed,2025-12-23 22:11
E0008469,A004326,R07,profile_opened,2026-05-03 00:19
E0008470,A004327,R10,profile_opened,2026-04-20 23:09
E0008471,A004327,R02,ai_score_viewed,2026-04-20 23:35
E0008472,A004328,R03,profile_opened,2026-05-21 23:25
E0008473,A004328,R12,ai_score_viewed,2026-05-21 23:50
E0008474,A004328,R09,shortlisted,2026-05-22 07:42
E0008475,A004329,R07,profile_opened,2025-09-22 03:36
E0008476,A004329,R07,ai_score_viewed,2025-09-22 04:25
E0008477,A004330,R10,profile_opened,2026-06-25 14:19
E0008478,A004330,R08,ai_score_viewed,2026-06-25 14:20
E0008479,A004330,R05,shortlisted,2026-06-25 17:34
E0008480,A004331,R07,profile_opened,2025-09-24 13:36
E0008481,A004331,R08,ai_score_viewed,2025-09-24 14:03
E0008482,A004332,R02,profile_opened,2026-07-06 03:56
E0008483,A004332,R01,ai_score_viewed,2026-07-06 04:26
E0008484,A004333,R03,profile_opened,2026-03-05 13:23
E0008485,A004333,R02,shortlisted,2026-03-05 18:23
E0008486,A004334,R09,profile_opened,2025-11-17 22:51
E0008487,A004334,R12,ai_score_viewed,2025-11-17 23:26
E0008488,A004335,R07,profile_opened,2025-11-09 01:20
E0008489,A004335,R06,ai_score_viewed,2025-11-09 01:45
E0008490,A004336,R03,profile_opened,2026-01-20 13:33
E0008491,A004336,R01,ai_score_viewed,2026-01-20 13:44
E0008492,A004336,R03,shortlisted,2026-01-20 17:27
E0008493,A004337,R09,profile_opened,2025-10-08 12:48
E0008494,A004337,R01,shortlisted,2025-10-08 14:02
E0008495,A004338,R08,profile_opened,2025-12-23 00:17
E0008496,A004339,R06,profile_opened,2026-07-02 08:02
E0008497,A004339,R12,ai_score_viewed,2026-07-02 08:45
E0008498,A004339,R05,shortlisted,2026-07-02 17:38
E0008499,A004340,R06,profile_opened,2026-05-21 20:58
E0008500,A004340,R02,ai_score_viewed,2026-05-21 21:30
E0008501,A004340,R09,shortlisted,2026-05-22 02:40
E0008502,A004341,R09,profile_opened,2025-10-11 09:32
E0008503,A004341,R04,ai_score_viewed,2025-10-11 09:56
E0008504,A004342,R05,profile_opened,2026-02-28 23:02
E0008505,A004342,R07,ai_score_viewed,2026-02-28 23:06
E0008506,A004342,R01,shortlisted,2026-03-01 06:45
E0008507,A004343,R06,profile_opened,2025-12-24 20:00
E0008508,A004343,R05,ai_score_viewed,2025-12-24 20:59
E0008509,A004344,R07,profile_opened,2025-09-23 16:34
E0008510,A004344,R11,ai_score_viewed,2025-09-23 17:06
E0008511,A004345,R05,profile_opened,2026-06-25 11:18
E0008512,A004345,R04,ai_score_viewed,2026-06-25 11:22
E0008513,A004346,R07,profile_opened,2026-02-28 04:46
E0008514,A004346,R01,ai_score_viewed,2026-02-28 05:32
E0008515,A004347,R06,profile_opened,2026-01-21 00:32
E0008516,A004348,R03,shortlisted,2026-07-04 01:30
E0008517,A004349,R03,profile_opened,2025-10-04 09:40
E0008518,A004349,R09,shortlisted,2025-10-04 15:12
E0008519,A004350,R09,profile_opened,2026-07-17 18:25
E0008520,A004350,R04,ai_score_viewed,2026-07-17 18:33
E0008521,A004350,R01,shortlisted,2026-07-17 22:15
E0008522,A004351,R06,profile_opened,2026-03-01 18:16
E0008523,A004351,R01,shortlisted,2026-03-01 23:10
E0008524,A004352,R12,profile_opened,2026-01-06 16:10
E0008525,A004352,R05,ai_score_viewed,2026-01-06 16:50
E0008526,A004352,R07,shortlisted,2026-01-06 20:08
E0008527,A004353,R04,profile_opened,2026-03-26 17:03
E0008528,A004353,R01,ai_score_viewed,2026-03-26 17:09
E0008529,A004354,R11,profile_opened,2026-04-02 23:25
E0008530,A004354,R01,shortlisted,2026-04-03 00:28
E0008531,A004355,R08,ai_score_viewed,2025-10-08 12:15
E0008532,A004355,R03,shortlisted,2025-10-08 19:34
E0008533,A004356,R09,shortlisted,2026-02-13 20:54
E0008534,A004357,R04,profile_opened,2026-05-14 07:05
E0008535,A004357,R10,ai_score_viewed,2026-05-14 07:20
E0008536,A004358,R11,profile_opened,2026-06-16 03:00
E0008537,A004358,R01,ai_score_viewed,2026-06-16 03:51
E0008538,A004358,R04,shortlisted,2026-06-16 09:34
E0008539,A004359,R03,profile_opened,2025-09-19 20:15
E0008540,A004360,R01,profile_opened,2025-11-29 04:50
E0008541,A004361,R01,profile_opened,2026-05-07 20:11
E0008542,A004361,R10,ai_score_viewed,2026-05-07 20:46
E0008543,A004362,R01,profile_opened,2026-07-11 05:42
E0008544,A004362,R12,shortlisted,2026-07-11 10:47
E0008545,A004363,R02,shortlisted,2026-03-29 14:31
E0008546,A004364,R12,profile_opened,2026-07-04 04:02
E0008547,A004365,R10,profile_opened,2026-05-19 22:29
E0008548,A004365,R01,ai_score_viewed,2026-05-19 22:30
E0008549,A004366,R10,profile_opened,2026-03-16 05:12
E0008550,A004366,R04,shortlisted,2026-03-16 06:36
E0008551,A004367,R08,profile_opened,2025-12-05 01:02
E0008552,A004368,R01,profile_opened,2026-04-25 10:09
E0008553,A004368,R10,shortlisted,2026-04-25 19:48
E0008554,A004369,R01,profile_opened,2026-03-27 09:25
E0008555,A004369,R04,ai_score_viewed,2026-03-27 10:22
E0008556,A004370,R02,profile_opened,2026-06-14 02:38
E0008557,A004371,R11,profile_opened,2025-10-18 18:44
E0008558,A004371,R05,shortlisted,2025-10-19 03:53
E0008559,A004372,R05,profile_opened,2025-12-13 16:44
E0008560,A004372,R10,ai_score_viewed,2025-12-13 17:34
E0008561,A004373,R03,profile_opened,2026-03-13 14:36
E0008562,A004373,R11,ai_score_viewed,2026-03-13 14:58
E0008563,A004374,R02,profile_opened,2025-10-25 08:08
E0008564,A004374,R08,ai_score_viewed,2025-10-25 08:20
E0008565,A004374,R07,shortlisted,2025-10-25 10:09
E0008566,A004375,R02,profile_opened,2026-01-09 05:26
E0008567,A004375,R09,shortlisted,2026-01-09 08:15
E0008568,A004376,R08,profile_opened,2026-04-10 21:48
E0008569,A004377,R06,profile_opened,2026-03-21 05:30
E0008570,A004378,R12,profile_opened,2025-09-20 04:57
E0008571,A004378,R04,ai_score_viewed,2025-09-20 05:12
E0008572,A004378,R01,shortlisted,2025-09-20 08:27
E0008573,A004379,R08,profile_opened,2026-01-01 13:08
E0008574,A004379,R05,ai_score_viewed,2026-01-01 13:19
E0008575,A004380,R10,profile_opened,2026-07-17 12:55
E0008576,A004381,R09,profile_opened,2025-09-24 00:28
E0008577,A004381,R05,ai_score_viewed,2025-09-24 00:58
E0008578,A004381,R01,shortlisted,2025-09-24 01:28
E0008579,A004382,R12,profile_opened,2025-10-13 05:02
E0008580,A004383,R11,profile_opened,2026-06-25 21:45
E0008581,A004383,R12,ai_score_viewed,2026-06-25 22:00
E0008582,A004384,R08,profile_opened,2026-04-29 13:31
E0008583,A004384,R05,ai_score_viewed,2026-04-29 13:49
E0008584,A004385,R08,profile_opened,2026-03-04 01:07
E0008585,A004385,R05,shortlisted,2026-03-04 02:28
E0008586,A004386,R01,profile_opened,2026-02-27 19:50
E0008587,A004386,R07,ai_score_viewed,2026-02-27 20:13
E0008588,A004387,R08,profile_opened,2025-11-28 07:59
E0008589,A004387,R12,ai_score_viewed,2025-11-28 08:57
E0008590,A004388,R05,profile_opened,2026-02-25 12:35
E0008591,A004389,R02,profile_opened,2026-01-28 03:53
E0008592,A004389,R09,ai_score_viewed,2026-01-28 04:29
E0008593,A004389,R06,shortlisted,2026-01-28 13:31
E0008594,A004390,R11,profile_opened,2026-02-17 07:49
E0008595,A004390,R10,ai_score_viewed,2026-02-17 07:52
E0008596,A004391,R08,profile_opened,2025-10-11 15:10
E0008597,A004391,R07,ai_score_viewed,2025-10-11 15:46
E0008598,A004392,R06,profile_opened,2026-06-13 13:29
E0008599,A004392,R03,ai_score_viewed,2026-06-13 14:17
E0008600,A004393,R01,profile_opened,2026-03-18 18:43
E0008601,A004393,R05,ai_score_viewed,2026-03-18 19:42
E0008602,A004393,R04,shortlisted,2026-03-18 21:03
E0008603,A004394,R03,profile_opened,2026-05-19 09:25
E0008604,A004394,R05,ai_score_viewed,2026-05-19 10:03
E0008605,A004395,R10,profile_opened,2026-05-20 14:19
E0008606,A004395,R06,ai_score_viewed,2026-05-20 15:16
E0008607,A004396,R09,profile_opened,2026-04-04 13:35
E0008608,A004396,R01,shortlisted,2026-04-04 18:28
E0008609,A004397,R06,profile_opened,2026-07-11 16:58
E0008610,A004397,R03,ai_score_viewed,2026-07-11 17:35
E0008611,A004397,R10,shortlisted,2026-07-11 18:46
E0008612,A004398,R02,profile_opened,2025-11-20 04:20
E0008613,A004399,R08,profile_opened,2026-02-16 23:57
E0008614,A004400,R05,profile_opened,2026-01-07 17:20
E0008615,A004400,R07,shortlisted,2026-01-08 03:02
E0008616,A004401,R06,profile_opened,2026-06-04 08:07
E0008617,A004401,R10,ai_score_viewed,2026-06-04 08:58
E0008618,A004401,R07,shortlisted,2026-06-04 17:21
E0008619,A004402,R09,profile_opened,2026-06-27 20:18
E0008620,A004402,R01,ai_score_viewed,2026-06-27 20:55
E0008621,A004403,R02,profile_opened,2025-12-28 18:02
E0008622,A004403,R05,ai_score_viewed,2025-12-28 18:35
E0008623,A004404,R11,profile_opened,2026-06-05 23:23
E0008624,A004404,R08,ai_score_viewed,2026-06-05 23:34
E0008625,A004405,R02,profile_opened,2026-07-18 04:34
E0008626,A004405,R02,ai_score_viewed,2026-07-18 05:29
E0008627,A004406,R08,profile_opened,2026-01-08 01:59
E0008628,A004406,R10,shortlisted,2026-01-08 09:19
E0008629,A004407,R03,profile_opened,2026-04-24 14:27
E0008630,A004408,R11,profile_opened,2025-10-11 22:13
E0008631,A004408,R05,ai_score_viewed,2025-10-11 22:15
E0008632,A004408,R10,shortlisted,2025-10-12 00:18
E0008633,A004409,R08,profile_opened,2026-01-07 04:24
E0008634,A004409,R03,ai_score_viewed,2026-01-07 04:47
E0008635,A004409,R09,shortlisted,2026-01-07 05:51
E0008636,A004410,R09,profile_opened,2026-01-05 11:59
E0008637,A004411,R02,profile_opened,2026-06-21 15:00
E0008638,A004411,R07,ai_score_viewed,2026-06-21 15:22
E0008639,A004412,R06,profile_opened,2026-06-27 14:26
E0008640,A004412,R12,ai_score_viewed,2026-06-27 15:11
E0008641,A004413,R03,profile_opened,2025-12-07 13:08
E0008642,A004414,R04,profile_opened,2026-01-10 17:38
E0008643,A004414,R03,ai_score_viewed,2026-01-10 17:42
E0008644,A004415,R06,profile_opened,2026-01-26 18:49
E0008645,A004415,R01,ai_score_viewed,2026-01-26 19:09
E0008646,A004416,R10,profile_opened,2026-01-28 10:50
E0008647,A004416,R08,ai_score_viewed,2026-01-28 11:00
E0008648,A004416,R09,shortlisted,2026-01-28 14:57
E0008649,A004417,R07,profile_opened,2026-06-09 02:33
E0008650,A004417,R04,ai_score_viewed,2026-06-09 03:30
E0008651,A004418,R10,profile_opened,2026-03-23 04:33
E0008652,A004418,R08,ai_score_viewed,2026-03-23 05:32
E0008653,A004419,R02,profile_opened,2026-01-28 18:36
E0008654,A004419,R08,ai_score_viewed,2026-01-28 18:59
E0008655,A004420,R01,profile_opened,2025-10-22 22:51
E0008656,A004421,R04,profile_opened,2026-06-14 14:45
E0008657,A004421,R11,ai_score_viewed,2026-06-14 15:28
E0008658,A004422,R11,profile_opened,2025-10-22 08:15
E0008659,A004422,R03,ai_score_viewed,2025-10-22 08:23
E0008660,A004423,R03,profile_opened,2025-09-20 05:55
E0008661,A004424,R09,profile_opened,2026-01-26 05:09
E0008662,A004424,R12,ai_score_viewed,2026-01-26 05:19
E0008663,A004425,R04,profile_opened,2026-04-16 16:50
E0008664,A004425,R01,ai_score_viewed,2026-04-16 17:07
E0008665,A004425,R05,shortlisted,2026-04-16 21:54
E0008666,A004426,R12,profile_opened,2026-05-17 16:46
E0008667,A004426,R04,ai_score_viewed,2026-05-17 16:48
E0008668,A004428,R04,profile_opened,2026-01-08 02:33
E0008669,A004428,R11,ai_score_viewed,2026-01-08 03:05
E0008670,A004428,R06,shortlisted,2026-01-08 11:24
E0008671,A004429,R04,profile_opened,2026-04-22 17:03
E0008672,A004430,R05,profile_opened,2026-01-22 08:29
E0008673,A004430,R10,ai_score_viewed,2026-01-22 09:06
E0008674,A004431,R05,shortlisted,2026-04-25 15:43
E0008675,A004432,R05,profile_opened,2026-06-08 14:17
E0008676,A004432,R01,ai_score_viewed,2026-06-08 15:16
E0008677,A004432,R03,shortlisted,2026-06-08 18:47
E0008678,A004433,R04,profile_opened,2026-05-05 03:51
E0008679,A004433,R04,ai_score_viewed,2026-05-05 04:04
E0008680,A004433,R10,shortlisted,2026-05-05 13:37
E0008681,A004434,R06,profile_opened,2026-04-07 15:22
E0008682,A004435,R04,ai_score_viewed,2026-03-15 08:49
E0008683,A004436,R02,profile_opened,2026-07-19 05:46
E0008684,A004436,R12,ai_score_viewed,2026-07-19 06:42
E0008685,A004436,R08,shortlisted,2026-07-19 08:41
E0008686,A004437,R07,profile_opened,2025-11-02 10:59
E0008687,A004437,R04,ai_score_viewed,2025-11-02 11:51
E0008688,A004438,R06,profile_opened,2025-11-13 13:15
E0008689,A004438,R12,ai_score_viewed,2025-11-13 13:53
E0008690,A004438,R02,shortlisted,2025-11-13 14:21
E0008691,A004439,R01,profile_opened,2026-04-20 14:00
E0008692,A004439,R02,shortlisted,2026-04-20 17:35
E0008693,A004440,R10,profile_opened,2025-12-06 10:21
E0008694,A004440,R10,ai_score_viewed,2025-12-06 11:02
E0008695,A004441,R01,profile_opened,2026-03-25 12:13
E0008696,A004441,R03,ai_score_viewed,2026-03-25 12:23
E0008697,A004442,R12,profile_opened,2025-11-21 14:28
E0008698,A004443,R04,profile_opened,2025-09-25 04:54
E0008699,A004443,R01,ai_score_viewed,2025-09-25 04:57
E0008700,A004443,R11,shortlisted,2025-09-25 07:50
E0008701,A004444,R08,ai_score_viewed,2025-12-15 09:18
E0008702,A004444,R12,shortlisted,2025-12-15 10:32
E0008703,A004446,R12,profile_opened,2026-07-20 05:35
E0008704,A004447,R07,profile_opened,2025-09-16 06:26
E0008705,A004447,R12,ai_score_viewed,2025-09-16 06:56
E0008706,A004447,R06,shortlisted,2025-09-16 14:44
E0008707,A004448,R05,profile_opened,2026-01-17 09:22
E0008708,A004449,R08,profile_opened,2026-05-25 22:58
E0008709,A004449,R02,ai_score_viewed,2026-05-25 23:01
E0008710,A004450,R05,profile_opened,2025-11-07 22:56
E0008711,A004450,R08,ai_score_viewed,2025-11-07 23:18
E0008712,A004451,R08,profile_opened,2026-04-07 22:25
E0008713,A004451,R09,ai_score_viewed,2026-04-07 22:39
E0008714,A004452,R12,profile_opened,2026-01-18 22:09
E0008715,A004453,R10,profile_opened,2026-07-21 01:21
E0008716,A004453,R06,ai_score_viewed,2026-07-21 01:48
E0008717,A004454,R03,profile_opened,2026-03-05 02:28
E0008718,A004454,R04,shortlisted,2026-03-05 09:46
E0008719,A004455,R07,profile_opened,2025-10-18 01:02
E0008720,A004455,R10,ai_score_viewed,2025-10-18 01:21
E0008721,A004455,R03,shortlisted,2025-10-18 05:11
E0008722,A004456,R11,profile_opened,2026-07-04 07:31
E0008723,A004456,R12,ai_score_viewed,2026-07-04 08:14
E0008724,A004457,R05,profile_opened,2025-09-23 13:09
E0008725,A004457,R06,ai_score_viewed,2025-09-23 13:18
E0008726,A004458,R07,profile_opened,2026-07-09 02:26
E0008727,A004458,R10,ai_score_viewed,2026-07-09 02:57
E0008728,A004458,R08,shortlisted,2026-07-09 07:24
E0008729,A004459,R04,profile_opened,2026-06-06 23:34
E0008730,A004459,R04,ai_score_viewed,2026-06-07 00:16
E0008731,A004460,R12,profile_opened,2026-02-24 10:59
E0008732,A004461,R06,profile_opened,2026-06-26 08:01
E0008733,A004461,R08,ai_score_viewed,2026-06-26 08:16
E0008734,A004462,R09,profile_opened,2026-05-01 19:15
E0008735,A004462,R12,shortlisted,2026-05-02 02:59
E0008736,A004463,R05,profile_opened,2026-07-07 13:58
E0008737,A004464,R06,profile_opened,2026-04-23 01:10
E0008738,A004464,R04,shortlisted,2026-04-23 02:21
E0008739,A004465,R10,profile_opened,2026-04-10 12:02
E0008740,A004465,R12,ai_score_viewed,2026-04-10 12:19
E0008741,A004466,R08,profile_opened,2025-12-10 07:58
E0008742,A004466,R10,ai_score_viewed,2025-12-10 08:37
E0008743,A004467,R05,profile_opened,2026-07-06 07:53
E0008744,A004467,R01,ai_score_viewed,2026-07-06 08:36
E0008745,A004467,R11,shortlisted,2026-07-06 09:16
E0008746,A004468,R11,profile_opened,2026-07-05 22:54
E0008747,A004468,R06,shortlisted,2026-07-06 01:11
E0008748,A004469,R09,profile_opened,2026-03-09 23:56
E0008749,A004469,R06,ai_score_viewed,2026-03-10 00:00
E0008750,A004470,R11,profile_opened,2025-11-30 14:13
E0008751,A004470,R10,ai_score_viewed,2025-11-30 14:19
E0008752,A004470,R06,shortlisted,2025-11-30 22:02
E0008753,A004471,R07,profile_opened,2026-02-17 14:44
E0008754,A004471,R09,shortlisted,2026-02-17 19:21
E0008755,A004472,R10,profile_opened,2025-11-13 15:04
E0008756,A004472,R02,ai_score_viewed,2025-11-13 15:56
E0008757,A004473,R01,profile_opened,2025-11-08 20:42
E0008758,A004473,R07,ai_score_viewed,2025-11-08 21:19
E0008759,A004474,R03,profile_opened,2026-01-25 10:21
E0008760,A004474,R08,ai_score_viewed,2026-01-25 10:36
E0008761,A004474,R02,shortlisted,2026-01-25 19:57
E0008762,A004475,R06,profile_opened,2025-10-30 17:46
E0008763,A004475,R07,shortlisted,2025-10-30 21:16
E0008764,A004476,R06,profile_opened,2026-06-18 09:35
E0008765,A004476,R01,ai_score_viewed,2026-06-18 10:11
E0008766,A004477,R07,profile_opened,2026-02-13 23:43
E0008767,A004477,R10,ai_score_viewed,2026-02-13 23:54
E0008768,A004478,R04,profile_opened,2026-03-11 14:51
E0008769,A004478,R07,shortlisted,2026-03-11 19:13
E0008770,A004479,R04,profile_opened,2025-12-07 14:20
E0008771,A004479,R06,ai_score_viewed,2025-12-07 15:19
E0008772,A004480,R07,profile_opened,2026-01-02 22:53
E0008773,A004480,R11,ai_score_viewed,2026-01-02 23:46
E0008774,A004482,R11,profile_opened,2025-09-30 09:44
E0008775,A004484,R02,profile_opened,2025-12-22 03:13
E0008776,A004484,R11,ai_score_viewed,2025-12-22 03:23
E0008777,A004484,R07,shortlisted,2025-12-22 08:38
E0008778,A004485,R08,profile_opened,2026-03-03 11:23
E0008779,A004485,R08,ai_score_viewed,2026-03-03 12:05
E0008780,A004485,R08,shortlisted,2026-03-03 16:00
E0008781,A004486,R05,profile_opened,2026-06-23 00:20
E0008782,A004486,R12,ai_score_viewed,2026-06-23 00:58
E0008783,A004487,R04,profile_opened,2026-06-22 05:19
E0008784,A004488,R06,profile_opened,2025-09-17 12:06
E0008785,A004488,R01,ai_score_viewed,2025-09-17 12:47
E0008786,A004489,R01,profile_opened,2026-02-27 11:32
E0008787,A004489,R06,ai_score_viewed,2026-02-27 11:48
E0008788,A004489,R12,shortlisted,2026-02-27 21:17
E0008789,A004490,R01,profile_opened,2026-02-11 11:21
E0008790,A004490,R05,ai_score_viewed,2026-02-11 12:00
E0008791,A004490,R10,shortlisted,2026-02-11 18:58
E0008792,A004491,R06,profile_opened,2026-01-18 17:12
E0008793,A004491,R10,ai_score_viewed,2026-01-18 18:03
E0008794,A004492,R12,profile_opened,2026-03-25 05:51
E0008795,A004492,R03,ai_score_viewed,2026-03-25 06:31
E0008796,A004492,R12,shortlisted,2026-03-25 07:37
E0008797,A004493,R04,profile_opened,2025-12-21 07:27
E0008798,A004493,R02,ai_score_viewed,2025-12-21 08:10
E0008799,A004494,R06,profile_opened,2025-11-25 07:57
E0008800,A004494,R12,ai_score_viewed,2025-11-25 08:42
E0008801,A004494,R05,shortlisted,2025-11-25 11:51
E0008802,A004495,R02,profile_opened,2026-05-11 03:42
E0008803,A004495,R12,ai_score_viewed,2026-05-11 04:13
E0008804,A004496,R10,profile_opened,2026-06-10 18:06
E0008805,A004496,R05,shortlisted,2026-06-11 01:26
E0008806,A004497,R08,profile_opened,2026-06-05 20:43
E0008807,A004497,R03,shortlisted,2026-06-05 22:54
E0008808,A004498,R10,profile_opened,2025-09-06 09:22
E0008809,A004498,R02,ai_score_viewed,2025-09-06 10:04
E0008810,A004498,R03,shortlisted,2025-09-06 18:31
E0008811,A004499,R01,profile_opened,2025-12-26 17:16
E0008812,A004499,R06,shortlisted,2025-12-27 00:00
E0008813,A004500,R05,profile_opened,2026-01-01 09:57
E0008814,A004500,R10,ai_score_viewed,2026-01-01 10:39
E0008815,A004500,R02,shortlisted,2026-01-01 19:42
E0008816,A004501,R04,profile_opened,2025-12-29 00:15
E0008817,A004501,R08,ai_score_viewed,2025-12-29 01:13
E0008818,A004501,R03,shortlisted,2025-12-29 02:50
E0008819,A004502,R01,profile_opened,2025-12-10 16:54
E0008820,A004502,R12,ai_score_viewed,2025-12-10 17:07
E0008821,A004502,R02,shortlisted,2025-12-11 00:12
E0008822,A004503,R02,profile_opened,2026-03-05 00:40
E0008823,A004504,R04,profile_opened,2026-07-12 17:38
E0008824,A004504,R08,shortlisted,2026-07-12 23:03
E0008825,A004505,R01,profile_opened,2026-07-26 19:16
E0008826,A004505,R10,ai_score_viewed,2026-07-26 19:58
E0008827,A004505,R06,shortlisted,2026-07-27 03:58
E0008828,A004506,R11,profile_opened,2025-10-06 11:56
E0008829,A004506,R04,ai_score_viewed,2025-10-06 12:46
E0008830,A004507,R09,profile_opened,2025-12-30 11:53
E0008831,A004507,R09,ai_score_viewed,2025-12-30 12:26
E0008832,A004507,R06,shortlisted,2025-12-30 14:21
E0008833,A004508,R07,profile_opened,2025-10-16 10:25
E0008834,A004509,R10,profile_opened,2025-12-31 15:51
E0008835,A004509,R09,ai_score_viewed,2025-12-31 16:14
E0008836,A004509,R02,shortlisted,2025-12-31 19:50
E0008837,A004510,R02,profile_opened,2025-09-26 23:58
E0008838,A004510,R12,ai_score_viewed,2025-09-27 00:05
E0008839,A004510,R02,shortlisted,2025-09-27 03:38
E0008840,A004511,R08,ai_score_viewed,2026-03-27 06:23
E0008841,A004512,R02,profile_opened,2026-03-12 21:01
E0008842,A004512,R05,shortlisted,2026-03-13 02:31
E0008843,A004513,R10,profile_opened,2025-09-26 02:06
E0008844,A004513,R07,ai_score_viewed,2025-09-26 02:41
E0008845,A004514,R11,profile_opened,2026-02-15 23:23
E0008846,A004515,R05,profile_opened,2026-02-08 04:50
E0008847,A004515,R07,ai_score_viewed,2026-02-08 05:45
E0008848,A004516,R12,profile_opened,2026-05-05 17:01
E0008849,A004517,R08,profile_opened,2026-04-10 10:37
E0008850,A004517,R04,ai_score_viewed,2026-04-10 11:07
E0008851,A004517,R04,shortlisted,2026-04-10 20:25
E0008852,A004518,R10,profile_opened,2026-03-07 17:51
E0008853,A004518,R09,shortlisted,2026-03-07 22:50
E0008854,A004519,R11,profile_opened,2026-05-08 22:32
E0008855,A004519,R05,shortlisted,2026-05-09 01:45
E0008856,A004520,R07,profile_opened,2025-11-28 06:08
E0008857,A004520,R11,ai_score_viewed,2025-11-28 06:44
E0008858,A004520,R04,shortlisted,2025-11-28 15:53
E0008859,A004521,R11,profile_opened,2026-05-26 15:59
E0008860,A004521,R05,ai_score_viewed,2026-05-26 16:25
E0008861,A004521,R10,shortlisted,2026-05-27 00:20
E0008862,A004522,R07,profile_opened,2026-07-28 05:24
E0008863,A004523,R11,profile_opened,2026-06-14 07:50
E0008864,A004523,R04,ai_score_viewed,2026-06-14 08:13
E0008865,A004523,R05,shortlisted,2026-06-14 13:33
E0008866,A004524,R11,profile_opened,2026-05-27 23:53
E0008867,A004524,R01,shortlisted,2026-05-28 06:03
E0008868,A004525,R06,profile_opened,2026-02-28 21:41
E0008869,A004525,R01,ai_score_viewed,2026-02-28 22:32
E0008870,A004526,R11,profile_opened,2025-12-31 14:37
E0008871,A004526,R05,ai_score_viewed,2025-12-31 15:02
E0008872,A004527,R03,profile_opened,2026-02-12 09:12
E0008873,A004527,R01,ai_score_viewed,2026-02-12 09:51
E0008874,A004527,R12,shortlisted,2026-02-12 17:56
E0008875,A004528,R11,profile_opened,2026-07-15 23:59
E0008876,A004529,R02,profile_opened,2026-02-03 14:25
E0008877,A004529,R04,shortlisted,2026-02-03 22:53
E0008878,A004530,R04,profile_opened,2026-05-07 13:09
E0008879,A004530,R08,ai_score_viewed,2026-05-07 13:37
E0008880,A004530,R12,shortlisted,2026-05-07 22:02
E0008881,A004531,R06,profile_opened,2026-05-25 00:18
E0008882,A004532,R12,profile_opened,2026-05-19 11:30
E0008883,A004532,R03,ai_score_viewed,2026-05-19 12:24
E0008884,A004532,R02,shortlisted,2026-05-19 20:52
E0008885,A004533,R10,profile_opened,2026-03-18 03:03
E0008886,A004533,R03,ai_score_viewed,2026-03-18 03:20
E0008887,A004533,R05,shortlisted,2026-03-18 07:03
E0008888,A004534,R08,profile_opened,2026-06-16 14:50
E0008889,A004535,R07,profile_opened,2026-07-11 13:38
E0008890,A004535,R07,ai_score_viewed,2026-07-11 13:46
E0008891,A004536,R12,profile_opened,2026-04-12 07:39
E0008892,A004537,R02,profile_opened,2025-10-16 15:35
E0008893,A004537,R11,ai_score_viewed,2025-10-16 16:21
E0008894,A004538,R02,profile_opened,2025-12-25 10:25
E0008895,A004538,R03,ai_score_viewed,2025-12-25 11:12
E0008896,A004539,R06,profile_opened,2026-01-28 04:39
E0008897,A004539,R07,shortlisted,2026-01-28 10:39
E0008898,A004540,R08,profile_opened,2025-12-08 08:04
E0008899,A004540,R06,ai_score_viewed,2025-12-08 08:11
E0008900,A004540,R11,shortlisted,2025-12-08 10:05
E0008901,A004541,R08,profile_opened,2026-06-04 02:29
E0008902,A004542,R02,profile_opened,2026-02-20 07:55
E0008903,A004543,R09,profile_opened,2026-03-03 01:04
E0008904,A004543,R09,ai_score_viewed,2026-03-03 01:35
E0008905,A004544,R01,profile_opened,2026-04-19 17:31
E0008906,A004544,R01,shortlisted,2026-04-20 01:43
E0008907,A004545,R01,profile_opened,2025-11-29 14:54
E0008908,A004546,R07,profile_opened,2026-03-17 14:33
E0008909,A004547,R06,profile_opened,2026-07-28 02:58
E0008910,A004548,R05,profile_opened,2026-06-29 05:26
E0008911,A004548,R10,shortlisted,2026-06-29 10:03
E0008912,A004549,R12,profile_opened,2026-03-05 16:37
E0008913,A004550,R09,profile_opened,2025-11-07 19:25
E0008914,A004550,R05,ai_score_viewed,2025-11-07 19:30
E0008915,A004550,R11,shortlisted,2025-11-07 21:04
E0008916,A004551,R03,profile_opened,2026-02-17 03:58
E0008917,A004551,R02,ai_score_viewed,2026-02-17 04:16
E0008918,A004552,R07,profile_opened,2025-11-02 22:21
E0008919,A004552,R11,ai_score_viewed,2025-11-02 22:52
E0008920,A004552,R01,shortlisted,2025-11-03 02:39
E0008921,A004553,R01,profile_opened,2026-05-28 05:14
E0008922,A004553,R04,shortlisted,2026-05-28 09:17
E0008923,A004554,R02,profile_opened,2026-01-19 03:40
E0008924,A004554,R08,shortlisted,2026-01-19 07:44
E0008925,A004555,R12,profile_opened,2026-03-02 11:27
E0008926,A004555,R10,ai_score_viewed,2026-03-02 12:09
E0008927,A004556,R04,profile_opened,2026-06-09 05:32
E0008928,A004557,R06,profile_opened,2026-01-05 22:35
E0008929,A004557,R06,ai_score_viewed,2026-01-05 23:28
E0008930,A004558,R08,profile_opened,2025-12-08 13:40
E0008931,A004558,R12,ai_score_viewed,2025-12-08 13:44
E0008932,A004558,R01,shortlisted,2025-12-08 17:16
E0008933,A004559,R08,profile_opened,2026-04-27 15:24
E0008934,A004559,R05,shortlisted,2026-04-27 20:28
E0008935,A004560,R09,profile_opened,2026-03-03 11:58
E0008936,A004560,R07,ai_score_viewed,2026-03-03 12:44
E0008937,A004561,R03,profile_opened,2026-03-05 01:11
E0008938,A004561,R11,ai_score_viewed,2026-03-05 01:49
E0008939,A004561,R10,shortlisted,2026-03-05 03:18
E0008940,A004562,R01,profile_opened,2026-06-28 01:49
E0008941,A004562,R09,shortlisted,2026-06-28 03:45
E0008942,A004563,R06,profile_opened,2026-01-24 04:00
E0008943,A004563,R05,shortlisted,2026-01-24 06:11
E0008944,A004564,R09,profile_opened,2026-03-31 20:03
E0008945,A004564,R05,ai_score_viewed,2026-03-31 20:09
E0008946,A004564,R11,shortlisted,2026-04-01 01:54
E0008947,A004565,R11,profile_opened,2025-11-05 09:16
E0008948,A004565,R02,ai_score_viewed,2025-11-05 09:56
E0008949,A004566,R09,profile_opened,2026-03-12 23:48
E0008950,A004566,R12,shortlisted,2026-03-13 01:52
E0008951,A004567,R08,profile_opened,2026-04-16 20:28
E0008952,A004567,R02,ai_score_viewed,2026-04-16 20:41
E0008953,A004567,R06,shortlisted,2026-04-17 05:23
E0008954,A004568,R11,profile_opened,2025-10-31 14:28
E0008955,A004568,R07,ai_score_viewed,2025-10-31 14:41
E0008956,A004569,R11,profile_opened,2025-11-04 18:07
E0008957,A004569,R12,ai_score_viewed,2025-11-04 18:38
E0008958,A004570,R04,profile_opened,2025-09-13 08:22
E0008959,A004571,R08,profile_opened,2026-05-10 14:20
E0008960,A004571,R02,shortlisted,2026-05-10 19:27
E0008961,A004572,R06,profile_opened,2026-05-04 13:22
E0008962,A004572,R07,ai_score_viewed,2026-05-04 13:48
E0008963,A004572,R04,shortlisted,2026-05-04 19:01
E0008964,A004573,R11,profile_opened,2026-01-15 13:24
E0008965,A004573,R05,shortlisted,2026-01-15 14:46
E0008966,A004574,R08,profile_opened,2026-03-31 00:19
E0008967,A004574,R08,shortlisted,2026-03-31 04:22
E0008968,A004575,R03,profile_opened,2026-07-11 05:42
E0008969,A004575,R02,shortlisted,2026-07-11 12:02
E0008970,A004576,R10,profile_opened,2026-07-20 10:06
E0008971,A004576,R01,shortlisted,2026-07-20 14:29
E0008972,A004577,R12,profile_opened,2026-04-06 04:21
E0008973,A004577,R01,ai_score_viewed,2026-04-06 04:42
E0008974,A004577,R11,shortlisted,2026-04-06 12:19
E0008975,A004578,R01,profile_opened,2026-04-29 15:47
E0008976,A004579,R04,profile_opened,2025-11-19 21:06
E0008977,A004579,R06,ai_score_viewed,2025-11-19 21:39
E0008978,A004579,R11,shortlisted,2025-11-20 04:59
E0008979,A004580,R03,profile_opened,2026-07-12 15:25
E0008980,A004581,R11,profile_opened,2026-01-03 17:12
E0008981,A004581,R05,ai_score_viewed,2026-01-03 17:50
E0008982,A004582,R11,profile_opened,2026-06-16 12:44
E0008983,A004582,R02,ai_score_viewed,2026-06-16 13:03
E0008984,A004583,R01,profile_opened,2026-01-12 11:56
E0008985,A004583,R07,ai_score_viewed,2026-01-12 12:16
E0008986,A004583,R04,shortlisted,2026-01-12 17:50
E0008987,A004584,R02,profile_opened,2026-01-22 08:28
E0008988,A004585,R12,profile_opened,2026-02-11 13:38
E0008989,A004586,R02,profile_opened,2025-12-07 14:40
E0008990,A004587,R10,profile_opened,2026-06-09 08:26
E0008991,A004587,R05,ai_score_viewed,2026-06-09 08:27
E0008992,A004588,R05,profile_opened,2025-10-16 16:07
E0008993,A004588,R10,ai_score_viewed,2025-10-16 16:11
E0008994,A004589,R06,profile_opened,2025-10-27 16:47
E0008995,A004589,R04,ai_score_viewed,2025-10-27 17:07
E0008996,A004590,R08,profile_opened,2025-09-13 21:08
E0008997,A004590,R06,ai_score_viewed,2025-09-13 21:43
E0008998,A004591,R06,ai_score_viewed,2026-01-25 05:48
E0008999,A004591,R08,shortlisted,2026-01-25 08:04
E0009000,A004592,R10,profile_opened,2025-09-29 05:36
E0009001,A004592,R10,ai_score_viewed,2025-09-29 05:52
E0009002,A004593,R10,ai_score_viewed,2025-11-12 16:05
E0009003,A004594,R09,ai_score_viewed,2025-12-05 04:37
E0009004,A004595,R10,profile_opened,2026-01-22 01:25
E0009005,A004595,R08,ai_score_viewed,2026-01-22 02:03
E0009006,A004596,R03,ai_score_viewed,2026-03-18 17:33
E0009007,A004596,R04,shortlisted,2026-03-18 23:57
E0009008,A004597,R05,profile_opened,2025-10-08 08:42
E0009009,A004597,R11,ai_score_viewed,2025-10-08 09:12
E0009010,A004598,R03,profile_opened,2026-05-11 17:40
E0009011,A004599,R10,profile_opened,2026-03-05 06:17
E0009012,A004599,R11,ai_score_viewed,2026-03-05 06:56
E0009013,A004600,R02,profile_opened,2025-10-21 05:05
E0009014,A004600,R03,shortlisted,2025-10-21 14:33
E0009015,A004601,R11,profile_opened,2025-09-19 16:24
E0009016,A004601,R12,ai_score_viewed,2025-09-19 16:41
E0009017,A004601,R10,shortlisted,2025-09-19 22:25
E0009018,A004602,R05,profile_opened,2026-06-25 04:48
E0009019,A004602,R03,ai_score_viewed,2026-06-25 05:48
E0009020,A004604,R06,profile_opened,2025-11-08 23:58
E0009021,A004604,R07,shortlisted,2025-11-09 03:17
E0009022,A004605,R01,profile_opened,2026-04-13 07:19
E0009023,A004605,R12,shortlisted,2026-04-13 10:00
E0009024,A004606,R02,profile_opened,2026-03-02 19:58
E0009025,A004606,R05,ai_score_viewed,2026-03-02 20:08
E0009026,A004608,R12,profile_opened,2026-06-09 05:10
E0009027,A004609,R10,profile_opened,2026-06-24 08:36
E0009028,A004609,R02,ai_score_viewed,2026-06-24 09:10
E0009029,A004609,R02,shortlisted,2026-06-24 10:51
E0009030,A004610,R06,profile_opened,2026-01-15 18:17
E0009031,A004610,R03,ai_score_viewed,2026-01-15 19:02
E0009032,A004610,R04,shortlisted,2026-01-16 02:48
E0009033,A004611,R09,profile_opened,2026-06-05 04:26
E0009034,A004612,R11,profile_opened,2026-04-26 20:32
E0009035,A004612,R09,ai_score_viewed,2026-04-26 20:59
E0009036,A004612,R02,shortlisted,2026-04-26 22:19
E0009037,A004613,R11,profile_opened,2026-03-31 11:40
E0009038,A004613,R03,ai_score_viewed,2026-03-31 12:01
E0009039,A004613,R06,shortlisted,2026-03-31 19:54
E0009040,A004614,R11,profile_opened,2026-05-07 05:55
E0009041,A004614,R07,shortlisted,2026-05-07 14:18
E0009042,A004615,R04,profile_opened,2025-10-15 14:25
E0009043,A004615,R07,ai_score_viewed,2025-10-15 15:00
E0009044,A004616,R05,ai_score_viewed,2026-04-20 03:06
E0009045,A004616,R09,shortlisted,2026-04-20 07:54
E0009046,A004617,R07,profile_opened,2026-01-09 00:04
E0009047,A004617,R10,ai_score_viewed,2026-01-09 00:26
E0009048,A004617,R04,shortlisted,2026-01-09 09:13
E0009049,A004618,R12,profile_opened,2026-03-21 15:19
E0009050,A004618,R10,ai_score_viewed,2026-03-21 16:00
E0009051,A004619,R09,profile_opened,2026-02-27 03:41
E0009052,A004619,R01,shortlisted,2026-02-27 08:06
E0009053,A004620,R02,profile_opened,2026-01-10 16:54
E0009054,A004620,R02,shortlisted,2026-01-11 01:15
E0009055,A004621,R05,profile_opened,2026-02-12 00:31
E0009056,A004621,R08,ai_score_viewed,2026-02-12 01:08
E0009057,A004622,R03,profile_opened,2025-12-19 07:50
E0009058,A004622,R02,ai_score_viewed,2025-12-19 08:44
E0009059,A004623,R06,profile_opened,2026-01-05 04:08
E0009060,A004623,R04,ai_score_viewed,2026-01-05 04:57
E0009061,A004623,R04,shortlisted,2026-01-05 10:13
E0009062,A004624,R06,profile_opened,2025-09-20 10:44
E0009063,A004624,R07,shortlisted,2025-09-20 18:50
E0009064,A004625,R12,profile_opened,2025-12-13 04:55
E0009065,A004625,R06,ai_score_viewed,2025-12-13 04:56
E0009066,A004626,R03,profile_opened,2026-01-28 07:28
E0009067,A004626,R05,ai_score_viewed,2026-01-28 07:45
E0009068,A004627,R05,profile_opened,2026-06-28 14:31
E0009069,A004627,R10,ai_score_viewed,2026-06-28 15:01
E0009070,A004628,R06,profile_opened,2025-09-28 01:25
E0009071,A004628,R01,shortlisted,2025-09-28 10:28
E0009072,A004629,R06,profile_opened,2026-02-24 03:29
E0009073,A004630,R05,profile_opened,2026-03-17 13:07
E0009074,A004630,R08,shortlisted,2026-03-17 20:18
E0009075,A004631,R12,profile_opened,2025-10-27 14:53
E0009076,A004631,R06,ai_score_viewed,2025-10-27 15:18
E0009077,A004632,R05,profile_opened,2026-01-16 04:54
E0009078,A004632,R09,shortlisted,2026-01-16 09:57
E0009079,A004633,R04,profile_opened,2026-03-30 10:36
E0009080,A004634,R02,profile_opened,2026-04-06 06:35
E0009081,A004634,R06,ai_score_viewed,2026-04-06 07:26
E0009082,A004635,R09,profile_opened,2026-01-20 15:36
E0009083,A004635,R03,shortlisted,2026-01-20 20:19
E0009084,A004636,R09,ai_score_viewed,2026-03-15 02:30
E0009085,A004637,R01,profile_opened,2025-09-03 06:25
E0009086,A004637,R02,ai_score_viewed,2025-09-03 07:20
E0009087,A004638,R03,profile_opened,2026-07-09 21:31
E0009088,A004638,R06,ai_score_viewed,2026-07-09 22:19
E0009089,A004639,R04,profile_opened,2026-05-03 13:38
E0009090,A004639,R06,ai_score_viewed,2026-05-03 14:12
E0009091,A004640,R08,profile_opened,2026-03-05 16:50
E0009092,A004640,R11,ai_score_viewed,2026-03-05 17:38
E0009093,A004641,R05,profile_opened,2026-07-12 04:38
E0009094,A004641,R05,ai_score_viewed,2026-07-12 04:57
E0009095,A004642,R03,profile_opened,2026-01-05 10:45
E0009096,A004642,R10,ai_score_viewed,2026-01-05 10:52
E0009097,A004643,R09,profile_opened,2026-01-02 18:51
E0009098,A004644,R08,profile_opened,2025-09-12 11:42
E0009099,A004644,R10,ai_score_viewed,2025-09-12 12:26
E0009100,A004644,R06,shortlisted,2025-09-12 18:30
E0009101,A004645,R06,profile_opened,2025-11-05 07:36
E0009102,A004646,R06,profile_opened,2026-05-01 21:29
E0009103,A004646,R06,ai_score_viewed,2026-05-01 22:19
E0009104,A004647,R11,profile_opened,2026-06-06 07:49
E0009105,A004648,R03,profile_opened,2025-11-05 04:53
E0009106,A004648,R07,ai_score_viewed,2025-11-05 05:11
E0009107,A004649,R02,profile_opened,2026-05-15 12:42
E0009108,A004649,R06,shortlisted,2026-05-15 18:41
E0009109,A004650,R01,profile_opened,2026-01-11 09:48
E0009110,A004650,R05,ai_score_viewed,2026-01-11 10:28
E0009111,A004650,R02,shortlisted,2026-01-11 19:23
E0009112,A004651,R01,profile_opened,2025-12-23 09:52
E0009113,A004651,R02,ai_score_viewed,2025-12-23 09:55
E0009114,A004651,R08,shortlisted,2025-12-23 11:27
E0009115,A004652,R05,profile_opened,2026-05-31 18:56
E0009116,A004652,R11,ai_score_viewed,2026-05-31 19:54
E0009117,A004653,R06,profile_opened,2026-05-14 11:25
E0009118,A004653,R07,ai_score_viewed,2026-05-14 11:33
E0009119,A004654,R07,profile_opened,2026-06-21 14:52
E0009120,A004654,R12,ai_score_viewed,2026-06-21 15:47
E0009121,A004654,R10,shortlisted,2026-06-21 18:15
E0009122,A004655,R03,profile_opened,2026-01-11 10:14
E0009123,A004655,R04,ai_score_viewed,2026-01-11 10:48
E0009124,A004656,R09,profile_opened,2025-10-11 22:01
E0009125,A004656,R08,shortlisted,2025-10-12 02:20
E0009126,A004657,R05,profile_opened,2026-02-23 01:01
E0009127,A004658,R05,ai_score_viewed,2026-04-18 22:24
E0009128,A004659,R04,profile_opened,2025-12-10 15:44
E0009129,A004659,R10,ai_score_viewed,2025-12-10 16:37
E0009130,A004660,R04,profile_opened,2026-02-09 03:56
E0009131,A004660,R10,ai_score_viewed,2026-02-09 04:12
E0009132,A004660,R04,shortlisted,2026-02-09 06:30
E0009133,A004661,R05,profile_opened,2025-12-16 08:55
E0009134,A004662,R07,profile_opened,2025-11-19 03:23
E0009135,A004662,R11,ai_score_viewed,2025-11-19 03:41
E0009136,A004663,R03,profile_opened,2025-12-17 16:42
E0009137,A004663,R08,ai_score_viewed,2025-12-17 16:47
E0009138,A004663,R05,shortlisted,2025-12-17 18:57
E0009139,A004664,R09,profile_opened,2025-11-23 04:41
E0009140,A004664,R08,ai_score_viewed,2025-11-23 05:33
E0009141,A004665,R06,ai_score_viewed,2025-10-07 11:57
E0009142,A004666,R07,ai_score_viewed,2026-06-03 20:04
E0009143,A004667,R10,profile_opened,2026-01-03 00:06
E0009144,A004668,R11,profile_opened,2026-05-18 05:08
E0009145,A004669,R01,profile_opened,2026-02-12 17:15
E0009146,A004669,R12,shortlisted,2026-02-12 23:14
E0009147,A004670,R06,profile_opened,2025-12-31 10:02
E0009148,A004670,R04,ai_score_viewed,2025-12-31 10:25
E0009149,A004671,R10,profile_opened,2025-12-30 12:13
E0009150,A004672,R05,profile_opened,2026-04-07 13:54
E0009151,A004672,R12,ai_score_viewed,2026-04-07 14:52
E0009152,A004673,R11,profile_opened,2026-07-06 21:41
E0009153,A004673,R06,ai_score_viewed,2026-07-06 21:48
E0009154,A004674,R07,profile_opened,2026-02-11 07:47
E0009155,A004674,R10,ai_score_viewed,2026-02-11 08:09
E0009156,A004674,R07,shortlisted,2026-02-11 12:11
E0009157,A004675,R08,profile_opened,2025-12-24 10:29
E0009158,A004676,R04,profile_opened,2026-06-05 01:20
E0009159,A004676,R04,ai_score_viewed,2026-06-05 02:11
E0009160,A004676,R12,shortlisted,2026-06-05 05:48
E0009161,A004677,R03,profile_opened,2026-01-22 10:08
E0009162,A004677,R04,ai_score_viewed,2026-01-22 10:22
E0009163,A004677,R09,shortlisted,2026-01-22 15:01
E0009164,A004678,R05,profile_opened,2026-02-05 09:49
E0009165,A004678,R02,ai_score_viewed,2026-02-05 10:46
E0009166,A004679,R10,profile_opened,2026-01-20 15:49
E0009167,A004679,R01,ai_score_viewed,2026-01-20 16:38
E0009168,A004679,R08,shortlisted,2026-01-20 18:56
E0009169,A004680,R10,profile_opened,2026-05-24 06:52
E0009170,A004680,R09,ai_score_viewed,2026-05-24 07:34
E0009171,A004681,R04,profile_opened,2025-12-30 04:27
E0009172,A004682,R12,profile_opened,2025-10-05 07:58
E0009173,A004682,R07,ai_score_viewed,2025-10-05 08:22
E0009174,A004683,R02,profile_opened,2026-02-01 20:17
E0009175,A004683,R07,ai_score_viewed,2026-02-01 20:24
E0009176,A004683,R11,shortlisted,2026-02-02 00:35
E0009177,A004684,R07,profile_opened,2026-06-01 08:27
E0009178,A004684,R05,ai_score_viewed,2026-06-01 08:55
E0009179,A004684,R11,shortlisted,2026-06-01 12:02
E0009180,A004685,R08,profile_opened,2026-06-14 02:06
E0009181,A004685,R04,ai_score_viewed,2026-06-14 02:09
E0009182,A004686,R11,profile_opened,2026-01-12 03:52
E0009183,A004686,R06,shortlisted,2026-01-12 08:19
E0009184,A004687,R03,profile_opened,2026-06-17 08:28
E0009185,A004688,R04,profile_opened,2026-03-12 00:45
E0009186,A004688,R08,ai_score_viewed,2026-03-12 00:50
E0009187,A004688,R03,shortlisted,2026-03-12 07:50
E0009188,A004689,R09,profile_opened,2026-06-05 02:04
E0009189,A004690,R01,profile_opened,2026-02-09 06:36
E0009190,A004690,R12,ai_score_viewed,2026-02-09 06:46
E0009191,A004691,R11,profile_opened,2026-02-02 16:57
E0009192,A004691,R04,shortlisted,2026-02-03 01:04
E0009193,A004692,R09,profile_opened,2025-11-03 13:32
E0009194,A004693,R01,profile_opened,2026-01-13 19:58
E0009195,A004693,R06,ai_score_viewed,2026-01-13 20:15
E0009196,A004694,R09,profile_opened,2025-09-28 05:32
E0009197,A004694,R07,ai_score_viewed,2025-09-28 06:03
E0009198,A004694,R12,shortlisted,2025-09-28 06:59
E0009199,A004695,R09,profile_opened,2025-11-05 00:47
E0009200,A004695,R07,shortlisted,2025-11-05 02:04
E0009201,A004696,R10,profile_opened,2026-03-19 04:41
E0009202,A004697,R01,profile_opened,2025-11-11 20:13
E0009203,A004697,R01,ai_score_viewed,2025-11-11 21:13
E0009204,A004698,R05,profile_opened,2026-02-02 02:30
E0009205,A004698,R02,ai_score_viewed,2026-02-02 03:11
E0009206,A004699,R12,ai_score_viewed,2026-04-26 20:07
E0009207,A004699,R04,shortlisted,2026-04-27 04:43
E0009208,A004700,R01,profile_opened,2026-01-06 09:05
E0009209,A004701,R02,profile_opened,2025-12-01 12:33
E0009210,A004701,R12,ai_score_viewed,2025-12-01 13:28
E0009211,A004701,R08,shortlisted,2025-12-01 15:37
E0009212,A004702,R11,ai_score_viewed,2025-10-07 14:44
E0009213,A004702,R11,shortlisted,2025-10-07 20:50
E0009214,A004703,R06,profile_opened,2026-07-17 09:04
E0009215,A004704,R03,profile_opened,2025-11-04 03:41
E0009216,A004704,R09,ai_score_viewed,2025-11-04 04:38
E0009217,A004705,R03,profile_opened,2026-04-26 23:16
E0009218,A004705,R07,ai_score_viewed,2026-04-26 23:22
E0009219,A004706,R01,profile_opened,2026-03-03 15:55
E0009220,A004706,R02,shortlisted,2026-03-03 21:31
E0009221,A004707,R05,profile_opened,2026-05-16 06:42
E0009222,A004707,R01,ai_score_viewed,2026-05-16 07:37
E0009223,A004708,R03,profile_opened,2025-09-10 14:51
E0009224,A004708,R03,ai_score_viewed,2025-09-10 15:18
E0009225,A004708,R11,shortlisted,2025-09-10 22:19
E0009226,A004709,R10,profile_opened,2026-01-28 15:00
E0009227,A004709,R08,ai_score_viewed,2026-01-28 15:29
E0009228,A004710,R12,profile_opened,2026-02-16 03:01
E0009229,A004710,R01,ai_score_viewed,2026-02-16 03:37
E0009230,A004710,R06,shortlisted,2026-02-16 04:29
E0009231,A004711,R12,profile_opened,2025-11-06 13:02
E0009232,A004712,R12,ai_score_viewed,2025-12-18 04:09
E0009233,A004712,R07,shortlisted,2025-12-18 12:32
E0009234,A004713,R11,profile_opened,2025-10-04 23:52
E0009235,A004713,R05,ai_score_viewed,2025-10-05 00:02
E0009236,A004714,R10,profile_opened,2025-11-05 08:03
E0009237,A004714,R03,ai_score_viewed,2025-11-05 08:09
E0009238,A004716,R05,profile_opened,2026-05-27 08:54
E0009239,A004717,R01,profile_opened,2026-04-10 12:13
E0009240,A004718,R06,profile_opened,2026-05-17 02:16
E0009241,A004718,R09,ai_score_viewed,2026-05-17 02:17
E0009242,A004719,R08,profile_opened,2025-09-17 10:46
E0009243,A004719,R07,shortlisted,2025-09-17 16:28
E0009244,A004720,R03,profile_opened,2026-05-20 14:07
E0009245,A004721,R05,profile_opened,2026-03-26 23:05
E0009246,A004721,R01,ai_score_viewed,2026-03-26 23:15
E0009247,A004722,R04,ai_score_viewed,2026-02-28 02:59
E0009248,A004724,R11,profile_opened,2026-05-19 03:53
E0009249,A004724,R01,ai_score_viewed,2026-05-19 04:22
E0009250,A004725,R06,profile_opened,2026-04-17 20:45
E0009251,A004725,R06,ai_score_viewed,2026-04-17 21:32
E0009252,A004725,R02,shortlisted,2026-04-17 22:42
E0009253,A004726,R03,profile_opened,2026-04-28 05:52
E0009254,A004726,R01,ai_score_viewed,2026-04-28 06:17
E0009255,A004727,R08,profile_opened,2026-06-03 19:47
E0009256,A004728,R10,profile_opened,2025-10-29 13:02
E0009257,A004728,R07,ai_score_viewed,2025-10-29 13:19
E0009258,A004729,R01,profile_opened,2026-03-06 06:23
E0009259,A004729,R06,ai_score_viewed,2026-03-06 07:02
E0009260,A004729,R04,shortlisted,2026-03-06 13:39
E0009261,A004730,R04,profile_opened,2026-01-13 21:39
E0009262,A004730,R08,ai_score_viewed,2026-01-13 22:25
E0009263,A004730,R02,shortlisted,2026-01-13 22:44
E0009264,A004731,R08,profile_opened,2025-10-02 18:08
E0009265,A004732,R10,profile_opened,2026-01-10 18:16
E0009266,A004733,R09,profile_opened,2025-11-30 00:44
E0009267,A004733,R06,ai_score_viewed,2025-11-30 00:57
E0009268,A004733,R06,shortlisted,2025-11-30 08:52
E0009269,A004734,R11,profile_opened,2025-10-16 16:20
E0009270,A004734,R12,shortlisted,2025-10-17 01:39
E0009271,A004735,R12,profile_opened,2025-12-16 07:15
E0009272,A004735,R11,shortlisted,2025-12-16 16:13
E0009273,A004736,R05,profile_opened,2025-09-30 10:49
E0009274,A004736,R11,shortlisted,2025-09-30 17:48
E0009275,A004737,R07,profile_opened,2025-10-11 03:06
E0009276,A004737,R10,ai_score_viewed,2025-10-11 03:55
E0009277,A004737,R04,shortlisted,2025-10-11 07:19
E0009278,A004738,R05,profile_opened,2025-12-19 08:45
E0009279,A004738,R03,ai_score_viewed,2025-12-19 08:53
E0009280,A004738,R02,shortlisted,2025-12-19 13:55
E0009281,A004739,R03,profile_opened,2026-01-10 12:07
E0009282,A004739,R07,ai_score_viewed,2026-01-10 12:10
E0009283,A004740,R12,profile_opened,2026-02-11 11:51
E0009284,A004740,R01,ai_score_viewed,2026-02-11 12:03
E0009285,A004740,R01,shortlisted,2026-02-11 15:42
E0009286,A004741,R04,profile_opened,2026-03-18 19:32
E0009287,A004742,R07,profile_opened,2026-07-28 15:40
E0009288,A004743,R11,profile_opened,2026-02-20 13:24
E0009289,A004744,R10,profile_opened,2025-09-26 03:25
E0009290,A004744,R02,ai_score_viewed,2025-09-26 03:59
E0009291,A004744,R02,shortlisted,2025-09-26 10:26
E0009292,A004745,R10,profile_opened,2026-02-21 07:10
E0009293,A004745,R09,ai_score_viewed,2026-02-21 07:53
E0009294,A004746,R10,profile_opened,2026-02-14 02:53
E0009295,A004746,R12,shortlisted,2026-02-14 10:56
E0009296,A004747,R10,profile_opened,2026-04-06 16:03
E0009297,A004747,R07,shortlisted,2026-04-06 19:11
E0009298,A004748,R11,profile_opened,2026-01-26 23:01
E0009299,A004749,R01,profile_opened,2025-11-06 12:09
E0009300,A004749,R02,ai_score_viewed,2025-11-06 13:00
E0009301,A004751,R07,profile_opened,2025-11-18 18:32
E0009302,A004751,R05,ai_score_viewed,2025-11-18 18:41
E0009303,A004752,R11,profile_opened,2026-02-06 18:34
E0009304,A004752,R04,ai_score_viewed,2026-02-06 18:42
E0009305,A004753,R04,profile_opened,2025-11-09 22:16
E0009306,A004753,R12,ai_score_viewed,2025-11-09 22:40
E0009307,A004753,R01,shortlisted,2025-11-10 06:00
E0009308,A004754,R01,profile_opened,2026-01-28 23:56
E0009309,A004754,R07,ai_score_viewed,2026-01-29 00:00
E0009310,A004754,R12,shortlisted,2026-01-29 08:03
E0009311,A004755,R09,profile_opened,2026-03-01 10:53
E0009312,A004755,R01,ai_score_viewed,2026-03-01 11:37
E0009313,A004755,R02,shortlisted,2026-03-01 14:19
E0009314,A004756,R04,profile_opened,2025-11-23 07:27
E0009315,A004756,R10,ai_score_viewed,2025-11-23 07:42
E0009316,A004756,R08,shortlisted,2025-11-23 16:44
E0009317,A004757,R12,profile_opened,2025-12-27 10:53
E0009318,A004757,R11,ai_score_viewed,2025-12-27 11:23
E0009319,A004758,R11,profile_opened,2026-06-15 10:33
E0009320,A004758,R11,ai_score_viewed,2026-06-15 11:23
E0009321,A004759,R01,profile_opened,2026-07-23 02:24
E0009322,A004759,R09,ai_score_viewed,2026-07-23 02:44
E0009323,A004760,R03,profile_opened,2026-07-20 06:32
E0009324,A004761,R02,profile_opened,2026-04-07 00:24
E0009325,A004761,R06,ai_score_viewed,2026-04-07 00:44
E0009326,A004762,R04,profile_opened,2025-10-14 01:31
E0009327,A004762,R03,ai_score_viewed,2025-10-14 02:18
E0009328,A004763,R07,profile_opened,2026-04-25 11:28
E0009329,A004763,R09,ai_score_viewed,2026-04-25 11:33
E0009330,A004764,R03,profile_opened,2025-11-06 02:27
E0009331,A004764,R03,ai_score_viewed,2025-11-06 03:13
E0009332,A004765,R10,profile_opened,2026-05-31 11:34
E0009333,A004765,R05,ai_score_viewed,2026-05-31 11:37
E0009334,A004766,R09,profile_opened,2026-01-05 07:03
E0009335,A004766,R05,ai_score_viewed,2026-01-05 08:00
E0009336,A004767,R04,profile_opened,2026-07-27 11:18
E0009337,A004767,R01,ai_score_viewed,2026-07-27 12:12
E0009338,A004767,R01,shortlisted,2026-07-27 18:27
E0009339,A004768,R01,profile_opened,2026-05-23 10:48
E0009340,A004768,R10,ai_score_viewed,2026-05-23 11:30
E0009341,A004769,R10,profile_opened,2026-01-03 14:20
E0009342,A004769,R10,ai_score_viewed,2026-01-03 14:23
E0009343,A004770,R11,profile_opened,2025-09-20 19:53
E0009344,A004770,R07,ai_score_viewed,2025-09-20 20:24
E0009345,A004770,R09,shortlisted,2025-09-21 02:29
E0009346,A004771,R08,profile_opened,2026-02-04 02:17
E0009347,A004771,R12,ai_score_viewed,2026-02-04 02:48
E0009348,A004772,R04,profile_opened,2025-10-27 05:58
E0009349,A004772,R04,ai_score_viewed,2025-10-27 06:19
E0009350,A004773,R04,profile_opened,2026-06-20 16:37
E0009351,A004773,R12,ai_score_viewed,2026-06-20 17:15
E0009352,A004774,R06,profile_opened,2026-07-17 00:17
E0009353,A004775,R01,profile_opened,2026-03-22 16:36
E0009354,A004775,R03,ai_score_viewed,2026-03-22 16:39
E0009355,A004776,R11,profile_opened,2025-12-10 22:24
E0009356,A004776,R01,shortlisted,2025-12-11 06:18
E0009357,A004777,R09,profile_opened,2025-11-26 16:12
E0009358,A004777,R04,ai_score_viewed,2025-11-26 17:06
E0009359,A004777,R06,shortlisted,2025-11-27 01:31
E0009360,A004778,R01,profile_opened,2026-05-11 22:26
E0009361,A004778,R09,ai_score_viewed,2026-05-11 22:28
E0009362,A004779,R12,profile_opened,2026-03-24 06:27
E0009363,A004780,R05,profile_opened,2026-06-01 02:54
E0009364,A004781,R05,profile_opened,2025-11-02 16:40
E0009365,A004781,R04,ai_score_viewed,2025-11-02 17:23
E0009366,A004781,R06,shortlisted,2025-11-02 18:27
E0009367,A004782,R06,profile_opened,2026-03-13 21:05
E0009368,A004782,R08,shortlisted,2026-03-14 00:25
E0009369,A004783,R02,profile_opened,2025-09-20 11:18
E0009370,A004783,R05,ai_score_viewed,2025-09-20 11:50
E0009371,A004784,R06,profile_opened,2025-09-26 03:02
E0009372,A004784,R03,ai_score_viewed,2025-09-26 03:31
E0009373,A004784,R06,shortlisted,2025-09-26 08:01
E0009374,A004785,R10,profile_opened,2026-04-27 06:31
E0009375,A004785,R01,ai_score_viewed,2026-04-27 07:22
E0009376,A004785,R07,shortlisted,2026-04-27 07:59
E0009377,A004786,R04,profile_opened,2026-01-30 05:14
E0009378,A004787,R04,profile_opened,2026-03-16 21:08
E0009379,A004787,R05,ai_score_viewed,2026-03-16 22:05
E0009380,A004788,R07,ai_score_viewed,2025-09-09 04:37
E0009381,A004789,R12,profile_opened,2025-12-27 16:43
E0009382,A004789,R11,ai_score_viewed,2025-12-27 16:56
E0009383,A004789,R10,shortlisted,2025-12-28 01:37
E0009384,A004790,R08,profile_opened,2026-01-27 14:42
E0009385,A004790,R02,ai_score_viewed,2026-01-27 15:33
E0009386,A004790,R10,shortlisted,2026-01-27 19:37
E0009387,A004791,R07,profile_opened,2025-10-10 09:40
E0009388,A004791,R03,ai_score_viewed,2025-10-10 10:30
E0009389,A004792,R04,profile_opened,2026-05-25 06:02
E0009390,A004793,R02,profile_opened,2025-12-05 19:40
E0009391,A004793,R12,ai_score_viewed,2025-12-05 20:21
E0009392,A004794,R06,profile_opened,2026-05-15 12:23
E0009393,A004795,R02,profile_opened,2026-07-07 03:20
E0009394,A004795,R07,ai_score_viewed,2026-07-07 04:10
E0009395,A004796,R06,profile_opened,2026-02-26 23:34
E0009396,A004796,R10,shortlisted,2026-02-27 08:24
E0009397,A004797,R05,profile_opened,2026-01-06 07:47
E0009398,A004797,R12,ai_score_viewed,2026-01-06 07:55
E0009399,A004798,R02,profile_opened,2026-02-02 06:31
E0009400,A004799,R02,profile_opened,2026-03-27 12:09
E0009401,A004800,R12,profile_opened,2026-02-22 20:12
E0009402,A004800,R03,ai_score_viewed,2026-02-22 20:42
E0009403,A004800,R03,shortlisted,2026-02-22 21:30
E0009404,A004801,R11,profile_opened,2026-05-28 22:09
E0009405,A004801,R07,ai_score_viewed,2026-05-28 22:27
E0009406,A004801,R10,shortlisted,2026-05-29 02:11
E0009407,A004802,R12,profile_opened,2025-09-15 07:04
E0009408,A004802,R11,shortlisted,2025-09-15 15:27
E0009409,A004803,R11,profile_opened,2026-07-15 19:56
E0009410,A004803,R12,ai_score_viewed,2026-07-15 20:26
E0009411,A004804,R06,ai_score_viewed,2026-02-15 08:54
E0009412,A004804,R08,shortlisted,2026-02-15 16:38
E0009413,A004805,R01,profile_opened,2025-11-26 22:06
E0009414,A004805,R10,ai_score_viewed,2025-11-26 22:24
E0009415,A004806,R02,profile_opened,2026-01-31 00:40
E0009416,A004807,R06,profile_opened,2026-06-29 01:25
E0009417,A004807,R06,shortlisted,2026-06-29 05:40
E0009418,A004808,R05,profile_opened,2026-04-11 14:23
E0009419,A004808,R02,ai_score_viewed,2026-04-11 15:12
E0009420,A004808,R11,shortlisted,2026-04-11 16:44
E0009421,A004809,R04,profile_opened,2026-01-10 09:59
E0009422,A004809,R01,ai_score_viewed,2026-01-10 10:24
E0009423,A004810,R03,profile_opened,2026-01-27 11:47
E0009424,A004810,R04,ai_score_viewed,2026-01-27 12:45
E0009425,A004811,R04,profile_opened,2026-06-26 11:04
E0009426,A004811,R11,ai_score_viewed,2026-06-26 11:17
E0009427,A004811,R07,shortlisted,2026-06-26 13:36
E0009428,A004812,R11,profile_opened,2026-04-27 09:01
E0009429,A004812,R11,ai_score_viewed,2026-04-27 09:13
E0009430,A004813,R11,profile_opened,2026-04-28 06:56
E0009431,A004813,R04,ai_score_viewed,2026-04-28 07:17
E0009432,A004813,R03,shortlisted,2026-04-28 16:46
E0009433,A004814,R04,profile_opened,2025-12-22 18:51
E0009434,A004814,R07,ai_score_viewed,2025-12-22 19:31
E0009435,A004815,R01,profile_opened,2025-09-16 13:39
E0009436,A004816,R05,profile_opened,2025-10-14 19:23
E0009437,A004816,R05,ai_score_viewed,2025-10-14 20:20
E0009438,A004817,R02,profile_opened,2026-04-26 12:58
E0009439,A004817,R01,shortlisted,2026-04-26 15:44
E0009440,A004818,R05,profile_opened,2026-07-18 04:57
E0009441,A004818,R05,ai_score_viewed,2026-07-18 05:19
E0009442,A004819,R04,profile_opened,2025-10-22 03:26
E0009443,A004819,R05,ai_score_viewed,2025-10-22 03:34
E0009444,A004820,R06,ai_score_viewed,2026-05-02 13:52
E0009445,A004820,R02,shortlisted,2026-05-02 15:45
E0009446,A004821,R02,profile_opened,2025-09-13 16:46
E0009447,A004821,R02,ai_score_viewed,2025-09-13 16:49
E0009448,A004822,R02,profile_opened,2025-09-06 18:51
E0009449,A004822,R02,shortlisted,2025-09-07 01:02
E0009450,A004823,R06,profile_opened,2026-03-16 04:46
E0009451,A004823,R06,shortlisted,2026-03-16 08:37
E0009452,A004824,R04,profile_opened,2026-07-27 22:05
E0009453,A004824,R11,shortlisted,2026-07-28 03:28
E0009454,A004825,R12,profile_opened,2026-03-01 06:30
E0009455,A004826,R05,profile_opened,2025-11-21 04:19
E0009456,A004827,R08,profile_opened,2026-03-08 14:06
E0009457,A004827,R04,ai_score_viewed,2026-03-08 15:01
E0009458,A004828,R10,ai_score_viewed,2026-04-02 22:17
E0009459,A004829,R03,profile_opened,2025-09-26 02:28
E0009460,A004829,R10,ai_score_viewed,2025-09-26 02:32
E0009461,A004830,R07,profile_opened,2026-06-24 12:14
E0009462,A004830,R06,ai_score_viewed,2026-06-24 12:35
E0009463,A004831,R06,profile_opened,2026-06-10 10:34
E0009464,A004831,R08,shortlisted,2026-06-10 18:36
E0009465,A004832,R02,profile_opened,2026-03-17 21:57
E0009466,A004832,R05,ai_score_viewed,2026-03-17 22:45
E0009467,A004833,R03,profile_opened,2026-06-01 21:10
E0009468,A004834,R09,profile_opened,2025-11-11 16:36
E0009469,A004834,R05,shortlisted,2025-11-11 20:15
E0009470,A004835,R04,profile_opened,2026-03-13 17:44
E0009471,A004835,R10,ai_score_viewed,2026-03-13 18:00
E0009472,A004836,R06,profile_opened,2026-04-30 07:21
E0009473,A004837,R04,profile_opened,2026-06-09 08:43
E0009474,A004838,R11,profile_opened,2026-01-02 15:58
E0009475,A004838,R12,shortlisted,2026-01-02 22:02
E0009476,A004839,R05,profile_opened,2026-07-06 17:08
E0009477,A004839,R11,ai_score_viewed,2026-07-06 17:31
E0009478,A004840,R08,profile_opened,2025-10-05 03:14
E0009479,A004840,R07,shortlisted,2025-10-05 09:19
E0009480,A004841,R04,profile_opened,2025-10-16 20:18
E0009481,A004841,R02,shortlisted,2025-10-17 02:21
E0009482,A004842,R06,ai_score_viewed,2025-12-26 19:42
E0009483,A004843,R11,profile_opened,2025-12-12 00:15
E0009484,A004843,R01,ai_score_viewed,2025-12-12 00:18
E0009485,A004843,R12,shortlisted,2025-12-12 07:44
E0009486,A004844,R02,profile_opened,2025-11-03 06:17
E0009487,A004844,R08,ai_score_viewed,2025-11-03 06:41
E0009488,A004845,R03,profile_opened,2026-01-06 07:46
E0009489,A004846,R10,profile_opened,2026-06-01 17:22
E0009490,A004846,R02,shortlisted,2026-06-02 01:32
E0009491,A004847,R01,profile_opened,2026-06-15 23:00
E0009492,A004847,R11,ai_score_viewed,2026-06-15 23:26
E0009493,A004848,R01,profile_opened,2025-12-25 14:03
E0009494,A004848,R01,ai_score_viewed,2025-12-25 14:59
E0009495,A004849,R10,profile_opened,2025-12-26 06:25
E0009496,A004849,R04,ai_score_viewed,2025-12-26 07:12
E0009497,A004849,R02,shortlisted,2025-12-26 08:27
E0009498,A004850,R09,profile_opened,2025-11-02 04:48
E0009499,A004850,R04,ai_score_viewed,2025-11-02 04:56
E0009500,A004851,R03,ai_score_viewed,2025-09-23 11:41
E0009501,A004852,R02,profile_opened,2026-04-01 23:38
E0009502,A004852,R07,ai_score_viewed,2026-04-02 00:11
E0009503,A004853,R12,profile_opened,2025-11-27 07:26
E0009504,A004854,R02,profile_opened,2026-07-13 19:43
E0009505,A004854,R06,ai_score_viewed,2026-07-13 20:13
E0009506,A004856,R09,profile_opened,2026-02-24 09:03
E0009507,A004856,R07,shortlisted,2026-02-24 18:57
E0009508,A004857,R10,profile_opened,2026-03-11 22:47
E0009509,A004857,R04,shortlisted,2026-03-12 00:51
E0009510,A004858,R03,profile_opened,2025-12-22 14:47
E0009511,A004858,R06,ai_score_viewed,2025-12-22 15:34
E0009512,A004858,R08,shortlisted,2025-12-22 22:01
E0009513,A004859,R03,profile_opened,2026-02-22 10:04
E0009514,A004859,R07,ai_score_viewed,2026-02-22 10:25
E0009515,A004860,R06,profile_opened,2026-06-09 06:07
E0009516,A004861,R05,profile_opened,2026-02-11 16:11
E0009517,A004861,R01,ai_score_viewed,2026-02-11 17:06
E0009518,A004862,R10,profile_opened,2026-02-06 16:08
E0009519,A004863,R04,profile_opened,2025-12-16 06:16
E0009520,A004863,R05,ai_score_viewed,2025-12-16 06:37
E0009521,A004864,R05,profile_opened,2026-06-24 09:45
E0009522,A004864,R02,ai_score_viewed,2026-06-24 10:08
E0009523,A004865,R05,profile_opened,2026-07-13 06:01
E0009524,A004865,R06,ai_score_viewed,2026-07-13 06:36
E0009525,A004865,R03,shortlisted,2026-07-13 11:26
E0009526,A004866,R09,profile_opened,2026-05-09 16:54
E0009527,A004866,R05,ai_score_viewed,2026-05-09 17:48
E0009528,A004867,R04,profile_opened,2026-06-17 21:35
E0009529,A004867,R04,ai_score_viewed,2026-06-17 21:45
E0009530,A004868,R01,profile_opened,2026-01-31 02:12
E0009531,A004869,R05,profile_opened,2025-11-20 21:21
E0009532,A004869,R03,ai_score_viewed,2025-11-20 21:56
E0009533,A004869,R07,shortlisted,2025-11-20 22:59
E0009534,A004870,R04,profile_opened,2026-07-18 07:58
E0009535,A004870,R08,ai_score_viewed,2026-07-18 08:27
E0009536,A004870,R03,shortlisted,2026-07-18 11:31
E0009537,A004871,R12,profile_opened,2026-06-06 20:48
E0009538,A004871,R11,ai_score_viewed,2026-06-06 20:56
E0009539,A004872,R07,profile_opened,2026-07-11 23:21
E0009540,A004872,R05,shortlisted,2026-07-12 05:44
E0009541,A004873,R01,profile_opened,2025-09-10 08:35
E0009542,A004873,R10,ai_score_viewed,2025-09-10 09:24
E0009543,A004874,R07,profile_opened,2026-05-26 23:08
E0009544,A004875,R02,profile_opened,2026-04-14 15:55
E0009545,A004876,R11,profile_opened,2025-12-24 17:04
E0009546,A004876,R05,ai_score_viewed,2025-12-24 17:53
E0009547,A004877,R09,profile_opened,2026-02-28 20:42
E0009548,A004877,R09,ai_score_viewed,2026-02-28 21:23
E0009549,A004878,R07,profile_opened,2025-11-09 23:31
E0009550,A004879,R12,profile_opened,2026-06-10 00:32
E0009551,A004879,R10,ai_score_viewed,2026-06-10 01:13
E0009552,A004880,R07,profile_opened,2026-03-30 07:49
E0009553,A004880,R02,ai_score_viewed,2026-03-30 07:50
E0009554,A004880,R08,shortlisted,2026-03-30 12:26
E0009555,A004881,R06,profile_opened,2026-05-25 14:57
E0009556,A004881,R03,ai_score_viewed,2026-05-25 15:01
E0009557,A004882,R08,profile_opened,2025-12-18 04:52
E0009558,A004882,R02,ai_score_viewed,2025-12-18 05:34
E0009559,A004882,R06,shortlisted,2025-12-18 08:12
E0009560,A004883,R12,shortlisted,2025-09-28 02:11
E0009561,A004884,R06,ai_score_viewed,2026-04-30 17:53
E0009562,A004884,R05,shortlisted,2026-05-01 00:13
E0009563,A004885,R01,profile_opened,2026-07-15 23:31
E0009564,A004886,R03,ai_score_viewed,2026-05-28 18:20
E0009565,A004886,R09,shortlisted,2026-05-29 03:16
E0009566,A004887,R11,profile_opened,2026-02-05 20:17
E0009567,A004887,R03,ai_score_viewed,2026-02-05 20:41
E0009568,A004888,R01,profile_opened,2025-10-22 04:13
E0009569,A004888,R11,ai_score_viewed,2025-10-22 04:50
E0009570,A004889,R07,profile_opened,2025-10-04 05:28
E0009571,A004889,R10,ai_score_viewed,2025-10-04 05:53
E0009572,A004889,R02,shortlisted,2025-10-04 08:13
E0009573,A004890,R01,profile_opened,2025-11-02 21:06
E0009574,A004891,R11,profile_opened,2026-06-25 05:50
E0009575,A004891,R04,ai_score_viewed,2026-06-25 06:35
E0009576,A004891,R02,shortlisted,2026-06-25 13:34
E0009577,A004892,R12,profile_opened,2025-09-25 07:14
E0009578,A004892,R01,ai_score_viewed,2025-09-25 07:15
E0009579,A004893,R11,profile_opened,2025-12-17 17:53
E0009580,A004893,R08,ai_score_viewed,2025-12-17 18:46
E0009581,A004894,R11,profile_opened,2026-05-11 11:36
E0009582,A004894,R03,ai_score_viewed,2026-05-11 11:43
E0009583,A004894,R05,shortlisted,2026-05-11 13:54
E0009584,A004895,R06,profile_opened,2026-07-18 18:15
E0009585,A004895,R05,ai_score_viewed,2026-07-18 19:14
E0009586,A004895,R02,shortlisted,2026-07-19 03:02
E0009587,A004896,R03,profile_opened,2025-11-27 11:08
E0009588,A004896,R02,ai_score_viewed,2025-11-27 12:01
E0009589,A004896,R04,shortlisted,2025-11-27 13:57
E0009590,A004897,R12,profile_opened,2025-10-15 18:03
E0009591,A004897,R09,ai_score_viewed,2025-10-15 18:06
E0009592,A004898,R09,profile_opened,2026-04-06 15:24
E0009593,A004898,R04,shortlisted,2026-04-06 18:05
E0009594,A004899,R01,profile_opened,2025-09-24 09:32
E0009595,A004899,R07,ai_score_viewed,2025-09-24 09:59
E0009596,A004900,R07,profile_opened,2025-10-27 20:39
E0009597,A004901,R02,profile_opened,2026-05-18 03:16
E0009598,A004902,R02,profile_opened,2026-04-12 20:07
E0009599,A004902,R09,ai_score_viewed,2026-04-12 20:48
E0009600,A004903,R06,profile_opened,2026-06-23 14:45
E0009601,A004903,R11,ai_score_viewed,2026-06-23 14:59
E0009602,A004903,R04,shortlisted,2026-06-23 21:29
E0009603,A004904,R10,profile_opened,2026-06-08 07:17
E0009604,A004905,R07,profile_opened,2026-01-12 01:09
E0009605,A004905,R06,shortlisted,2026-01-12 03:49
E0009606,A004906,R08,profile_opened,2025-11-11 02:37
E0009607,A004907,R01,profile_opened,2026-04-30 08:08
E0009608,A004907,R10,ai_score_viewed,2026-04-30 08:23
E0009609,A004908,R04,profile_opened,2025-11-13 08:46
E0009610,A004908,R08,ai_score_viewed,2025-11-13 09:27
E0009611,A004908,R03,shortlisted,2025-11-13 09:55
E0009612,A004909,R12,profile_opened,2026-07-25 20:32
E0009613,A004909,R07,shortlisted,2026-07-26 00:45
E0009614,A004910,R03,profile_opened,2025-11-03 10:18
E0009615,A004910,R12,ai_score_viewed,2025-11-03 10:39
E0009616,A004911,R08,profile_opened,2026-01-25 21:06
E0009617,A004911,R03,ai_score_viewed,2026-01-25 21:30
E0009618,A004911,R07,shortlisted,2026-01-25 22:24
E0009619,A004912,R11,profile_opened,2026-07-11 08:15
E0009620,A004912,R04,ai_score_viewed,2026-07-11 08:24
E0009621,A004913,R09,profile_opened,2026-04-05 06:20
E0009622,A004913,R08,ai_score_viewed,2026-04-05 07:05
E0009623,A004914,R03,ai_score_viewed,2026-02-17 00:55
E0009624,A004914,R02,shortlisted,2026-02-17 09:21
E0009625,A004915,R05,profile_opened,2026-02-14 15:37
E0009626,A004915,R02,ai_score_viewed,2026-02-14 15:54
E0009627,A004915,R03,shortlisted,2026-02-14 18:06
E0009628,A004916,R10,profile_opened,2026-07-10 11:08
E0009629,A004916,R04,shortlisted,2026-07-10 19:22
E0009630,A004917,R03,profile_opened,2026-04-20 14:22
E0009631,A004917,R06,shortlisted,2026-04-20 19:20
E0009632,A004918,R08,profile_opened,2026-02-13 02:11
E0009633,A004918,R12,shortlisted,2026-02-13 10:04
E0009634,A004919,R09,ai_score_viewed,2026-02-08 10:42
E0009635,A004919,R11,shortlisted,2026-02-08 14:46
E0009636,A004920,R09,profile_opened,2026-06-07 00:38
E0009637,A004920,R10,ai_score_viewed,2026-06-07 01:04
E0009638,A004921,R08,profile_opened,2025-11-12 03:34
E0009639,A004921,R06,ai_score_viewed,2025-11-12 04:11
E0009640,A004922,R02,profile_opened,2026-07-03 01:35
E0009641,A004923,R05,profile_opened,2026-02-17 00:18
E0009642,A004923,R09,ai_score_viewed,2026-02-17 00:39
E0009643,A004924,R08,profile_opened,2026-05-27 13:42
E0009644,A004924,R07,ai_score_viewed,2026-05-27 14:16
E0009645,A004924,R04,shortlisted,2026-05-27 19:38
E0009646,A004925,R11,profile_opened,2026-06-17 08:33
E0009647,A004925,R02,shortlisted,2026-06-17 15:32
E0009648,A004926,R03,profile_opened,2026-03-12 15:48
E0009649,A004926,R03,ai_score_viewed,2026-03-12 16:39
E0009650,A004926,R10,shortlisted,2026-03-12 18:17
E0009651,A004927,R04,profile_opened,2025-11-25 04:28
E0009652,A004928,R03,profile_opened,2025-10-26 01:41
E0009653,A004928,R04,ai_score_viewed,2025-10-26 02:20
E0009654,A004929,R03,profile_opened,2025-10-17 22:05
E0009655,A004929,R08,ai_score_viewed,2025-10-17 22:32
E0009656,A004929,R01,shortlisted,2025-10-17 23:50
E0009657,A004930,R06,profile_opened,2026-02-16 20:14
E0009658,A004931,R09,profile_opened,2026-06-11 10:46
E0009659,A004931,R07,shortlisted,2026-06-11 18:33
E0009660,A004932,R06,profile_opened,2026-02-17 07:37
E0009661,A004932,R05,ai_score_viewed,2026-02-17 08:33
E0009662,A004932,R11,shortlisted,2026-02-17 09:44
E0009663,A004933,R10,profile_opened,2026-05-05 03:35
E0009664,A004934,R07,profile_opened,2026-02-03 22:20
E0009665,A004935,R06,profile_opened,2026-01-29 19:14
E0009666,A004936,R03,profile_opened,2025-12-07 04:45
E0009667,A004936,R06,ai_score_viewed,2025-12-07 05:05
E0009668,A004936,R10,shortlisted,2025-12-07 10:10
E0009669,A004937,R10,profile_opened,2026-01-24 08:25
E0009670,A004937,R03,shortlisted,2026-01-24 10:55
E0009671,A004938,R12,profile_opened,2026-04-25 23:33
E0009672,A004938,R11,ai_score_viewed,2026-04-26 00:16
E0009673,A004939,R10,profile_opened,2025-11-27 06:17
E0009674,A004939,R06,ai_score_viewed,2025-11-27 07:00
E0009675,A004940,R10,profile_opened,2026-03-02 03:56
E0009676,A004940,R08,ai_score_viewed,2026-03-02 04:09
E0009677,A004941,R01,profile_opened,2025-09-19 02:26
E0009678,A004941,R10,ai_score_viewed,2025-09-19 03:26
E0009679,A004942,R12,profile_opened,2026-02-11 03:26
E0009680,A004942,R08,ai_score_viewed,2026-02-11 03:49
E0009681,A004943,R07,profile_opened,2025-11-25 15:41
E0009682,A004943,R11,ai_score_viewed,2025-11-25 16:25
E0009683,A004943,R07,shortlisted,2025-11-25 23:44
E0009684,A004944,R08,profile_opened,2026-05-24 05:49
E0009685,A004944,R08,ai_score_viewed,2026-05-24 05:51
E0009686,A004945,R09,profile_opened,2026-01-12 22:13
E0009687,A004946,R10,profile_opened,2026-02-06 19:46
E0009688,A004946,R01,ai_score_viewed,2026-02-06 19:49
E0009689,A004947,R11,profile_opened,2025-12-15 14:09
E0009690,A004948,R01,profile_opened,2026-04-01 03:41
E0009691,A004948,R06,ai_score_viewed,2026-04-01 03:52
E0009692,A004948,R06,shortlisted,2026-04-01 11:23
E0009693,A004949,R02,profile_opened,2025-11-07 09:39
E0009694,A004949,R09,ai_score_viewed,2025-11-07 10:12
E0009695,A004950,R03,profile_opened,2025-12-08 21:23
E0009696,A004950,R08,shortlisted,2025-12-09 03:45
E0009697,A004951,R10,profile_opened,2025-09-13 07:44
E0009698,A004951,R06,ai_score_viewed,2025-09-13 08:23
E0009699,A004952,R01,ai_score_viewed,2026-04-24 07:28
E0009700,A004952,R03,shortlisted,2026-04-24 11:26
E0009701,A004953,R03,profile_opened,2026-01-08 23:49
E0009702,A004953,R02,ai_score_viewed,2026-01-09 00:25
E0009703,A004954,R04,profile_opened,2025-09-08 10:46
E0009704,A004954,R09,ai_score_viewed,2025-09-08 10:57
E0009705,A004955,R06,profile_opened,2025-10-17 19:10
E0009706,A004955,R02,ai_score_viewed,2025-10-17 20:06
E0009707,A004955,R03,shortlisted,2025-10-18 02:40
E0009708,A004956,R02,profile_opened,2025-11-14 03:41
E0009709,A004956,R08,shortlisted,2025-11-14 11:24
E0009710,A004957,R10,profile_opened,2026-01-28 15:27
E0009711,A004957,R09,ai_score_viewed,2026-01-28 16:24
E0009712,A004957,R12,shortlisted,2026-01-28 22:46
E0009713,A004958,R03,profile_opened,2026-06-29 13:02
E0009714,A004958,R08,ai_score_viewed,2026-06-29 13:12
E0009715,A004958,R05,shortlisted,2026-06-29 22:58
E0009716,A004959,R08,profile_opened,2025-11-06 12:32
E0009717,A004959,R11,ai_score_viewed,2025-11-06 13:11
E0009718,A004960,R05,ai_score_viewed,2026-04-26 01:05
E0009719,A004961,R12,profile_opened,2026-02-22 08:42
E0009720,A004961,R05,ai_score_viewed,2026-02-22 09:04
E0009721,A004962,R09,profile_opened,2025-10-10 11:19
E0009722,A004962,R02,ai_score_viewed,2025-10-10 11:39
E0009723,A004963,R10,profile_opened,2025-12-04 12:06
E0009724,A004964,R12,profile_opened,2026-04-04 14:37
E0009725,A004964,R12,ai_score_viewed,2026-04-04 15:24
E0009726,A004965,R03,profile_opened,2025-09-25 15:40
E0009727,A004966,R12,profile_opened,2026-03-11 04:44
E0009728,A004967,R04,ai_score_viewed,2026-01-06 06:48
E0009729,A004968,R07,profile_opened,2026-07-17 00:58
E0009730,A004969,R03,profile_opened,2025-09-21 02:34
E0009731,A004969,R02,ai_score_viewed,2025-09-21 02:44
E0009732,A004970,R11,profile_opened,2025-12-31 06:55
E0009733,A004970,R09,ai_score_viewed,2025-12-31 07:25
E0009734,A004971,R04,profile_opened,2025-10-01 04:21
E0009735,A004971,R04,shortlisted,2025-10-01 11:05
E0009736,A004972,R04,profile_opened,2026-01-23 21:18
E0009737,A004972,R12,ai_score_viewed,2026-01-23 22:00
E0009738,A004973,R12,profile_opened,2026-07-17 11:59
E0009739,A004973,R01,ai_score_viewed,2026-07-17 12:42
E0009740,A004973,R01,shortlisted,2026-07-17 12:59
E0009741,A004974,R12,profile_opened,2026-02-23 04:15
E0009742,A004975,R12,profile_opened,2026-01-28 10:41
E0009743,A004976,R07,profile_opened,2025-12-05 16:26
E0009744,A004976,R11,ai_score_viewed,2025-12-05 17:04
E0009745,A004977,R02,profile_opened,2025-10-07 18:04
E0009746,A004977,R08,ai_score_viewed,2025-10-07 18:53
E0009747,A004978,R07,profile_opened,2026-02-19 04:32
E0009748,A004978,R01,ai_score_viewed,2026-02-19 04:36
E0009749,A004979,R06,profile_opened,2026-07-13 02:28
E0009750,A004979,R01,ai_score_viewed,2026-07-13 02:35
E0009751,A004980,R04,profile_opened,2025-11-01 22:44
E0009752,A004980,R01,ai_score_viewed,2025-11-01 22:56
E0009753,A004981,R11,profile_opened,2026-07-17 23:57
E0009754,A004981,R07,ai_score_viewed,2026-07-18 00:11
E0009755,A004982,R07,profile_opened,2025-11-17 06:29
E0009756,A004982,R09,shortlisted,2025-11-17 13:30
E0009757,A004983,R04,profile_opened,2025-09-13 08:56
E0009758,A004983,R03,ai_score_viewed,2025-09-13 09:33
E0009759,A004983,R11,shortlisted,2025-09-13 18:36
E0009760,A004984,R06,profile_opened,2025-09-13 06:57
E0009761,A004984,R07,ai_score_viewed,2025-09-13 07:53
E0009762,A004985,R02,profile_opened,2025-10-13 20:43
E0009763,A004985,R02,ai_score_viewed,2025-10-13 21:18
E0009764,A004985,R10,shortlisted,2025-10-14 04:45
E0009765,A004986,R12,profile_opened,2026-07-11 17:51
E0009766,A004986,R05,shortlisted,2026-07-11 21:11
E0009767,A004988,R11,profile_opened,2025-12-08 21:10
E0009768,A004988,R05,ai_score_viewed,2025-12-08 21:51
E0009769,A004989,R02,profile_opened,2026-04-23 07:40
E0009770,A004989,R11,ai_score_viewed,2026-04-23 08:10
E0009771,A004990,R11,profile_opened,2026-04-15 14:32
E0009772,A004991,R11,profile_opened,2026-05-06 16:41
E0009773,A004991,R02,shortlisted,2026-05-07 02:11
E0009774,A004992,R07,profile_opened,2026-01-03 21:51
E0009775,A004992,R03,ai_score_viewed,2026-01-03 21:55
E0009776,A004993,R10,ai_score_viewed,2026-01-27 16:56
E0009777,A004994,R08,profile_opened,2025-12-19 04:41
E0009778,A004994,R06,ai_score_viewed,2025-12-19 05:34
E0009779,A004994,R02,shortlisted,2025-12-19 12:46
E0009780,A004995,R12,profile_opened,2026-03-08 21:05
E0009781,A004995,R12,ai_score_viewed,2026-03-08 21:26
E0009782,A004996,R07,profile_opened,2025-11-25 05:33
E0009783,A004996,R07,ai_score_viewed,2025-11-25 06:27
E0009784,A004996,R10,shortlisted,2025-11-25 09:31
E0009785,A004997,R01,profile_opened,2025-09-21 06:23
E0009786,A004998,R12,profile_opened,2025-10-14 23:19
E0009787,A004998,R08,shortlisted,2025-10-15 03:25
E0009788,A004999,R07,profile_opened,2026-06-15 16:22
E0009789,A004999,R09,ai_score_viewed,2026-06-15 16:40
E0009790,A004999,R02,shortlisted,2026-06-15 19:17
E0009791,A005000,R05,profile_opened,2025-09-11 10:09
E0009792,A005001,R05,ai_score_viewed,2026-06-05 13:17
E0009793,A005001,R06,shortlisted,2026-06-05 14:26
E0009794,A005002,R10,profile_opened,2026-07-03 00:08
E0009795,A005002,R08,ai_score_viewed,2026-07-03 00:40
E0009796,A005003,R09,profile_opened,2025-11-09 22:22
E0009797,A005003,R09,ai_score_viewed,2025-11-09 23:04
E0009798,A005004,R03,profile_opened,2026-02-16 12:37
E0009799,A005004,R10,ai_score_viewed,2026-02-16 12:59
E0009800,A005004,R06,shortlisted,2026-02-16 22:06
E0009801,A005005,R05,profile_opened,2025-11-06 20:09
E0009802,A005005,R01,shortlisted,2025-11-07 03:06
E0009803,A005006,R05,ai_score_viewed,2026-04-11 00:32
E0009804,A005007,R09,profile_opened,2025-12-09 20:58
E0009805,A005007,R06,ai_score_viewed,2025-12-09 21:02
E0009806,A005007,R08,shortlisted,2025-12-10 04:28
E0009807,A005008,R02,profile_opened,2026-02-05 14:47
E0009808,A005008,R12,shortlisted,2026-02-05 21:19
E0009809,A005009,R06,ai_score_viewed,2026-01-28 13:24
E0009810,A005010,R10,ai_score_viewed,2026-05-23 01:47
E0009811,A005011,R08,profile_opened,2026-03-08 08:22
E0009812,A005011,R08,ai_score_viewed,2026-03-08 08:29
E0009813,A005011,R10,shortlisted,2026-03-08 13:24
E0009814,A005012,R04,profile_opened,2025-09-20 13:12
E0009815,A005012,R05,ai_score_viewed,2025-09-20 13:53
E0009816,A005012,R08,shortlisted,2025-09-20 23:04
E0009817,A005013,R11,profile_opened,2026-05-13 09:20
E0009818,A005013,R11,shortlisted,2026-05-13 14:08
E0009819,A005014,R11,profile_opened,2026-07-13 22:12
E0009820,A005015,R02,profile_opened,2026-04-26 23:30
E0009821,A005015,R06,ai_score_viewed,2026-04-27 00:02
E0009822,A005016,R12,profile_opened,2026-02-19 05:06
E0009823,A005016,R11,ai_score_viewed,2026-02-19 05:16
E0009824,A005017,R10,shortlisted,2025-10-23 01:51
E0009825,A005018,R04,profile_opened,2026-07-22 21:55
E0009826,A005018,R06,ai_score_viewed,2026-07-22 21:58
E0009827,A005019,R01,profile_opened,2026-03-07 06:29
E0009828,A005019,R01,ai_score_viewed,2026-03-07 06:59
E0009829,A005020,R02,profile_opened,2025-12-09 20:43
E0009830,A005020,R06,ai_score_viewed,2025-12-09 21:31
E0009831,A005021,R10,profile_opened,2025-12-07 13:34
E0009832,A005021,R07,ai_score_viewed,2025-12-07 14:28
E0009833,A005021,R05,shortlisted,2025-12-07 15:41
E0009834,A005022,R11,profile_opened,2026-06-29 21:11
E0009835,A005022,R12,ai_score_viewed,2026-06-29 21:39
E0009836,A005022,R07,shortlisted,2026-06-30 03:18
E0009837,A005023,R02,profile_opened,2026-03-22 01:30
E0009838,A005024,R07,profile_opened,2026-01-12 07:49
E0009839,A005024,R02,ai_score_viewed,2026-01-12 08:27
E0009840,A005024,R01,shortlisted,2026-01-12 16:31
E0009841,A005025,R04,profile_opened,2026-01-22 09:39
E0009842,A005025,R11,ai_score_viewed,2026-01-22 09:59
E0009843,A005026,R07,profile_opened,2025-11-16 05:53
E0009844,A005026,R12,shortlisted,2025-11-16 10:26
E0009845,A005027,R07,profile_opened,2026-01-09 19:42
E0009846,A005028,R08,profile_opened,2026-06-03 16:49
E0009847,A005028,R11,ai_score_viewed,2026-06-03 17:24
E0009848,A005028,R11,shortlisted,2026-06-04 01:02
E0009849,A005029,R01,profile_opened,2025-11-27 09:27
E0009850,A005029,R08,ai_score_viewed,2025-11-27 09:54
E0009851,A005030,R01,profile_opened,2025-09-18 13:03
E0009852,A005030,R01,ai_score_viewed,2025-09-18 14:03
E0009853,A005031,R05,profile_opened,2026-01-03 21:32
E0009854,A005031,R12,shortlisted,2026-01-04 01:13
E0009855,A005032,R05,profile_opened,2026-07-13 18:27
E0009856,A005032,R06,ai_score_viewed,2026-07-13 19:27
E0009857,A005032,R09,shortlisted,2026-07-13 20:43
E0009858,A005033,R03,profile_opened,2025-11-27 00:17
E0009859,A005033,R11,ai_score_viewed,2025-11-27 00:25
E0009860,A005034,R06,profile_opened,2026-06-10 18:42
E0009861,A005034,R11,ai_score_viewed,2026-06-10 19:00
E0009862,A005034,R01,shortlisted,2026-06-10 19:48
E0009863,A005035,R04,profile_opened,2025-12-15 09:03
E0009864,A005036,R09,profile_opened,2025-12-23 21:58
E0009865,A005036,R07,ai_score_viewed,2025-12-23 22:14
E0009866,A005037,R06,profile_opened,2026-03-22 04:28
E0009867,A005037,R12,ai_score_viewed,2026-03-22 04:48
E0009868,A005038,R01,profile_opened,2026-04-07 12:16
E0009869,A005038,R03,ai_score_viewed,2026-04-07 12:17
E0009870,A005038,R12,shortlisted,2026-04-07 15:57
E0009871,A005039,R12,profile_opened,2026-02-19 08:17
E0009872,A005040,R05,profile_opened,2025-10-02 19:34
E0009873,A005040,R10,shortlisted,2025-10-02 21:24
E0009874,A005041,R04,profile_opened,2025-11-07 23:19
E0009875,A005041,R09,ai_score_viewed,2025-11-07 23:22
E0009876,A005041,R11,shortlisted,2025-11-08 05:51
E0009877,A005042,R11,profile_opened,2026-02-04 11:32
E0009878,A005043,R07,profile_opened,2025-09-29 20:21
E0009879,A005043,R01,ai_score_viewed,2025-09-29 20:29
E0009880,A005044,R12,profile_opened,2026-01-21 13:01
E0009881,A005045,R01,profile_opened,2026-01-15 11:33
E0009882,A005045,R01,ai_score_viewed,2026-01-15 12:18
E0009883,A005046,R10,profile_opened,2026-01-11 00:59
E0009884,A005047,R05,profile_opened,2025-12-15 11:42
E0009885,A005047,R08,ai_score_viewed,2025-12-15 12:02
E0009886,A005048,R05,profile_opened,2025-12-09 01:26
E0009887,A005048,R06,ai_score_viewed,2025-12-09 01:53
E0009888,A005049,R06,profile_opened,2025-12-31 12:07
E0009889,A005049,R10,ai_score_viewed,2025-12-31 12:47
E0009890,A005050,R01,profile_opened,2026-06-23 17:42
E0009891,A005050,R12,ai_score_viewed,2026-06-23 18:02
E0009892,A005050,R08,shortlisted,2026-06-23 21:28
E0009893,A005051,R04,profile_opened,2026-02-05 06:57
E0009894,A005052,R04,profile_opened,2026-01-31 07:21
E0009895,A005052,R07,ai_score_viewed,2026-01-31 07:44
E0009896,A005052,R12,shortlisted,2026-01-31 09:13
E0009897,A005053,R09,profile_opened,2025-12-05 23:53
E0009898,A005053,R10,ai_score_viewed,2025-12-05 23:56
E0009899,A005053,R09,shortlisted,2025-12-06 05:40
E0009900,A005054,R09,profile_opened,2026-06-28 13:35
E0009901,A005054,R12,ai_score_viewed,2026-06-28 13:39
E0009902,A005055,R08,profile_opened,2026-01-13 01:50
E0009903,A005056,R10,profile_opened,2026-02-27 19:20
E0009904,A005056,R10,ai_score_viewed,2026-02-27 20:02
E0009905,A005056,R10,shortlisted,2026-02-27 22:21
E0009906,A005057,R06,profile_opened,2026-03-06 22:20
E0009907,A005057,R03,ai_score_viewed,2026-03-06 23:04
E0009908,A005057,R10,shortlisted,2026-03-07 01:18
E0009909,A005058,R11,profile_opened,2026-04-22 03:04
E0009910,A005058,R03,ai_score_viewed,2026-04-22 03:12
E0009911,A005059,R07,profile_opened,2026-04-01 06:07
E0009912,A005059,R07,ai_score_viewed,2026-04-01 06:56
E0009913,A005059,R06,shortlisted,2026-04-01 13:48
E0009914,A005060,R10,profile_opened,2026-04-12 00:04
E0009915,A005060,R11,shortlisted,2026-04-12 08:45
E0009916,A005061,R10,profile_opened,2026-07-07 10:57
E0009917,A005061,R08,ai_score_viewed,2026-07-07 11:05
E0009918,A005062,R10,profile_opened,2025-10-25 18:57
E0009919,A005062,R06,ai_score_viewed,2025-10-25 19:20
E0009920,A005063,R09,shortlisted,2026-07-13 01:22
E0009921,A005064,R12,profile_opened,2025-10-14 01:26
E0009922,A005064,R06,ai_score_viewed,2025-10-14 01:53
E0009923,A005064,R05,shortlisted,2025-10-14 09:39
E0009924,A005065,R12,profile_opened,2026-05-27 17:45
E0009925,A005065,R12,ai_score_viewed,2026-05-27 17:56
E0009926,A005065,R01,shortlisted,2026-05-28 01:17
E0009927,A005066,R12,profile_opened,2025-10-23 12:53
E0009928,A005066,R01,ai_score_viewed,2025-10-23 13:31
E0009929,A005067,R07,profile_opened,2026-05-15 12:24
E0009930,A005067,R11,shortlisted,2026-05-15 15:29
E0009931,A005068,R02,profile_opened,2025-10-27 02:43
E0009932,A005068,R09,ai_score_viewed,2025-10-27 03:39
E0009933,A005068,R08,shortlisted,2025-10-27 07:50
E0009934,A005069,R07,profile_opened,2026-05-24 10:39
E0009935,A005069,R01,ai_score_viewed,2026-05-24 11:13
E0009936,A005070,R07,profile_opened,2026-01-25 16:33
E0009937,A005070,R03,ai_score_viewed,2026-01-25 17:24
E0009938,A005071,R05,profile_opened,2025-12-20 20:46
E0009939,A005071,R03,ai_score_viewed,2025-12-20 21:31
E0009940,A005072,R12,profile_opened,2026-03-01 06:12
E0009941,A005072,R07,shortlisted,2026-03-01 07:20
E0009942,A005073,R08,ai_score_viewed,2026-04-15 05:02
E0009943,A005074,R10,profile_opened,2026-04-15 10:29
E0009944,A005074,R12,ai_score_viewed,2026-04-15 11:03
E0009945,A005074,R02,shortlisted,2026-04-15 13:45
E0009946,A005075,R10,profile_opened,2025-11-18 01:15
E0009947,A005075,R11,ai_score_viewed,2025-11-18 01:29
E0009948,A005076,R03,profile_opened,2026-02-08 12:00
E0009949,A005077,R01,profile_opened,2026-07-18 08:51
E0009950,A005077,R12,ai_score_viewed,2026-07-18 09:16
E0009951,A005078,R05,profile_opened,2026-05-12 11:16
E0009952,A005079,R05,profile_opened,2025-12-14 21:53
E0009953,A005080,R07,profile_opened,2025-09-21 00:57
E0009954,A005080,R05,ai_score_viewed,2025-09-21 01:12
E0009955,A005081,R07,profile_opened,2026-06-07 07:33
E0009956,A005081,R09,shortlisted,2026-06-07 15:09
E0009957,A005082,R12,profile_opened,2026-07-20 10:34
E0009958,A005082,R10,ai_score_viewed,2026-07-20 10:41
E0009959,A005082,R06,shortlisted,2026-07-20 13:10
E0009960,A005083,R12,profile_opened,2026-03-08 15:10
E0009961,A005084,R05,profile_opened,2025-10-17 19:41
E0009962,A005084,R10,ai_score_viewed,2025-10-17 20:05
E0009963,A005084,R07,shortlisted,2025-10-18 01:48
E0009964,A005085,R10,ai_score_viewed,2025-09-13 00:46
E0009965,A005085,R10,shortlisted,2025-09-13 04:20
E0009966,A005086,R12,profile_opened,2025-10-05 06:50
E0009967,A005086,R07,ai_score_viewed,2025-10-05 07:24
E0009968,A005087,R11,profile_opened,2026-06-12 06:48
E0009969,A005087,R12,ai_score_viewed,2026-06-12 07:32
E0009970,A005087,R10,shortlisted,2026-06-12 13:39
E0009971,A005088,R10,profile_opened,2026-05-04 17:08
E0009972,A005088,R08,ai_score_viewed,2026-05-04 17:14
E0009973,A005088,R11,shortlisted,2026-05-04 22:15
E0009974,A005089,R04,profile_opened,2026-06-03 02:37
E0009975,A005089,R02,shortlisted,2026-06-03 04:42
E0009976,A005090,R08,ai_score_viewed,2026-02-23 18:43
E0009977,A005090,R10,shortlisted,2026-02-24 03:08
E0009978,A005091,R11,profile_opened,2026-03-09 12:52
E0009979,A005092,R07,profile_opened,2025-12-06 13:07
E0009980,A005092,R12,ai_score_viewed,2025-12-06 13:16
E0009981,A005093,R07,profile_opened,2026-02-01 05:10
E0009982,A005093,R02,ai_score_viewed,2026-02-01 05:27
E0009983,A005093,R04,shortlisted,2026-02-01 10:36
E0009984,A005094,R10,profile_opened,2026-05-05 11:25
E0009985,A005094,R10,ai_score_viewed,2026-05-05 12:15
E0009986,A005095,R12,profile_opened,2025-09-03 01:16
E0009987,A005095,R05,ai_score_viewed,2025-09-03 01:49
E0009988,A005095,R04,shortlisted,2025-09-03 04:58
E0009989,A005096,R03,profile_opened,2026-03-11 07:33
E0009990,A005096,R09,shortlisted,2026-03-11 09:58
E0009991,A005097,R03,profile_opened,2026-06-26 13:12
E0009992,A005097,R05,ai_score_viewed,2026-06-26 13:39
E0009993,A005097,R11,shortlisted,2026-06-26 21:37
E0009994,A005098,R12,profile_opened,2025-11-09 13:28
E0009995,A005098,R05,ai_score_viewed,2025-11-09 13:56
E0009996,A005099,R02,profile_opened,2026-04-28 00:41
E0009997,A005099,R03,ai_score_viewed,2026-04-28 01:04
E0009998,A005099,R04,shortlisted,2026-04-28 02:19
E0009999,A005100,R04,profile_opened,2025-10-03 04:16
E0010000,A005100,R02,ai_score_viewed,2025-10-03 04:33
E0010001,A005101,R09,profile_opened,2026-02-09 19:33
E0010002,A005101,R05,ai_score_viewed,2026-02-09 20:14
E0010003,A005101,R10,shortlisted,2026-02-10 01:57
E0010004,A005102,R12,profile_opened,2026-01-06 22:21
E0010005,A005102,R09,shortlisted,2026-01-07 06:38
E0010006,A005103,R03,profile_opened,2026-07-03 17:07
E0010007,A005103,R12,ai_score_viewed,2026-07-03 17:49
E0010008,A005104,R06,profile_opened,2026-06-07 17:50
E0010009,A005105,R01,shortlisted,2026-04-24 19:27
E0010010,A005106,R05,profile_opened,2026-06-24 16:26
E0010011,A005106,R10,ai_score_viewed,2026-06-24 16:28
E0010012,A005106,R07,shortlisted,2026-06-24 20:45
E0010013,A005107,R10,profile_opened,2025-12-25 09:24
E0010014,A005107,R07,ai_score_viewed,2025-12-25 09:54
E0010015,A005108,R05,profile_opened,2025-11-25 22:21
E0010016,A005108,R11,ai_score_viewed,2025-11-25 22:39
E0010017,A005109,R08,profile_opened,2026-05-28 13:51
E0010018,A005109,R04,ai_score_viewed,2026-05-28 14:01
E0010019,A005109,R08,shortlisted,2026-05-28 16:10
E0010020,A005110,R10,profile_opened,2025-12-21 12:26
E0010021,A005110,R07,ai_score_viewed,2025-12-21 13:25
E0010022,A005110,R05,shortlisted,2025-12-21 14:17
E0010023,A005111,R05,profile_opened,2026-01-28 06:04
E0010024,A005111,R12,ai_score_viewed,2026-01-28 06:52
E0010025,A005111,R02,shortlisted,2026-01-28 09:32
E0010026,A005112,R08,profile_opened,2026-07-08 13:29
E0010027,A005112,R03,ai_score_viewed,2026-07-08 14:03
E0010028,A005113,R05,profile_opened,2026-02-24 18:39
E0010029,A005113,R10,ai_score_viewed,2026-02-24 19:18
E0010030,A005113,R01,shortlisted,2026-02-25 01:50
E0010031,A005114,R03,ai_score_viewed,2025-10-05 11:35
E0010032,A005115,R06,profile_opened,2025-11-16 18:06
E0010033,A005115,R06,ai_score_viewed,2025-11-16 18:46
E0010034,A005116,R06,profile_opened,2026-06-27 01:39
E0010035,A005116,R04,ai_score_viewed,2026-06-27 02:34
E0010036,A005117,R02,profile_opened,2025-09-09 23:57
E0010037,A005118,R10,profile_opened,2025-10-12 06:59
E0010038,A005118,R08,shortlisted,2025-10-12 10:13
E0010039,A005119,R07,ai_score_viewed,2026-06-06 16:57
E0010040,A005119,R06,shortlisted,2026-06-06 19:09
E0010041,A005120,R09,profile_opened,2025-12-23 12:37
E0010042,A005120,R10,shortlisted,2025-12-23 15:00
E0010043,A005121,R04,profile_opened,2025-10-05 22:24
E0010044,A005121,R11,ai_score_viewed,2025-10-05 23:05
E0010045,A005121,R03,shortlisted,2025-10-06 04:08
E0010046,A005122,R08,profile_opened,2026-05-16 03:11
E0010047,A005122,R07,ai_score_viewed,2026-05-16 03:42
E0010048,A005123,R12,profile_opened,2026-03-27 21:59
E0010049,A005124,R05,profile_opened,2025-10-17 18:38
E0010050,A005124,R06,ai_score_viewed,2025-10-17 19:17
E0010051,A005126,R07,profile_opened,2025-12-11 03:59
E0010052,A005127,R11,profile_opened,2025-12-26 16:31
E0010053,A005127,R03,ai_score_viewed,2025-12-26 16:52
E0010054,A005128,R04,profile_opened,2026-03-12 00:49
E0010055,A005128,R03,ai_score_viewed,2026-03-12 01:43
E0010056,A005128,R12,shortlisted,2026-03-12 02:12
E0010057,A005129,R08,profile_opened,2025-09-12 03:03
E0010058,A005130,R12,profile_opened,2026-07-04 12:18
E0010059,A005130,R11,shortlisted,2026-07-04 14:14
E0010060,A005131,R12,profile_opened,2026-01-10 10:46
E0010061,A005131,R01,ai_score_viewed,2026-01-10 10:52
E0010062,A005132,R10,profile_opened,2026-03-23 18:10
E0010063,A005132,R04,ai_score_viewed,2026-03-23 18:11
E0010064,A005133,R09,profile_opened,2025-09-07 19:38
E0010065,A005133,R08,ai_score_viewed,2025-09-07 20:34
E0010066,A005134,R05,profile_opened,2026-07-23 22:45
E0010067,A005134,R10,ai_score_viewed,2026-07-23 23:16
E0010068,A005134,R03,shortlisted,2026-07-24 06:32
E0010069,A005135,R07,profile_opened,2025-12-22 00:18
E0010070,A005135,R01,ai_score_viewed,2025-12-22 00:59
E0010071,A005136,R08,profile_opened,2026-05-06 08:38
E0010072,A005136,R01,ai_score_viewed,2026-05-06 09:20
E0010073,A005136,R12,shortlisted,2026-05-06 14:54
E0010074,A005137,R07,profile_opened,2026-03-07 20:22
E0010075,A005137,R03,shortlisted,2026-03-08 03:41
E0010076,A005138,R08,profile_opened,2026-07-02 01:01
E0010077,A005138,R09,ai_score_viewed,2026-07-02 01:14
E0010078,A005138,R07,shortlisted,2026-07-02 09:20
E0010079,A005139,R06,profile_opened,2026-05-19 11:36
E0010080,A005140,R08,profile_opened,2026-03-23 11:35
E0010081,A005141,R03,profile_opened,2025-12-05 06:31
E0010082,A005141,R12,ai_score_viewed,2025-12-05 06:58
E0010083,A005141,R09,shortlisted,2025-12-05 07:34
E0010084,A005142,R08,profile_opened,2026-03-25 17:44
E0010085,A005142,R04,ai_score_viewed,2026-03-25 18:28
E0010086,A005143,R12,profile_opened,2026-02-20 05:31
E0010087,A005143,R04,shortlisted,2026-02-20 13:44
E0010088,A005144,R08,profile_opened,2025-09-19 09:36
E0010089,A005145,R01,profile_opened,2025-09-07 09:16
E0010090,A005146,R01,profile_opened,2026-07-12 14:09
E0010091,A005146,R10,ai_score_viewed,2026-07-12 15:08
E0010092,A005146,R09,shortlisted,2026-07-12 22:50
E0010093,A005147,R06,profile_opened,2026-06-19 09:52
E0010094,A005148,R09,profile_opened,2025-12-19 06:10
E0010095,A005148,R12,ai_score_viewed,2025-12-19 06:14
E0010096,A005149,R08,profile_opened,2026-03-31 19:57
E0010097,A005149,R03,ai_score_viewed,2026-03-31 20:32
E0010098,A005150,R08,profile_opened,2026-03-15 20:00
E0010099,A005151,R05,shortlisted,2026-06-15 15:09
E0010100,A005152,R07,profile_opened,2026-01-29 00:21
E0010101,A005154,R03,profile_opened,2026-07-24 07:09
E0010102,A005154,R04,ai_score_viewed,2026-07-24 07:47
E0010103,A005154,R08,shortlisted,2026-07-24 14:27
E0010104,A005155,R10,profile_opened,2026-05-16 00:00
E0010105,A005155,R02,ai_score_viewed,2026-05-16 00:38
E0010106,A005156,R07,profile_opened,2025-12-16 15:49
E0010107,A005156,R02,shortlisted,2025-12-16 21:54
E0010108,A005157,R05,profile_opened,2026-02-22 05:47
E0010109,A005157,R12,ai_score_viewed,2026-02-22 06:44
E0010110,A005158,R09,profile_opened,2026-07-06 08:51
E0010111,A005158,R09,ai_score_viewed,2026-07-06 09:24
E0010112,A005158,R04,shortlisted,2026-07-06 14:30
E0010113,A005159,R12,profile_opened,2025-10-08 01:09
E0010114,A005159,R08,ai_score_viewed,2025-10-08 01:47
E0010115,A005160,R01,profile_opened,2026-01-22 05:12
E0010116,A005160,R10,ai_score_viewed,2026-01-22 05:28
E0010117,A005161,R09,profile_opened,2026-07-21 10:30
E0010118,A005161,R09,ai_score_viewed,2026-07-21 11:14
E0010119,A005162,R01,profile_opened,2025-12-23 09:06
E0010120,A005162,R11,ai_score_viewed,2025-12-23 09:21
E0010121,A005163,R07,profile_opened,2025-09-23 19:01
E0010122,A005163,R08,ai_score_viewed,2025-09-23 19:17
E0010123,A005163,R10,shortlisted,2025-09-23 23:58
E0010124,A005164,R11,profile_opened,2025-09-07 13:04
E0010125,A005164,R08,ai_score_viewed,2025-09-07 13:22
E0010126,A005165,R11,profile_opened,2026-06-16 01:01
E0010127,A005165,R06,ai_score_viewed,2026-06-16 01:18
E0010128,A005165,R05,shortlisted,2026-06-16 02:15
E0010129,A005166,R02,profile_opened,2026-04-20 20:47
E0010130,A005166,R04,ai_score_viewed,2026-04-20 21:12
E0010131,A005167,R07,profile_opened,2026-04-24 22:44
E0010132,A005167,R04,shortlisted,2026-04-25 02:28
E0010133,A005168,R01,profile_opened,2026-04-19 00:06
E0010134,A005168,R12,ai_score_viewed,2026-04-19 00:49
E0010135,A005168,R01,shortlisted,2026-04-19 03:20
E0010136,A005169,R07,profile_opened,2026-01-17 04:15
E0010137,A005169,R09,ai_score_viewed,2026-01-17 04:39
E0010138,A005169,R12,shortlisted,2026-01-17 12:44
E0010139,A005170,R01,profile_opened,2026-07-13 06:07
E0010140,A005171,R02,profile_opened,2026-06-28 14:34
E0010141,A005171,R07,ai_score_viewed,2026-06-28 15:03
E0010142,A005172,R09,profile_opened,2026-02-04 02:03
E0010143,A005172,R12,ai_score_viewed,2026-02-04 02:14
E0010144,A005173,R12,profile_opened,2026-01-28 22:08
E0010145,A005173,R03,shortlisted,2026-01-29 05:34
E0010146,A005174,R09,profile_opened,2026-02-10 19:00
E0010147,A005174,R10,ai_score_viewed,2026-02-10 19:14
E0010148,A005175,R12,profile_opened,2025-12-30 19:59
E0010149,A005175,R08,ai_score_viewed,2025-12-30 20:39
E0010150,A005176,R06,profile_opened,2026-01-28 12:46
E0010151,A005177,R08,profile_opened,2026-03-13 03:24
E0010152,A005178,R12,profile_opened,2026-04-02 01:16
E0010153,A005178,R03,ai_score_viewed,2026-04-02 01:19
E0010154,A005179,R04,profile_opened,2025-10-26 07:38
E0010155,A005179,R11,ai_score_viewed,2025-10-26 08:05
E0010156,A005180,R10,profile_opened,2026-03-24 22:08
E0010157,A005180,R07,ai_score_viewed,2026-03-24 22:50
E0010158,A005181,R04,profile_opened,2025-12-27 23:53
E0010159,A005182,R04,profile_opened,2025-10-01 15:31
E0010160,A005183,R10,profile_opened,2025-12-10 04:07
E0010161,A005184,R04,profile_opened,2025-09-25 09:59
E0010162,A005184,R11,ai_score_viewed,2025-09-25 10:59
E0010163,A005184,R08,shortlisted,2025-09-25 14:29
E0010164,A005185,R10,profile_opened,2025-11-13 05:35
E0010165,A005185,R02,ai_score_viewed,2025-11-13 06:27
E0010166,A005186,R05,profile_opened,2026-05-11 07:53
E0010167,A005186,R04,ai_score_viewed,2026-05-11 08:53
E0010168,A005186,R05,shortlisted,2026-05-11 16:29
E0010169,A005187,R11,profile_opened,2025-09-08 22:06
E0010170,A005187,R08,ai_score_viewed,2025-09-08 22:37
E0010171,A005188,R09,profile_opened,2026-03-14 20:13
E0010172,A005188,R06,ai_score_viewed,2026-03-14 21:13
E0010173,A005189,R10,profile_opened,2025-11-01 04:44
E0010174,A005189,R07,ai_score_viewed,2025-11-01 05:33
E0010175,A005191,R08,shortlisted,2025-09-25 05:16
E0010176,A005192,R03,profile_opened,2025-10-19 13:41
E0010177,A005192,R03,ai_score_viewed,2025-10-19 14:32
E0010178,A005192,R02,shortlisted,2025-10-19 18:58
E0010179,A005193,R02,profile_opened,2025-09-20 00:24
E0010180,A005193,R11,ai_score_viewed,2025-09-20 00:41
E0010181,A005194,R06,profile_opened,2026-02-28 05:04
E0010182,A005195,R12,profile_opened,2026-02-22 17:04
E0010183,A005195,R06,ai_score_viewed,2026-02-22 17:09
E0010184,A005195,R09,shortlisted,2026-02-22 21:23
E0010185,A005196,R04,profile_opened,2025-11-22 13:33
E0010186,A005196,R04,ai_score_viewed,2025-11-22 14:09
E0010187,A005197,R05,profile_opened,2025-12-13 10:40
E0010188,A005198,R04,profile_opened,2025-12-09 20:33
E0010189,A005199,R11,profile_opened,2025-12-30 10:33
E0010190,A005200,R08,profile_opened,2026-07-28 09:03
E0010191,A005201,R09,profile_opened,2026-04-21 02:14
E0010192,A005201,R10,shortlisted,2026-04-21 05:01
E0010193,A005202,R10,profile_opened,2025-09-06 21:50
E0010194,A005202,R11,ai_score_viewed,2025-09-06 22:11
E0010195,A005202,R02,shortlisted,2025-09-07 07:44
E0010196,A005203,R06,profile_opened,2026-05-17 21:26
E0010197,A005203,R10,ai_score_viewed,2026-05-17 22:14
E0010198,A005204,R01,profile_opened,2026-03-11 02:42
E0010199,A005204,R08,ai_score_viewed,2026-03-11 02:56
E0010200,A005204,R01,shortlisted,2026-03-11 10:00
E0010201,A005205,R09,profile_opened,2025-11-21 05:05
E0010202,A005205,R09,shortlisted,2025-11-21 08:20
E0010203,A005206,R12,profile_opened,2026-01-22 19:15
E0010204,A005206,R10,ai_score_viewed,2026-01-22 19:27
E0010205,A005207,R08,profile_opened,2025-10-14 00:19
E0010206,A005207,R02,ai_score_viewed,2025-10-14 01:15
E0010207,A005208,R12,profile_opened,2025-11-29 21:54
E0010208,A005208,R05,shortlisted,2025-11-30 06:48
E0010209,A005209,R08,profile_opened,2026-03-12 15:56
E0010210,A005210,R06,profile_opened,2026-05-14 21:37
E0010211,A005210,R04,ai_score_viewed,2026-05-14 21:55
E0010212,A005210,R01,shortlisted,2026-05-15 01:05
E0010213,A005211,R06,profile_opened,2026-03-08 15:22
E0010214,A005211,R11,ai_score_viewed,2026-03-08 15:40
E0010215,A005212,R05,profile_opened,2026-06-06 04:34
E0010216,A005212,R11,ai_score_viewed,2026-06-06 05:11
E0010217,A005213,R07,profile_opened,2026-04-22 00:30
E0010218,A005214,R10,profile_opened,2026-02-14 13:35
E0010219,A005215,R12,profile_opened,2026-03-30 09:11
E0010220,A005215,R07,ai_score_viewed,2026-03-30 10:03
E0010221,A005215,R01,shortlisted,2026-03-30 11:19
E0010222,A005216,R08,profile_opened,2025-12-11 22:27
E0010223,A005216,R05,ai_score_viewed,2025-12-11 22:29
E0010224,A005217,R01,profile_opened,2025-10-13 12:17
E0010225,A005218,R03,profile_opened,2025-11-16 09:16
E0010226,A005219,R06,profile_opened,2026-04-01 16:22
E0010227,A005219,R06,shortlisted,2026-04-01 20:20
E0010228,A005220,R09,profile_opened,2026-06-04 05:09
E0010229,A005220,R11,ai_score_viewed,2026-06-04 05:30
E0010230,A005221,R01,profile_opened,2026-02-17 15:57
E0010231,A005221,R03,ai_score_viewed,2026-02-17 16:37
E0010232,A005221,R03,shortlisted,2026-02-18 00:53
E0010233,A005222,R05,profile_opened,2025-10-04 01:38
E0010234,A005222,R03,ai_score_viewed,2025-10-04 02:25
E0010235,A005223,R11,profile_opened,2025-11-28 23:11
E0010236,A005224,R06,ai_score_viewed,2026-07-28 10:43
E0010237,A005224,R11,shortlisted,2026-07-28 13:20
E0010238,A005225,R01,profile_opened,2025-12-15 12:29
E0010239,A005225,R07,ai_score_viewed,2025-12-15 13:10
E0010240,A005225,R02,shortlisted,2025-12-15 19:55
E0010241,A005226,R11,profile_opened,2025-09-03 15:20
E0010242,A005226,R10,ai_score_viewed,2025-09-03 16:07
E0010243,A005226,R08,shortlisted,2025-09-03 19:16
E0010244,A005227,R02,profile_opened,2026-01-24 04:44
E0010245,A005228,R12,profile_opened,2026-06-10 23:21
E0010246,A005228,R05,ai_score_viewed,2026-06-10 23:42
E0010247,A005228,R04,shortlisted,2026-06-11 04:39
E0010248,A005229,R06,profile_opened,2025-09-21 01:58
E0010249,A005229,R01,ai_score_viewed,2025-09-21 02:07
E0010250,A005230,R02,profile_opened,2026-01-20 08:33
E0010251,A005230,R03,ai_score_viewed,2026-01-20 09:22
E0010252,A005231,R06,profile_opened,2025-11-09 02:45
E0010253,A005231,R02,ai_score_viewed,2025-11-09 02:57
E0010254,A005232,R12,profile_opened,2025-10-26 03:54
E0010255,A005232,R08,ai_score_viewed,2025-10-26 04:50
E0010256,A005232,R05,shortlisted,2025-10-26 11:34
E0010257,A005233,R06,profile_opened,2026-04-23 23:41
E0010258,A005233,R03,ai_score_viewed,2026-04-24 00:33
E0010259,A005233,R02,shortlisted,2026-04-24 01:20
E0010260,A005234,R05,profile_opened,2025-11-12 11:45
E0010261,A005234,R04,ai_score_viewed,2025-11-12 11:51
E0010262,A005235,R02,profile_opened,2026-03-14 09:21
E0010263,A005235,R10,ai_score_viewed,2026-03-14 09:43
E0010264,A005235,R01,shortlisted,2026-03-14 12:02
E0010265,A005236,R09,ai_score_viewed,2026-04-15 20:35
E0010266,A005237,R11,profile_opened,2025-12-28 06:18
E0010267,A005237,R05,ai_score_viewed,2025-12-28 06:59
E0010268,A005238,R12,profile_opened,2026-05-14 21:29
E0010269,A005238,R07,ai_score_viewed,2026-05-14 22:26
E0010270,A005239,R05,profile_opened,2025-12-04 16:59
E0010271,A005239,R04,ai_score_viewed,2025-12-04 17:44
E0010272,A005240,R09,profile_opened,2026-03-03 21:30
E0010273,A005240,R11,ai_score_viewed,2026-03-03 21:49
E0010274,A005241,R03,profile_opened,2026-04-10 19:51
E0010275,A005241,R02,ai_score_viewed,2026-04-10 20:01
E0010276,A005242,R11,profile_opened,2026-03-04 12:55
E0010277,A005243,R02,profile_opened,2026-05-29 12:09
E0010278,A005244,R09,profile_opened,2025-11-13 03:18
E0010279,A005245,R01,profile_opened,2025-10-19 14:42
E0010280,A005245,R08,ai_score_viewed,2025-10-19 15:03
E0010281,A005246,R07,profile_opened,2026-01-18 16:16
E0010282,A005246,R11,ai_score_viewed,2026-01-18 17:05
E0010283,A005246,R09,shortlisted,2026-01-18 21:08
E0010284,A005247,R04,profile_opened,2026-03-13 15:49
E0010285,A005247,R12,ai_score_viewed,2026-03-13 16:29
E0010286,A005247,R05,shortlisted,2026-03-13 21:17
E0010287,A005249,R07,profile_opened,2026-02-08 14:23
E0010288,A005249,R06,shortlisted,2026-02-08 17:16
E0010289,A005250,R10,profile_opened,2026-05-19 19:28
E0010290,A005251,R10,profile_opened,2026-06-20 05:00
E0010291,A005251,R01,ai_score_viewed,2026-06-20 05:38
E0010292,A005252,R02,profile_opened,2025-12-11 10:28
E0010293,A005253,R12,profile_opened,2026-02-27 19:12
E0010294,A005253,R02,ai_score_viewed,2026-02-27 20:06
E0010295,A005254,R06,ai_score_viewed,2026-01-07 00:07
E0010296,A005255,R11,profile_opened,2025-10-29 09:52
E0010297,A005255,R11,ai_score_viewed,2025-10-29 10:02
E0010298,A005256,R11,profile_opened,2026-06-21 06:18
E0010299,A005256,R12,ai_score_viewed,2026-06-21 07:05
E0010300,A005256,R10,shortlisted,2026-06-21 14:32
E0010301,A005257,R11,profile_opened,2026-02-27 07:14
E0010302,A005257,R08,ai_score_viewed,2026-02-27 07:57
E0010303,A005258,R06,profile_opened,2026-04-06 00:54
E0010304,A005259,R06,profile_opened,2026-02-07 02:38
E0010305,A005259,R12,ai_score_viewed,2026-02-07 03:03
E0010306,A005259,R05,shortlisted,2026-02-07 08:05
E0010307,A005260,R07,profile_opened,2025-12-05 23:53
E0010308,A005260,R07,ai_score_viewed,2025-12-06 00:31
E0010309,A005261,R12,profile_opened,2025-12-23 10:44
E0010310,A005261,R08,ai_score_viewed,2025-12-23 11:13
E0010311,A005261,R12,shortlisted,2025-12-23 14:24
E0010312,A005262,R11,shortlisted,2026-01-22 03:24
E0010313,A005263,R04,profile_opened,2026-03-02 15:53
E0010314,A005263,R01,shortlisted,2026-03-02 17:19
E0010315,A005264,R12,ai_score_viewed,2026-04-08 16:55
E0010316,A005264,R11,shortlisted,2026-04-08 19:05
E0010317,A005265,R02,profile_opened,2026-04-25 06:25
E0010318,A005265,R09,shortlisted,2026-04-25 15:00
E0010319,A005266,R02,profile_opened,2026-06-30 14:06
E0010320,A005266,R09,ai_score_viewed,2026-06-30 14:39
E0010321,A005267,R05,profile_opened,2026-05-25 22:57
E0010322,A005267,R01,ai_score_viewed,2026-05-25 23:39
E0010323,A005268,R11,profile_opened,2026-03-21 18:33
E0010324,A005269,R05,profile_opened,2025-11-30 02:04
E0010325,A005269,R04,ai_score_viewed,2025-11-30 02:19
E0010326,A005269,R01,shortlisted,2025-11-30 09:35
E0010327,A005270,R03,profile_opened,2025-12-08 14:10
E0010328,A005270,R05,shortlisted,2025-12-08 22:02
E0010329,A005271,R07,profile_opened,2026-05-20 10:59
E0010330,A005271,R04,ai_score_viewed,2026-05-20 11:28
E0010331,A005271,R03,shortlisted,2026-05-20 17:29
E0010332,A005272,R04,profile_opened,2025-09-12 11:19
E0010333,A005272,R04,ai_score_viewed,2025-09-12 11:50
E0010334,A005273,R12,profile_opened,2025-10-01 21:03
E0010335,A005273,R10,ai_score_viewed,2025-10-01 21:36
E0010336,A005273,R02,shortlisted,2025-10-02 04:59
E0010337,A005274,R06,profile_opened,2025-10-15 02:16
E0010338,A005275,R03,profile_opened,2026-01-09 15:30
E0010339,A005275,R12,ai_score_viewed,2026-01-09 16:30
E0010340,A005275,R12,shortlisted,2026-01-09 22:13
E0010341,A005276,R12,profile_opened,2025-09-10 02:31
E0010342,A005276,R09,ai_score_viewed,2025-09-10 03:07
E0010343,A005277,R11,profile_opened,2025-09-20 10:07
E0010344,A005277,R04,shortlisted,2025-09-20 14:18
E0010345,A005278,R06,profile_opened,2025-12-21 19:20
E0010346,A005278,R11,ai_score_viewed,2025-12-21 19:31
E0010347,A005279,R02,profile_opened,2025-11-19 18:56
E0010348,A005279,R07,ai_score_viewed,2025-11-19 19:06
E0010349,A005279,R10,shortlisted,2025-11-19 20:32
E0010350,A005280,R06,profile_opened,2026-07-03 17:46
E0010351,A005280,R01,ai_score_viewed,2026-07-03 17:52
E0010352,A005280,R10,shortlisted,2026-07-03 21:03
E0010353,A005281,R11,profile_opened,2026-02-12 13:10
E0010354,A005282,R02,profile_opened,2026-05-14 01:14
E0010355,A005282,R10,ai_score_viewed,2026-05-14 01:56
E0010356,A005282,R07,shortlisted,2026-05-14 05:38
E0010357,A005283,R12,profile_opened,2026-01-25 03:09
E0010358,A005283,R04,ai_score_viewed,2026-01-25 03:39
E0010359,A005284,R02,profile_opened,2026-01-19 06:51
E0010360,A005284,R09,ai_score_viewed,2026-01-19 07:10
E0010361,A005285,R05,profile_opened,2026-03-16 18:00
E0010362,A005285,R02,ai_score_viewed,2026-03-16 18:03
E0010363,A005285,R12,shortlisted,2026-03-16 21:53
E0010364,A005286,R11,profile_opened,2026-05-26 13:44
E0010365,A005286,R12,shortlisted,2026-05-26 19:37
E0010366,A005287,R01,profile_opened,2026-04-21 14:31
E0010367,A005287,R08,ai_score_viewed,2026-04-21 15:17
E0010368,A005288,R08,profile_opened,2026-06-12 17:57
E0010369,A005288,R02,ai_score_viewed,2026-06-12 18:44
E0010370,A005288,R09,shortlisted,2026-06-12 23:07
E0010371,A005289,R12,profile_opened,2026-06-05 07:55
E0010372,A005289,R06,shortlisted,2026-06-05 15:14
E0010373,A005290,R07,profile_opened,2026-05-28 13:02
E0010374,A005290,R12,ai_score_viewed,2026-05-28 13:52
E0010375,A005291,R09,profile_opened,2025-11-04 06:06
E0010376,A005291,R02,ai_score_viewed,2025-11-04 06:27
E0010377,A005291,R07,shortlisted,2025-11-04 08:01
E0010378,A005292,R02,profile_opened,2026-03-11 00:21
E0010379,A005292,R09,ai_score_viewed,2026-03-11 00:36
E0010380,A005293,R04,profile_opened,2025-12-04 21:02
E0010381,A005293,R09,ai_score_viewed,2025-12-04 21:30
E0010382,A005294,R07,profile_opened,2026-03-01 08:34
E0010383,A005294,R01,ai_score_viewed,2026-03-01 08:38
E0010384,A005294,R08,shortlisted,2026-03-01 14:07
E0010385,A005295,R11,profile_opened,2026-03-05 18:17
E0010386,A005296,R07,profile_opened,2026-01-21 22:37
E0010387,A005296,R04,ai_score_viewed,2026-01-21 23:22
E0010388,A005297,R11,profile_opened,2026-01-23 11:46
E0010389,A005298,R05,ai_score_viewed,2026-01-08 07:08
E0010390,A005299,R02,profile_opened,2025-11-20 17:18
E0010391,A005299,R05,ai_score_viewed,2025-11-20 17:38
E0010392,A005300,R03,profile_opened,2026-07-03 08:19
E0010393,A005300,R02,ai_score_viewed,2026-07-03 08:21
E0010394,A005301,R11,profile_opened,2026-03-02 02:31
E0010395,A005301,R04,ai_score_viewed,2026-03-02 03:02
E0010396,A005301,R12,shortlisted,2026-03-02 05:07
E0010397,A005302,R02,profile_opened,2025-12-29 02:17
E0010398,A005302,R04,shortlisted,2025-12-29 04:28
E0010399,A005303,R03,shortlisted,2025-12-08 21:45
E0010400,A005304,R08,profile_opened,2025-09-15 04:16
E0010401,A005304,R09,ai_score_viewed,2025-09-15 04:43
E0010402,A005305,R05,profile_opened,2025-10-27 15:36
E0010403,A005305,R08,ai_score_viewed,2025-10-27 16:16
E0010404,A005305,R06,shortlisted,2025-10-27 17:44
E0010405,A005306,R04,profile_opened,2026-04-27 03:32
E0010406,A005307,R04,profile_opened,2026-06-25 20:08
E0010407,A005307,R11,ai_score_viewed,2026-06-25 20:44
E0010408,A005308,R02,profile_opened,2025-10-11 11:05
E0010409,A005308,R05,shortlisted,2025-10-11 18:34
E0010410,A005309,R04,profile_opened,2026-01-01 13:34
E0010411,A005309,R06,ai_score_viewed,2026-01-01 13:39
E0010412,A005309,R11,shortlisted,2026-01-01 16:28
E0010413,A005310,R02,profile_opened,2026-02-01 01:44
E0010414,A005310,R02,ai_score_viewed,2026-02-01 02:36
E0010415,A005311,R01,profile_opened,2026-04-22 22:03
E0010416,A005312,R06,profile_opened,2025-10-13 02:07
E0010417,A005312,R05,ai_score_viewed,2025-10-13 02:27
E0010418,A005312,R10,shortlisted,2025-10-13 09:20
E0010419,A005313,R03,profile_opened,2026-06-20 08:11
E0010420,A005313,R09,ai_score_viewed,2026-06-20 08:58
E0010421,A005314,R12,profile_opened,2026-05-30 10:04
E0010422,A005314,R05,ai_score_viewed,2026-05-30 10:45
E0010423,A005315,R06,profile_opened,2025-10-16 09:55
E0010424,A005315,R11,ai_score_viewed,2025-10-16 10:15
E0010425,A005316,R09,profile_opened,2026-01-02 18:43
E0010426,A005316,R06,ai_score_viewed,2026-01-02 18:52
E0010427,A005317,R10,profile_opened,2025-10-20 05:33
E0010428,A005317,R02,ai_score_viewed,2025-10-20 06:24
E0010429,A005317,R12,shortlisted,2025-10-20 07:33
E0010430,A005318,R01,profile_opened,2026-04-11 08:07
E0010431,A005318,R01,shortlisted,2026-04-11 11:50
E0010432,A005319,R02,profile_opened,2026-04-17 20:38
E0010433,A005319,R07,ai_score_viewed,2026-04-17 21:31
E0010434,A005320,R12,profile_opened,2025-10-28 17:14
E0010435,A005320,R01,ai_score_viewed,2025-10-28 17:28
E0010436,A005322,R09,profile_opened,2026-05-27 01:26
E0010437,A005322,R12,ai_score_viewed,2026-05-27 02:02
E0010438,A005322,R12,shortlisted,2026-05-27 05:34
E0010439,A005323,R01,profile_opened,2025-09-06 15:44
E0010440,A005323,R12,ai_score_viewed,2025-09-06 16:06
E0010441,A005323,R03,shortlisted,2025-09-06 20:52
E0010442,A005324,R09,profile_opened,2026-01-23 13:18
E0010443,A005324,R08,ai_score_viewed,2026-01-23 13:40
E0010444,A005324,R07,shortlisted,2026-01-23 18:10
E0010445,A005325,R03,profile_opened,2025-11-20 08:35
E0010446,A005325,R12,ai_score_viewed,2025-11-20 08:56
E0010447,A005326,R11,profile_opened,2025-12-24 16:32
E0010448,A005326,R12,ai_score_viewed,2025-12-24 17:00
E0010449,A005327,R12,profile_opened,2026-02-03 01:15
E0010450,A005328,R04,profile_opened,2026-04-11 19:48
E0010451,A005329,R08,profile_opened,2026-04-16 14:02
E0010452,A005329,R06,ai_score_viewed,2026-04-16 14:07
E0010453,A005330,R01,shortlisted,2026-04-11 10:01
E0010454,A005331,R09,profile_opened,2026-04-24 10:39
E0010455,A005331,R11,ai_score_viewed,2026-04-24 11:01
E0010456,A005332,R04,profile_opened,2026-01-28 23:35
E0010457,A005333,R05,profile_opened,2026-03-02 09:26
E0010458,A005333,R12,ai_score_viewed,2026-03-02 09:41
E0010459,A005334,R05,profile_opened,2026-03-07 00:34
E0010460,A005334,R09,ai_score_viewed,2026-03-07 00:38
E0010461,A005334,R12,shortlisted,2026-03-07 04:18
E0010462,A005335,R10,profile_opened,2025-09-07 01:57
E0010463,A005335,R03,ai_score_viewed,2025-09-07 02:45
E0010464,A005336,R04,ai_score_viewed,2026-04-24 14:06
E0010465,A005337,R06,profile_opened,2026-05-17 17:19
E0010466,A005337,R07,ai_score_viewed,2026-05-17 17:34
E0010467,A005338,R11,profile_opened,2026-02-22 08:39
E0010468,A005339,R05,profile_opened,2026-04-03 15:56
E0010469,A005339,R06,ai_score_viewed,2026-04-03 16:04
E0010470,A005340,R04,profile_opened,2025-11-03 22:27
E0010471,A005340,R09,ai_score_viewed,2025-11-03 23:22
E0010472,A005340,R09,shortlisted,2025-11-04 02:21
E0010473,A005341,R06,profile_opened,2025-11-23 02:54
E0010474,A005341,R09,ai_score_viewed,2025-11-23 03:04
E0010475,A005342,R05,profile_opened,2026-04-22 05:01
E0010476,A005342,R08,ai_score_viewed,2026-04-22 05:03
E0010477,A005343,R11,profile_opened,2026-07-18 23:36
E0010478,A005343,R04,ai_score_viewed,2026-07-19 00:27
E0010479,A005344,R11,profile_opened,2026-04-12 04:00
E0010480,A005344,R10,ai_score_viewed,2026-04-12 04:46
E0010481,A005344,R08,shortlisted,2026-04-12 12:44
E0010482,A005345,R05,profile_opened,2026-05-27 19:21
E0010483,A005345,R10,ai_score_viewed,2026-05-27 20:00
E0010484,A005345,R02,shortlisted,2026-05-27 22:26
E0010485,A005346,R03,profile_opened,2026-01-18 19:21
E0010486,A005346,R06,ai_score_viewed,2026-01-18 19:32
E0010487,A005346,R10,shortlisted,2026-01-18 22:03
E0010488,A005347,R05,profile_opened,2026-07-06 00:04
E0010489,A005347,R10,shortlisted,2026-07-06 09:47
E0010490,A005348,R01,profile_opened,2026-05-25 01:58
E0010491,A005348,R12,ai_score_viewed,2026-05-25 02:52
E0010492,A005348,R11,shortlisted,2026-05-25 08:12
E0010493,A005349,R03,profile_opened,2026-04-04 14:24
E0010494,A005350,R06,profile_opened,2025-12-22 19:24
E0010495,A005350,R11,ai_score_viewed,2025-12-22 19:37
E0010496,A005350,R01,shortlisted,2025-12-22 22:37
E0010497,A005351,R06,profile_opened,2026-01-01 15:19
E0010498,A005351,R02,shortlisted,2026-01-01 22:18
E0010499,A005352,R10,profile_opened,2025-11-28 15:38
E0010500,A005352,R11,ai_score_viewed,2025-11-28 16:21
E0010501,A005353,R11,profile_opened,2026-07-21 05:15
E0010502,A005353,R05,ai_score_viewed,2026-07-21 05:49
E0010503,A005354,R06,profile_opened,2025-11-20 00:31
E0010504,A005354,R05,ai_score_viewed,2025-11-20 00:59
E0010505,A005355,R03,profile_opened,2026-02-12 18:34
E0010506,A005356,R12,profile_opened,2026-05-15 01:13
E0010507,A005356,R09,ai_score_viewed,2026-05-15 01:30
E0010508,A005356,R05,shortlisted,2026-05-15 10:30
E0010509,A005357,R03,profile_opened,2026-05-04 02:55
E0010510,A005357,R03,ai_score_viewed,2026-05-04 03:53
E0010511,A005358,R08,ai_score_viewed,2025-10-13 06:49
E0010512,A005358,R12,shortlisted,2025-10-13 13:58
E0010513,A005359,R08,profile_opened,2026-07-17 20:54
E0010514,A005359,R08,shortlisted,2026-07-18 03:33
E0010515,A005360,R11,profile_opened,2026-05-11 10:04
E0010516,A005360,R11,shortlisted,2026-05-11 16:38
E0010517,A005361,R08,profile_opened,2025-09-08 11:06
E0010518,A005361,R02,ai_score_viewed,2025-09-08 11:29
E0010519,A005362,R04,profile_opened,2025-09-25 12:23
E0010520,A005362,R02,ai_score_viewed,2025-09-25 13:00
E0010521,A005363,R12,profile_opened,2026-06-04 10:46
E0010522,A005363,R01,shortlisted,2026-06-04 15:42
E0010523,A005364,R09,profile_opened,2026-02-28 05:03
E0010524,A005365,R12,profile_opened,2025-11-22 07:17
E0010525,A005365,R10,ai_score_viewed,2025-11-22 07:48
E0010526,A005366,R04,profile_opened,2025-09-26 00:58
E0010527,A005366,R09,ai_score_viewed,2025-09-26 01:48
E0010528,A005366,R08,shortlisted,2025-09-26 07:35
E0010529,A005367,R03,profile_opened,2026-02-13 06:47
E0010530,A005367,R06,ai_score_viewed,2026-02-13 07:44
E0010531,A005368,R05,profile_opened,2025-12-27 03:39
E0010532,A005368,R05,ai_score_viewed,2025-12-27 04:29
E0010533,A005368,R06,shortlisted,2025-12-27 08:52
E0010534,A005369,R06,profile_opened,2026-06-10 23:24
E0010535,A005369,R08,ai_score_viewed,2026-06-11 00:15
E0010536,A005370,R06,profile_opened,2025-12-15 09:28
E0010537,A005370,R05,ai_score_viewed,2025-12-15 09:37
E0010538,A005370,R07,shortlisted,2025-12-15 17:57
E0010539,A005371,R06,profile_opened,2025-10-24 04:29
E0010540,A005372,R03,profile_opened,2026-06-08 23:10
E0010541,A005372,R04,ai_score_viewed,2026-06-08 23:28
E0010542,A005373,R08,ai_score_viewed,2026-03-02 22:39
E0010543,A005374,R10,profile_opened,2025-11-20 08:31
E0010544,A005374,R03,shortlisted,2025-11-20 14:43
E0010545,A005375,R07,profile_opened,2025-09-19 19:35
E0010546,A005375,R01,ai_score_viewed,2025-09-19 19:38
E0010547,A005375,R08,shortlisted,2025-09-19 22:15
E0010548,A005376,R07,profile_opened,2025-09-11 16:20
E0010549,A005376,R01,ai_score_viewed,2025-09-11 16:33
E0010550,A005376,R04,shortlisted,2025-09-11 23:31
E0010551,A005377,R02,profile_opened,2025-09-19 22:17
E0010552,A005378,R07,profile_opened,2026-05-04 20:13
E0010553,A005378,R07,ai_score_viewed,2026-05-04 21:12
E0010554,A005378,R01,shortlisted,2026-05-05 03:45
E0010555,A005379,R03,ai_score_viewed,2025-11-30 16:19
E0010556,A005380,R03,profile_opened,2025-12-08 23:38
E0010557,A005380,R07,ai_score_viewed,2025-12-09 00:18
E0010558,A005381,R06,profile_opened,2025-10-13 01:44
E0010559,A005381,R03,ai_score_viewed,2025-10-13 02:18
E0010560,A005381,R05,shortlisted,2025-10-13 05:28
E0010561,A005383,R12,profile_opened,2026-06-22 23:49
E0010562,A005384,R07,profile_opened,2025-11-05 18:41
E0010563,A005384,R04,ai_score_viewed,2025-11-05 19:26
E0010564,A005385,R03,profile_opened,2025-10-10 20:05
E0010565,A005385,R10,ai_score_viewed,2025-10-10 20:51
E0010566,A005385,R11,shortlisted,2025-10-10 21:17
E0010567,A005386,R06,profile_opened,2026-02-27 20:06
E0010568,A005386,R11,ai_score_viewed,2026-02-27 20:07
E0010569,A005387,R05,profile_opened,2026-06-01 21:15
E0010570,A005387,R11,shortlisted,2026-06-02 01:30
E0010571,A005388,R11,profile_opened,2025-09-22 12:13
E0010572,A005388,R02,ai_score_viewed,2025-09-22 13:08
E0010573,A005388,R03,shortlisted,2025-09-22 20:05
E0010574,A005389,R10,profile_opened,2025-12-13 19:26
E0010575,A005389,R03,ai_score_viewed,2025-12-13 19:55
E0010576,A005390,R09,profile_opened,2025-09-23 12:52
E0010577,A005390,R01,ai_score_viewed,2025-09-23 12:58
E0010578,A005391,R06,ai_score_viewed,2025-10-13 21:11
E0010579,A005392,R06,profile_opened,2026-06-29 06:40
E0010580,A005392,R05,ai_score_viewed,2026-06-29 06:42
E0010581,A005394,R09,profile_opened,2026-06-11 20:15
E0010582,A005394,R06,ai_score_viewed,2026-06-11 21:05
E0010583,A005394,R11,shortlisted,2026-06-12 01:17
E0010584,A005395,R02,profile_opened,2025-09-24 10:29
E0010585,A005395,R04,ai_score_viewed,2025-09-24 10:55
E0010586,A005396,R01,profile_opened,2026-03-04 15:57
E0010587,A005396,R08,ai_score_viewed,2026-03-04 16:06
E0010588,A005397,R02,profile_opened,2026-01-18 18:56
E0010589,A005397,R06,ai_score_viewed,2026-01-18 19:50
E0010590,A005397,R02,shortlisted,2026-01-19 01:22
E0010591,A005398,R11,profile_opened,2025-12-27 04:24
E0010592,A005398,R09,ai_score_viewed,2025-12-27 04:37
E0010593,A005399,R04,profile_opened,2026-03-30 14:30
E0010594,A005399,R04,shortlisted,2026-03-30 16:50
E0010595,A005400,R12,profile_opened,2025-10-15 04:32
E0010596,A005400,R05,ai_score_viewed,2025-10-15 04:56
E0010597,A005401,R02,profile_opened,2026-04-03 10:07
E0010598,A005401,R06,ai_score_viewed,2026-04-03 10:26
E0010599,A005401,R01,shortlisted,2026-04-03 17:07
E0010600,A005402,R06,profile_opened,2025-12-30 02:20
E0010601,A005402,R06,ai_score_viewed,2025-12-30 03:06
E0010602,A005402,R02,shortlisted,2025-12-30 10:32
E0010603,A005403,R07,profile_opened,2026-05-02 18:58
E0010604,A005403,R08,ai_score_viewed,2026-05-02 19:29
E0010605,A005404,R03,profile_opened,2025-10-29 22:54
E0010606,A005404,R06,ai_score_viewed,2025-10-29 23:46
E0010607,A005404,R09,shortlisted,2025-10-30 00:04
E0010608,A005405,R05,profile_opened,2026-06-27 01:53
E0010609,A005405,R07,ai_score_viewed,2026-06-27 02:29
E0010610,A005406,R06,profile_opened,2026-06-14 19:00
E0010611,A005406,R09,ai_score_viewed,2026-06-14 19:15
E0010612,A005407,R03,profile_opened,2025-11-20 19:06
E0010613,A005407,R02,ai_score_viewed,2025-11-20 19:28
E0010614,A005408,R03,profile_opened,2026-05-29 10:54
E0010615,A005409,R11,profile_opened,2026-04-27 16:37
E0010616,A005409,R12,ai_score_viewed,2026-04-27 16:51
E0010617,A005410,R09,profile_opened,2026-01-24 02:00
E0010618,A005410,R12,shortlisted,2026-01-24 08:37
E0010619,A005411,R12,profile_opened,2026-05-21 18:56
E0010620,A005411,R11,shortlisted,2026-05-22 04:09
E0010621,A005412,R10,profile_opened,2026-06-17 11:26
E0010622,A005413,R05,profile_opened,2026-01-20 23:22
E0010623,A005413,R05,ai_score_viewed,2026-01-20 23:51
E0010624,A005413,R08,shortlisted,2026-01-21 01:24
E0010625,A005414,R03,profile_opened,2026-05-10 03:22
E0010626,A005415,R06,profile_opened,2025-09-11 12:53
E0010627,A005416,R06,profile_opened,2025-11-23 12:42
E0010628,A005416,R07,ai_score_viewed,2025-11-23 13:07
E0010629,A005416,R06,shortlisted,2025-11-23 15:59
E0010630,A005417,R07,profile_opened,2026-01-13 18:07
E0010631,A005417,R10,ai_score_viewed,2026-01-13 18:44
E0010632,A005418,R04,profile_opened,2025-12-09 18:14
E0010633,A005418,R02,ai_score_viewed,2025-12-09 18:31
E0010634,A005419,R12,profile_opened,2026-06-18 23:18
E0010635,A005420,R09,profile_opened,2025-09-03 19:05
E0010636,A005421,R10,profile_opened,2026-04-21 09:04
E0010637,A005421,R05,shortlisted,2026-04-21 11:58
E0010638,A005422,R04,profile_opened,2026-02-21 05:20
E0010639,A005422,R08,ai_score_viewed,2026-02-21 06:08
E0010640,A005424,R09,profile_opened,2026-04-27 10:44
E0010641,A005424,R03,ai_score_viewed,2026-04-27 11:31
E0010642,A005425,R04,profile_opened,2026-06-07 00:03
E0010643,A005425,R07,shortlisted,2026-06-07 09:11
E0010644,A005426,R02,profile_opened,2025-12-07 15:09
E0010645,A005426,R03,ai_score_viewed,2025-12-07 15:15
E0010646,A005426,R02,shortlisted,2025-12-08 00:40
E0010647,A005427,R01,profile_opened,2025-10-03 22:38
E0010648,A005427,R11,ai_score_viewed,2025-10-03 23:33
E0010649,A005427,R08,shortlisted,2025-10-04 07:25
E0010650,A005428,R04,profile_opened,2026-02-12 00:51
E0010651,A005428,R11,ai_score_viewed,2026-02-12 01:08
E0010652,A005429,R03,profile_opened,2026-01-20 23:51
E0010653,A005430,R05,profile_opened,2025-12-26 17:57
E0010654,A005430,R04,ai_score_viewed,2025-12-26 18:53
E0010655,A005431,R01,profile_opened,2025-10-13 09:18
E0010656,A005431,R10,ai_score_viewed,2025-10-13 09:45
E0010657,A005432,R12,profile_opened,2025-09-09 01:38
E0010658,A005432,R03,shortlisted,2025-09-09 05:21
E0010659,A005433,R09,ai_score_viewed,2026-01-04 13:36
E0010660,A005433,R02,shortlisted,2026-01-04 21:27
E0010661,A005434,R11,profile_opened,2026-01-18 05:32
E0010662,A005435,R11,profile_opened,2026-05-04 13:14
E0010663,A005436,R03,profile_opened,2026-04-09 00:06
E0010664,A005436,R05,ai_score_viewed,2026-04-09 00:38
E0010665,A005436,R05,shortlisted,2026-04-09 01:10
E0010666,A005437,R04,profile_opened,2025-09-26 05:53
E0010667,A005437,R02,ai_score_viewed,2025-09-26 06:09
E0010668,A005438,R06,profile_opened,2026-03-29 14:26
E0010669,A005439,R10,profile_opened,2026-02-05 02:05
E0010670,A005439,R12,ai_score_viewed,2026-02-05 02:21
E0010671,A005439,R01,shortlisted,2026-02-05 09:28
E0010672,A005440,R10,profile_opened,2026-05-17 00:57
E0010673,A005441,R03,profile_opened,2026-01-18 06:46
E0010674,A005441,R11,ai_score_viewed,2026-01-18 07:29
E0010675,A005442,R11,profile_opened,2026-02-05 08:02
E0010676,A005442,R06,ai_score_viewed,2026-02-05 08:17
E0010677,A005443,R09,profile_opened,2026-07-05 11:36
E0010678,A005443,R03,ai_score_viewed,2026-07-05 11:53
E0010679,A005444,R01,profile_opened,2025-11-06 07:28
E0010680,A005445,R06,ai_score_viewed,2026-02-13 20:39
E0010681,A005447,R09,profile_opened,2026-04-14 02:03
E0010682,A005447,R03,ai_score_viewed,2026-04-14 02:50
E0010683,A005448,R10,profile_opened,2026-03-12 10:42
E0010684,A005448,R08,ai_score_viewed,2026-03-12 10:46
E0010685,A005448,R04,shortlisted,2026-03-12 14:12
E0010686,A005449,R05,profile_opened,2026-01-26 15:59
E0010687,A005450,R09,profile_opened,2026-06-11 06:45
E0010688,A005450,R04,ai_score_viewed,2026-06-11 07:25
E0010689,A005450,R05,shortlisted,2026-06-11 08:27
E0010690,A005451,R04,profile_opened,2025-12-29 08:38
E0010691,A005451,R06,ai_score_viewed,2025-12-29 08:43
E0010692,A005452,R02,profile_opened,2025-11-21 14:23
E0010693,A005453,R02,ai_score_viewed,2026-05-30 16:57
E0010694,A005454,R02,profile_opened,2026-05-02 11:39
E0010695,A005455,R03,ai_score_viewed,2025-09-29 23:43
E0010696,A005456,R01,profile_opened,2025-12-30 06:03
E0010697,A005456,R01,ai_score_viewed,2025-12-30 06:57
E0010698,A005457,R11,profile_opened,2025-11-14 14:34
E0010699,A005457,R03,ai_score_viewed,2025-11-14 15:30
E0010700,A005457,R08,shortlisted,2025-11-14 21:33
E0010701,A005458,R10,profile_opened,2026-02-03 10:30
E0010702,A005458,R05,shortlisted,2026-02-03 19:50
E0010703,A005459,R11,profile_opened,2026-04-25 11:11
E0010704,A005459,R08,ai_score_viewed,2026-04-25 11:42
E0010705,A005459,R06,shortlisted,2026-04-25 20:02
E0010706,A005460,R10,profile_opened,2026-01-11 04:43
E0010707,A005461,R06,ai_score_viewed,2026-03-20 10:17
E0010708,A005462,R06,profile_opened,2026-07-18 01:58
E0010709,A005463,R10,profile_opened,2026-05-22 19:41
E0010710,A005463,R03,ai_score_viewed,2026-05-22 20:37
E0010711,A005463,R07,shortlisted,2026-05-23 04:44
E0010712,A005464,R08,profile_opened,2025-12-13 23:21
E0010713,A005464,R03,ai_score_viewed,2025-12-13 23:45
E0010714,A005465,R10,profile_opened,2026-01-29 02:24
E0010715,A005465,R03,shortlisted,2026-01-29 04:26
E0010716,A005466,R09,profile_opened,2025-10-09 09:48
E0010717,A005466,R05,shortlisted,2025-10-09 18:07
E0010718,A005467,R05,profile_opened,2026-01-25 00:22
E0010719,A005467,R03,ai_score_viewed,2026-01-25 00:23
E0010720,A005468,R06,profile_opened,2025-11-24 20:26
E0010721,A005468,R04,ai_score_viewed,2025-11-24 20:44
E0010722,A005469,R06,profile_opened,2025-12-12 03:57
E0010723,A005470,R04,profile_opened,2025-10-12 07:27
E0010724,A005471,R03,profile_opened,2025-12-14 18:03
E0010725,A005472,R08,profile_opened,2026-07-17 19:28
E0010726,A005472,R12,shortlisted,2026-07-18 03:56
E0010727,A005473,R07,ai_score_viewed,2026-07-12 16:11
E0010728,A005473,R12,shortlisted,2026-07-12 22:36
E0010729,A005474,R04,profile_opened,2025-09-29 08:38
E0010730,A005474,R02,ai_score_viewed,2025-09-29 09:27
E0010731,A005475,R06,profile_opened,2026-02-04 00:31
E0010732,A005476,R11,profile_opened,2026-05-18 03:55
E0010733,A005477,R11,profile_opened,2026-06-30 17:12
E0010734,A005478,R07,profile_opened,2026-07-10 21:27
E0010735,A005478,R04,ai_score_viewed,2026-07-10 22:18
E0010736,A005479,R12,profile_opened,2025-09-13 14:24
E0010737,A005480,R10,profile_opened,2026-04-18 12:48
E0010738,A005480,R08,shortlisted,2026-04-18 19:33
E0010739,A005481,R01,profile_opened,2025-12-21 00:36
E0010740,A005481,R10,ai_score_viewed,2025-12-21 00:41
E0010741,A005481,R09,shortlisted,2025-12-21 06:36
E0010742,A005482,R04,profile_opened,2026-07-16 07:50
E0010743,A005482,R02,ai_score_viewed,2026-07-16 08:36
E0010744,A005482,R03,shortlisted,2026-07-16 10:56
E0010745,A005483,R06,ai_score_viewed,2025-10-02 10:59
E0010746,A005484,R03,profile_opened,2026-02-15 01:28
E0010747,A005484,R05,shortlisted,2026-02-15 03:57
E0010748,A005485,R08,profile_opened,2026-04-03 03:02
E0010749,A005485,R02,shortlisted,2026-04-03 10:21
E0010750,A005486,R05,ai_score_viewed,2025-10-18 16:29
E0010751,A005487,R04,profile_opened,2026-05-31 10:15
E0010752,A005487,R10,ai_score_viewed,2026-05-31 10:51
E0010753,A005488,R02,profile_opened,2025-10-04 02:47
E0010754,A005488,R11,ai_score_viewed,2025-10-04 03:22
E0010755,A005488,R01,shortlisted,2025-10-04 09:09
E0010756,A005489,R05,ai_score_viewed,2026-07-19 04:01
E0010757,A005490,R01,profile_opened,2025-11-15 05:30
E0010758,A005490,R01,shortlisted,2025-11-15 12:22
E0010759,A005491,R08,profile_opened,2026-04-02 06:30
E0010760,A005492,R04,profile_opened,2026-05-29 04:03
E0010761,A005492,R12,shortlisted,2026-05-29 11:07
E0010762,A005493,R05,profile_opened,2025-12-20 21:16
E0010763,A005493,R05,ai_score_viewed,2025-12-20 21:42
E0010764,A005493,R02,shortlisted,2025-12-21 01:11
E0010765,A005494,R10,profile_opened,2025-11-13 17:46
E0010766,A005494,R05,ai_score_viewed,2025-11-13 18:11
E0010767,A005496,R03,profile_opened,2026-02-20 00:00
E0010768,A005496,R03,ai_score_viewed,2026-02-20 00:01
E0010769,A005497,R10,shortlisted,2026-01-07 20:57
E0010770,A005498,R06,ai_score_viewed,2025-11-03 08:09
E0010771,A005498,R05,shortlisted,2025-11-03 15:50
E0010772,A005499,R03,profile_opened,2026-04-06 03:02
E0010773,A005500,R08,ai_score_viewed,2025-09-18 09:33
E0010774,A005500,R05,shortlisted,2025-09-18 12:48
E0010775,A005501,R02,profile_opened,2025-10-26 09:57
E0010776,A005502,R10,profile_opened,2025-11-19 07:56
E0010777,A005502,R04,shortlisted,2025-11-19 09:43
E0010778,A005503,R03,profile_opened,2026-07-23 10:49
E0010779,A005503,R02,ai_score_viewed,2026-07-23 11:03
E0010780,A005503,R06,shortlisted,2026-07-23 18:26
E0010781,A005504,R07,profile_opened,2025-10-20 10:02
E0010782,A005504,R02,ai_score_viewed,2025-10-20 10:26
E0010783,A005504,R01,shortlisted,2025-10-20 12:40
E0010784,A005505,R03,ai_score_viewed,2026-06-25 06:09
E0010785,A005506,R02,profile_opened,2026-03-25 23:31
E0010786,A005507,R09,profile_opened,2026-02-21 17:59
E0010787,A005508,R10,profile_opened,2026-02-10 16:30
E0010788,A005508,R08,shortlisted,2026-02-10 20:34
E0010789,A005509,R03,profile_opened,2026-04-03 22:07
E0010790,A005509,R08,shortlisted,2026-04-03 23:24
E0010791,A005510,R07,shortlisted,2026-04-19 21:41
E0010792,A005511,R10,profile_opened,2026-05-11 19:17
E0010793,A005511,R08,ai_score_viewed,2026-05-11 19:51
E0010794,A005512,R12,profile_opened,2026-01-01 01:06
E0010795,A005512,R03,ai_score_viewed,2026-01-01 01:31
E0010796,A005513,R01,profile_opened,2025-09-22 04:12
E0010797,A005513,R03,ai_score_viewed,2025-09-22 04:56
E0010798,A005514,R12,profile_opened,2025-09-22 22:44
E0010799,A005514,R11,ai_score_viewed,2025-09-22 23:23
E0010800,A005515,R02,profile_opened,2026-07-21 12:53
E0010801,A005515,R02,ai_score_viewed,2026-07-21 13:17
E0010802,A005515,R04,shortlisted,2026-07-21 19:03
E0010803,A005516,R11,profile_opened,2026-06-17 05:04
E0010804,A005516,R07,ai_score_viewed,2026-06-17 05:17
E0010805,A005516,R03,shortlisted,2026-06-17 10:46
E0010806,A005517,R01,profile_opened,2026-03-17 19:24
E0010807,A005518,R06,ai_score_viewed,2026-01-16 01:47
E0010808,A005518,R05,shortlisted,2026-01-16 07:09
E0010809,A005519,R02,profile_opened,2025-09-13 08:33
E0010810,A005519,R02,ai_score_viewed,2025-09-13 09:20
E0010811,A005519,R12,shortlisted,2025-09-13 12:09
E0010812,A005520,R06,profile_opened,2025-09-14 03:49
E0010813,A005520,R02,ai_score_viewed,2025-09-14 04:10
E0010814,A005520,R12,shortlisted,2025-09-14 06:05
E0010815,A005521,R04,profile_opened,2026-03-12 18:36
E0010816,A005521,R08,shortlisted,2026-03-12 20:01
E0010817,A005522,R12,profile_opened,2026-07-05 07:12
E0010818,A005522,R02,shortlisted,2026-07-05 16:38
E0010819,A005523,R04,profile_opened,2025-09-17 11:01
E0010820,A005523,R05,ai_score_viewed,2025-09-17 11:18
E0010821,A005524,R08,profile_opened,2026-03-19 02:11
E0010822,A005525,R11,profile_opened,2026-02-24 16:57
E0010823,A005525,R08,shortlisted,2026-02-24 22:57
E0010824,A005526,R10,profile_opened,2026-05-12 07:26
E0010825,A005526,R02,ai_score_viewed,2026-05-12 07:45
E0010826,A005526,R05,shortlisted,2026-05-12 14:45
E0010827,A005527,R02,profile_opened,2025-11-29 03:33
E0010828,A005527,R09,shortlisted,2025-11-29 08:33
E0010829,A005528,R09,profile_opened,2026-04-02 22:16
E0010830,A005528,R07,ai_score_viewed,2026-04-02 23:03
E0010831,A005528,R10,shortlisted,2026-04-03 08:00
E0010832,A005529,R12,profile_opened,2025-09-05 08:56
E0010833,A005529,R11,ai_score_viewed,2025-09-05 09:26
E0010834,A005530,R07,profile_opened,2025-11-30 00:45
E0010835,A005530,R08,ai_score_viewed,2025-11-30 00:58
E0010836,A005531,R02,profile_opened,2026-01-10 02:50
E0010837,A005531,R04,shortlisted,2026-01-10 09:40
E0010838,A005532,R12,profile_opened,2026-06-17 08:25
E0010839,A005532,R08,ai_score_viewed,2026-06-17 08:43
E0010840,A005533,R12,profile_opened,2026-06-16 10:21
E0010841,A005533,R11,ai_score_viewed,2026-06-16 10:48
E0010842,A005534,R05,profile_opened,2026-02-13 09:20
E0010843,A005534,R01,ai_score_viewed,2026-02-13 09:51
E0010844,A005535,R02,profile_opened,2026-02-04 00:04
E0010845,A005535,R07,ai_score_viewed,2026-02-04 00:55
E0010846,A005536,R10,profile_opened,2025-11-03 02:26
E0010847,A005537,R05,profile_opened,2025-12-16 01:39
E0010848,A005537,R08,ai_score_viewed,2025-12-16 01:44
E0010849,A005538,R12,profile_opened,2026-05-16 21:32
E0010850,A005539,R03,profile_opened,2026-03-15 02:55
E0010851,A005539,R04,ai_score_viewed,2026-03-15 02:59
E0010852,A005540,R06,profile_opened,2026-06-11 21:58
E0010853,A005540,R04,ai_score_viewed,2026-06-11 21:59
E0010854,A005541,R05,profile_opened,2026-05-11 16:09
E0010855,A005541,R12,ai_score_viewed,2026-05-11 17:04
E0010856,A005542,R03,ai_score_viewed,2026-05-12 07:19
E0010857,A005543,R12,profile_opened,2026-01-13 21:43
E0010858,A005543,R07,ai_score_viewed,2026-01-13 21:46
E0010859,A005543,R12,shortlisted,2026-01-14 01:51
E0010860,A005544,R07,profile_opened,2025-10-29 09:11
E0010861,A005544,R09,ai_score_viewed,2025-10-29 09:45
E0010862,A005545,R12,profile_opened,2025-11-23 08:11
E0010863,A005546,R05,profile_opened,2026-03-06 11:09
E0010864,A005546,R07,ai_score_viewed,2026-03-06 11:17
E0010865,A005547,R12,profile_opened,2025-12-30 02:50
E0010866,A005547,R05,ai_score_viewed,2025-12-30 03:06
E0010867,A005548,R12,profile_opened,2026-01-22 03:45
E0010868,A005548,R01,shortlisted,2026-01-22 06:46
E0010869,A005549,R01,ai_score_viewed,2026-06-05 12:39
E0010870,A005549,R05,shortlisted,2026-06-05 17:39
E0010871,A005550,R07,profile_opened,2025-12-05 04:03
E0010872,A005551,R05,profile_opened,2025-10-01 17:03
E0010873,A005551,R08,ai_score_viewed,2025-10-01 17:11
E0010874,A005551,R04,shortlisted,2025-10-02 01:09
E0010875,A005552,R11,profile_opened,2025-10-04 22:02
E0010876,A005552,R09,ai_score_viewed,2025-10-04 22:32
E0010877,A005553,R03,profile_opened,2026-02-10 06:48
E0010878,A005553,R09,ai_score_viewed,2026-02-10 07:41
E0010879,A005554,R06,profile_opened,2025-12-23 14:14
E0010880,A005554,R10,ai_score_viewed,2025-12-23 15:12
E0010881,A005554,R06,shortlisted,2025-12-23 21:08
E0010882,A005555,R09,profile_opened,2026-05-31 11:09
E0010883,A005555,R07,ai_score_viewed,2026-05-31 11:44
E0010884,A005555,R01,shortlisted,2026-05-31 19:20
E0010885,A005556,R01,profile_opened,2026-01-30 14:29
E0010886,A005556,R06,ai_score_viewed,2026-01-30 14:48
E0010887,A005557,R04,profile_opened,2026-02-27 06:17
E0010888,A005557,R06,ai_score_viewed,2026-02-27 06:22
E0010889,A005558,R10,profile_opened,2026-04-14 20:14
E0010890,A005559,R03,profile_opened,2025-12-24 04:23
E0010891,A005559,R10,ai_score_viewed,2025-12-24 05:09
E0010892,A005560,R09,profile_opened,2026-04-30 17:25
E0010893,A005561,R09,profile_opened,2025-09-25 08:54
E0010894,A005561,R11,ai_score_viewed,2025-09-25 09:37
E0010895,A005562,R11,profile_opened,2025-11-27 08:16
E0010896,A005562,R09,shortlisted,2025-11-27 10:23
E0010897,A005563,R07,profile_opened,2026-07-06 14:29
E0010898,A005563,R11,ai_score_viewed,2026-07-06 15:27
E0010899,A005563,R08,shortlisted,2026-07-06 16:30
E0010900,A005564,R02,ai_score_viewed,2026-04-10 11:21
E0010901,A005565,R06,profile_opened,2026-03-28 17:07
E0010902,A005566,R09,profile_opened,2026-01-03 08:06
E0010903,A005567,R07,profile_opened,2026-07-09 10:53
E0010904,A005567,R01,ai_score_viewed,2026-07-09 11:47
E0010905,A005567,R06,shortlisted,2026-07-09 13:34
E0010906,A005568,R01,profile_opened,2025-11-27 05:21
E0010907,A005568,R08,ai_score_viewed,2025-11-27 05:37
E0010908,A005568,R03,shortlisted,2025-11-27 09:11
E0010909,A005569,R04,profile_opened,2026-01-10 06:05
E0010910,A005570,R10,profile_opened,2025-11-22 04:23
E0010911,A005570,R01,ai_score_viewed,2025-11-22 04:49
E0010912,A005571,R11,profile_opened,2026-01-27 13:53
E0010913,A005572,R07,profile_opened,2026-07-14 15:40
E0010914,A005572,R01,ai_score_viewed,2026-07-14 16:28
E0010915,A005573,R08,profile_opened,2025-09-13 08:33
E0010916,A005574,R11,profile_opened,2025-12-07 20:15
E0010917,A005574,R08,ai_score_viewed,2025-12-07 20:47
E0010918,A005575,R09,profile_opened,2026-07-21 09:41
E0010919,A005576,R02,profile_opened,2026-01-02 00:41
E0010920,A005577,R10,profile_opened,2026-05-07 11:14
E0010921,A005577,R08,shortlisted,2026-05-07 15:17
E0010922,A005578,R01,profile_opened,2025-12-09 18:56
E0010923,A005578,R12,ai_score_viewed,2025-12-09 19:41
E0010924,A005579,R12,profile_opened,2026-07-05 16:26
E0010925,A005579,R10,ai_score_viewed,2026-07-05 17:05
E0010926,A005580,R08,profile_opened,2026-01-11 21:37
E0010927,A005580,R11,shortlisted,2026-01-12 00:30
E0010928,A005581,R08,profile_opened,2026-01-26 05:54
E0010929,A005582,R02,profile_opened,2026-06-30 22:22
E0010930,A005582,R08,shortlisted,2026-07-01 00:23
E0010931,A005583,R06,profile_opened,2026-05-17 04:18
E0010932,A005584,R04,profile_opened,2025-11-12 00:25
E0010933,A005584,R05,ai_score_viewed,2025-11-12 01:22
E0010934,A005585,R08,ai_score_viewed,2026-05-07 14:09
E0010935,A005586,R08,profile_opened,2025-09-17 23:27
E0010936,A005587,R11,profile_opened,2026-01-02 02:32
E0010937,A005587,R02,ai_score_viewed,2026-01-02 03:00
E0010938,A005588,R05,profile_opened,2026-03-17 15:08
E0010939,A005588,R08,ai_score_viewed,2026-03-17 15:14
E0010940,A005589,R12,profile_opened,2026-03-09 11:36
E0010941,A005590,R06,profile_opened,2025-12-07 10:06
E0010942,A005590,R10,ai_score_viewed,2025-12-07 10:38
E0010943,A005590,R03,shortlisted,2025-12-07 18:49
E0010944,A005591,R05,profile_opened,2025-09-15 10:04
E0010945,A005591,R09,ai_score_viewed,2025-09-15 10:16
E0010946,A005592,R08,profile_opened,2025-12-17 20:08
E0010947,A005592,R05,shortlisted,2025-12-17 21:11
E0010948,A005593,R11,profile_opened,2025-12-28 21:28
E0010949,A005593,R06,ai_score_viewed,2025-12-28 21:37
E0010950,A005594,R10,profile_opened,2026-06-14 00:44
E0010951,A005594,R06,ai_score_viewed,2026-06-14 01:42
E0010952,A005595,R02,profile_opened,2025-10-21 18:13
E0010953,A005595,R01,ai_score_viewed,2025-10-21 19:11
E0010954,A005596,R07,profile_opened,2026-04-20 12:29
E0010955,A005597,R06,profile_opened,2026-05-07 15:24
E0010956,A005597,R05,ai_score_viewed,2026-05-07 16:15
E0010957,A005597,R01,shortlisted,2026-05-07 16:40
E0010958,A005598,R08,profile_opened,2026-03-18 01:57
E0010959,A005598,R09,ai_score_viewed,2026-03-18 02:54
E0010960,A005599,R06,profile_opened,2025-11-18 12:31
E0010961,A005599,R04,ai_score_viewed,2025-11-18 13:16
E0010962,A005600,R09,profile_opened,2026-04-28 17:09
E0010963,A005600,R06,ai_score_viewed,2026-04-28 17:19
E0010964,A005602,R10,profile_opened,2026-01-16 17:34
E0010965,A005602,R11,ai_score_viewed,2026-01-16 18:29
E0010966,A005602,R12,shortlisted,2026-01-16 23:07
E0010967,A005603,R04,ai_score_viewed,2026-01-02 22:22
E0010968,A005603,R04,shortlisted,2026-01-03 01:17
E0010969,A005604,R01,profile_opened,2025-10-13 22:40
E0010970,A005604,R01,ai_score_viewed,2025-10-13 22:42
E0010971,A005605,R06,profile_opened,2025-11-21 07:21
E0010972,A005606,R10,profile_opened,2025-10-19 04:52
E0010973,A005606,R03,ai_score_viewed,2025-10-19 05:26
E0010974,A005606,R05,shortlisted,2025-10-19 06:59
E0010975,A005607,R10,profile_opened,2025-12-01 03:08
E0010976,A005607,R04,ai_score_viewed,2025-12-01 03:09
E0010977,A005607,R05,shortlisted,2025-12-01 05:35
E0010978,A005608,R02,profile_opened,2025-09-09 14:14
E0010979,A005608,R10,ai_score_viewed,2025-09-09 14:24
E0010980,A005608,R01,shortlisted,2025-09-09 18:11
E0010981,A005609,R01,profile_opened,2026-06-15 16:40
E0010982,A005610,R02,profile_opened,2026-07-06 10:21
E0010983,A005610,R03,ai_score_viewed,2026-07-06 11:12
E0010984,A005611,R07,profile_opened,2026-04-30 18:29
E0010985,A005611,R11,shortlisted,2026-04-30 19:42
E0010986,A005612,R03,profile_opened,2026-04-05 18:33
E0010987,A005612,R07,ai_score_viewed,2026-04-05 19:06
E0010988,A005612,R02,shortlisted,2026-04-06 03:06
E0010989,A005613,R07,profile_opened,2025-10-23 09:03
E0010990,A005613,R05,ai_score_viewed,2025-10-23 09:59
E0010991,A005613,R09,shortlisted,2025-10-23 10:15
E0010992,A005614,R02,ai_score_viewed,2026-05-01 05:23
E0010993,A005614,R03,shortlisted,2026-05-01 10:38
E0010994,A005615,R04,ai_score_viewed,2026-03-31 17:45
E0010995,A005615,R08,shortlisted,2026-03-31 19:40
E0010996,A005616,R08,profile_opened,2025-11-02 03:08
E0010997,A005616,R09,shortlisted,2025-11-02 08:08
E0010998,A005617,R07,profile_opened,2026-03-15 03:33
E0010999,A005617,R10,ai_score_viewed,2026-03-15 03:47
E0011000,A005617,R01,shortlisted,2026-03-15 10:45
E0011001,A005618,R02,profile_opened,2025-10-03 19:52
E0011002,A005619,R12,profile_opened,2026-02-19 09:56
E0011003,A005619,R10,shortlisted,2026-02-19 16:06
E0011004,A005620,R11,profile_opened,2026-04-26 09:31
E0011005,A005621,R01,profile_opened,2026-06-21 19:05
E0011006,A005621,R07,ai_score_viewed,2026-06-21 19:06
E0011007,A005622,R08,profile_opened,2026-01-13 02:26
E0011008,A005622,R11,ai_score_viewed,2026-01-13 02:53
E0011009,A005623,R02,profile_opened,2026-03-23 01:50
E0011010,A005623,R10,shortlisted,2026-03-23 07:53
E0011011,A005624,R07,profile_opened,2026-01-02 19:09
E0011012,A005624,R03,ai_score_viewed,2026-01-02 19:42
E0011013,A005625,R04,profile_opened,2026-03-29 01:48
E0011014,A005626,R05,profile_opened,2026-04-26 16:44
E0011015,A005626,R09,ai_score_viewed,2026-04-26 17:03
E0011016,A005626,R01,shortlisted,2026-04-26 20:38
E0011017,A005627,R07,profile_opened,2026-05-09 20:50
E0011018,A005628,R02,profile_opened,2026-01-18 20:26
E0011019,A005628,R03,shortlisted,2026-01-19 05:50
E0011020,A005629,R03,profile_opened,2025-09-13 23:02
E0011021,A005629,R08,ai_score_viewed,2025-09-13 23:45
E0011022,A005629,R10,shortlisted,2025-09-14 03:49
E0011023,A005630,R09,profile_opened,2026-03-17 08:25
E0011024,A005630,R05,ai_score_viewed,2026-03-17 08:50
E0011025,A005630,R01,shortlisted,2026-03-17 13:01
E0011026,A005631,R07,profile_opened,2025-11-09 13:53
E0011027,A005631,R04,ai_score_viewed,2025-11-09 14:02
E0011028,A005632,R03,profile_opened,2026-07-23 13:52
E0011029,A005632,R12,ai_score_viewed,2026-07-23 14:44
E0011030,A005633,R12,profile_opened,2026-04-23 09:53
E0011031,A005633,R06,shortlisted,2026-04-23 11:34
E0011032,A005634,R10,profile_opened,2026-03-03 05:45
E0011033,A005635,R07,profile_opened,2026-01-26 18:26
E0011034,A005636,R08,ai_score_viewed,2025-12-10 22:56
E0011035,A005637,R11,profile_opened,2025-10-26 01:29
E0011036,A005637,R08,ai_score_viewed,2025-10-26 01:32
E0011037,A005638,R07,profile_opened,2026-07-07 05:14
E0011038,A005638,R11,ai_score_viewed,2026-07-07 05:25
E0011039,A005639,R05,profile_opened,2025-11-15 09:26
E0011040,A005639,R09,ai_score_viewed,2025-11-15 09:40
E0011041,A005640,R06,profile_opened,2026-06-03 08:50
E0011042,A005640,R02,ai_score_viewed,2026-06-03 09:26
E0011043,A005641,R03,profile_opened,2026-05-08 23:29
E0011044,A005641,R09,ai_score_viewed,2026-05-09 00:16
E0011045,A005641,R11,shortlisted,2026-05-09 01:30
E0011046,A005642,R03,profile_opened,2025-11-24 19:48
E0011047,A005643,R07,profile_opened,2025-09-06 02:58
E0011048,A005643,R07,shortlisted,2025-09-06 05:12
E0011049,A005644,R02,profile_opened,2026-04-18 13:24
E0011050,A005644,R12,shortlisted,2026-04-18 15:50
E0011051,A005645,R03,profile_opened,2025-12-28 08:31
E0011052,A005645,R03,ai_score_viewed,2025-12-28 09:27
E0011053,A005646,R11,profile_opened,2026-07-23 06:12
E0011054,A005646,R04,ai_score_viewed,2026-07-23 06:13
E0011055,A005646,R06,shortlisted,2026-07-23 07:45
E0011056,A005647,R12,profile_opened,2025-11-19 18:27
E0011057,A005647,R03,ai_score_viewed,2025-11-19 18:37
E0011058,A005647,R11,shortlisted,2025-11-19 21:48
E0011059,A005648,R09,profile_opened,2025-10-18 12:33
E0011060,A005648,R02,ai_score_viewed,2025-10-18 13:02
E0011061,A005648,R02,shortlisted,2025-10-18 19:32
E0011062,A005649,R05,profile_opened,2026-03-02 19:03
E0011063,A005649,R09,ai_score_viewed,2026-03-02 19:31
E0011064,A005649,R12,shortlisted,2026-03-03 04:43
E0011065,A005650,R10,profile_opened,2026-05-10 18:02
E0011066,A005651,R09,ai_score_viewed,2025-12-15 21:26
E0011067,A005652,R12,profile_opened,2026-01-22 20:28
E0011068,A005652,R03,ai_score_viewed,2026-01-22 20:49
E0011069,A005652,R10,shortlisted,2026-01-22 22:13
E0011070,A005653,R08,profile_opened,2025-10-11 18:27
E0011071,A005654,R06,profile_opened,2025-10-06 00:28
E0011072,A005655,R07,profile_opened,2026-02-06 11:15
E0011073,A005655,R09,ai_score_viewed,2026-02-06 11:54
E0011074,A005655,R05,shortlisted,2026-02-06 12:44
E0011075,A005656,R09,profile_opened,2026-03-25 07:37
E0011076,A005656,R11,ai_score_viewed,2026-03-25 07:52
E0011077,A005656,R02,shortlisted,2026-03-25 11:55
E0011078,A005657,R10,profile_opened,2026-04-28 15:34
E0011079,A005657,R12,ai_score_viewed,2026-04-28 16:33
E0011080,A005658,R03,profile_opened,2026-04-01 04:42
E0011081,A005659,R08,profile_opened,2025-11-23 14:14
E0011082,A005659,R03,ai_score_viewed,2025-11-23 15:11
E0011083,A005660,R07,profile_opened,2026-05-25 09:59
E0011084,A005660,R06,ai_score_viewed,2026-05-25 10:53
E0011085,A005661,R04,profile_opened,2025-12-02 20:27
E0011086,A005661,R11,ai_score_viewed,2025-12-02 21:05
E0011087,A005661,R12,shortlisted,2025-12-03 05:22
E0011088,A005662,R03,profile_opened,2025-11-19 14:27
E0011089,A005663,R03,profile_opened,2025-11-06 12:18
E0011090,A005663,R05,ai_score_viewed,2025-11-06 13:00
E0011091,A005663,R02,shortlisted,2025-11-06 16:02
E0011092,A005664,R09,profile_opened,2026-05-27 21:00
E0011093,A005664,R12,shortlisted,2026-05-28 01:01
E0011094,A005665,R07,profile_opened,2025-12-11 21:59
E0011095,A005665,R03,ai_score_viewed,2025-12-11 22:28
E0011096,A005666,R09,profile_opened,2026-04-15 03:59
E0011097,A005667,R10,profile_opened,2025-09-09 18:49
E0011098,A005667,R06,ai_score_viewed,2025-09-09 18:56
E0011099,A005667,R07,shortlisted,2025-09-09 21:27
E0011100,A005668,R04,profile_opened,2026-03-11 00:02
E0011101,A005668,R10,ai_score_viewed,2026-03-11 00:35
E0011102,A005669,R10,profile_opened,2025-10-11 10:20
E0011103,A005669,R05,ai_score_viewed,2025-10-11 11:05
E0011104,A005669,R02,shortlisted,2025-10-11 20:10
E0011105,A005670,R02,profile_opened,2026-03-30 00:42
E0011106,A005670,R04,ai_score_viewed,2026-03-30 01:10
E0011107,A005670,R09,shortlisted,2026-03-30 05:02
E0011108,A005671,R12,profile_opened,2026-07-27 10:22
E0011109,A005671,R06,ai_score_viewed,2026-07-27 10:44
E0011110,A005672,R05,profile_opened,2026-02-12 08:36
E0011111,A005672,R01,ai_score_viewed,2026-02-12 08:50
E0011112,A005673,R08,profile_opened,2025-10-10 12:13
E0011113,A005674,R08,profile_opened,2026-05-14 16:04
E0011114,A005675,R02,profile_opened,2026-05-13 15:17
E0011115,A005675,R08,ai_score_viewed,2026-05-13 16:07
E0011116,A005675,R02,shortlisted,2026-05-13 19:17
E0011117,A005676,R10,profile_opened,2025-12-11 19:01
E0011118,A005676,R02,ai_score_viewed,2025-12-11 19:13
E0011119,A005676,R09,shortlisted,2025-12-12 02:33
E0011120,A005677,R08,profile_opened,2025-10-08 01:59
E0011121,A005677,R02,ai_score_viewed,2025-10-08 02:18
E0011122,A005678,R11,profile_opened,2026-02-26 05:21
E0011123,A005678,R12,ai_score_viewed,2026-02-26 06:21
E0011124,A005679,R07,profile_opened,2025-11-16 20:38
E0011125,A005680,R02,ai_score_viewed,2026-03-13 20:45
E0011126,A005680,R12,shortlisted,2026-03-13 23:10
E0011127,A005681,R07,profile_opened,2026-05-19 14:56
E0011128,A005682,R08,profile_opened,2026-04-11 01:05
E0011129,A005682,R12,ai_score_viewed,2026-04-11 01:11
E0011130,A005683,R01,profile_opened,2026-03-18 19:50
E0011131,A005683,R09,ai_score_viewed,2026-03-18 20:00
E0011132,A005683,R01,shortlisted,2026-03-18 23:59
E0011133,A005684,R09,profile_opened,2025-11-24 17:31
E0011134,A005684,R02,ai_score_viewed,2025-11-24 17:37
E0011135,A005684,R07,shortlisted,2025-11-24 19:57
E0011136,A005685,R06,profile_opened,2025-12-31 15:38
E0011137,A005685,R05,ai_score_viewed,2025-12-31 15:59
E0011138,A005685,R08,shortlisted,2025-12-31 17:36
E0011139,A005686,R06,profile_opened,2025-12-02 14:42
E0011140,A005686,R10,ai_score_viewed,2025-12-02 14:53
E0011141,A005686,R11,shortlisted,2025-12-02 18:22
E0011142,A005687,R01,profile_opened,2026-05-02 09:29
E0011143,A005688,R10,profile_opened,2025-09-23 20:26
E0011144,A005688,R04,ai_score_viewed,2025-09-23 21:22
E0011145,A005688,R02,shortlisted,2025-09-23 23:31
E0011146,A005689,R01,profile_opened,2026-07-25 14:04
E0011147,A005689,R06,ai_score_viewed,2026-07-25 15:02
E0011148,A005690,R03,profile_opened,2025-09-08 00:18
E0011149,A005690,R11,ai_score_viewed,2025-09-08 00:23
E0011150,A005691,R09,ai_score_viewed,2026-03-12 09:50
E0011151,A005692,R11,profile_opened,2026-07-06 23:25
E0011152,A005692,R01,shortlisted,2026-07-07 01:57
E0011153,A005693,R07,profile_opened,2025-09-07 15:59
E0011154,A005693,R08,ai_score_viewed,2025-09-07 16:38
E0011155,A005694,R11,profile_opened,2026-01-24 21:43
E0011156,A005694,R10,ai_score_viewed,2026-01-24 22:05
E0011157,A005694,R06,shortlisted,2026-01-24 23:12
E0011158,A005695,R08,ai_score_viewed,2025-11-14 16:36
E0011159,A005695,R05,shortlisted,2025-11-14 18:28
E0011160,A005696,R02,profile_opened,2026-04-08 15:32
E0011161,A005696,R09,ai_score_viewed,2026-04-08 16:07
E0011162,A005696,R08,shortlisted,2026-04-08 19:43
E0011163,A005697,R09,profile_opened,2026-05-06 00:16
E0011164,A005697,R04,shortlisted,2026-05-06 09:10
E0011165,A005698,R10,profile_opened,2026-04-13 21:29
E0011166,A005698,R12,ai_score_viewed,2026-04-13 21:58
E0011167,A005698,R11,shortlisted,2026-04-13 23:53
E0011168,A005699,R01,profile_opened,2026-02-14 02:35
E0011169,A005700,R08,profile_opened,2026-01-15 23:57
E0011170,A005700,R04,ai_score_viewed,2026-01-16 00:18
E0011171,A005701,R12,profile_opened,2025-11-01 15:00
E0011172,A005701,R09,ai_score_viewed,2025-11-01 15:34
E0011173,A005702,R02,profile_opened,2026-02-20 08:07
E0011174,A005702,R06,ai_score_viewed,2026-02-20 08:40
E0011175,A005702,R02,shortlisted,2026-02-20 11:40
E0011176,A005703,R11,ai_score_viewed,2025-11-04 04:10
E0011177,A005704,R05,shortlisted,2026-07-09 21:27
E0011178,A005705,R09,profile_opened,2026-06-10 05:06
E0011179,A005705,R03,shortlisted,2026-06-10 07:40
E0011180,A005706,R12,profile_opened,2026-04-15 02:19
E0011181,A005706,R03,ai_score_viewed,2026-04-15 02:50
E0011182,A005706,R03,shortlisted,2026-04-15 07:40
E0011183,A005707,R07,profile_opened,2026-05-15 00:24
E0011184,A005707,R11,ai_score_viewed,2026-05-15 01:02
E0011185,A005708,R01,profile_opened,2025-11-30 01:22
E0011186,A005708,R06,ai_score_viewed,2025-11-30 01:28
E0011187,A005709,R10,profile_opened,2025-11-27 06:01
E0011188,A005709,R09,ai_score_viewed,2025-11-27 06:56
E0011189,A005710,R07,profile_opened,2026-04-12 00:20
E0011190,A005710,R08,ai_score_viewed,2026-04-12 00:26
E0011191,A005710,R07,shortlisted,2026-04-12 05:50
E0011192,A005711,R07,profile_opened,2026-03-05 07:00
E0011193,A005712,R10,profile_opened,2025-11-21 10:47
E0011194,A005713,R08,profile_opened,2025-09-30 01:03
E0011195,A005713,R02,ai_score_viewed,2025-09-30 01:57
E0011196,A005714,R12,profile_opened,2026-02-21 16:50
E0011197,A005714,R06,ai_score_viewed,2026-02-21 17:36
E0011198,A005714,R10,shortlisted,2026-02-21 23:01
E0011199,A005715,R05,profile_opened,2026-01-19 09:12
E0011200,A005716,R02,ai_score_viewed,2025-11-17 06:58
E0011201,A005717,R10,profile_opened,2026-07-12 17:20
E0011202,A005717,R10,ai_score_viewed,2026-07-12 18:12
E0011203,A005717,R02,shortlisted,2026-07-12 19:43
E0011204,A005718,R08,profile_opened,2026-05-04 15:55
E0011205,A005718,R07,ai_score_viewed,2026-05-04 16:47
E0011206,A005719,R12,shortlisted,2026-02-27 14:37
E0011207,A005720,R11,profile_opened,2026-04-11 21:19
E0011208,A005720,R04,ai_score_viewed,2026-04-11 21:27
E0011209,A005720,R02,shortlisted,2026-04-12 03:29
E0011210,A005721,R08,profile_opened,2026-03-30 08:03
E0011211,A005721,R08,ai_score_viewed,2026-03-30 08:32
E0011212,A005722,R11,profile_opened,2025-12-22 07:03
E0011213,A005722,R05,ai_score_viewed,2025-12-22 07:11
E0011214,A005723,R06,profile_opened,2025-10-13 23:15
E0011215,A005723,R05,ai_score_viewed,2025-10-13 23:38
E0011216,A005724,R12,profile_opened,2026-03-31 04:01
E0011217,A005724,R01,ai_score_viewed,2026-03-31 04:08
E0011218,A005725,R05,profile_opened,2026-06-03 07:00
E0011219,A005725,R02,ai_score_viewed,2026-06-03 07:40
E0011220,A005725,R02,shortlisted,2026-06-03 13:32
E0011221,A005726,R11,profile_opened,2026-04-29 09:34
E0011222,A005726,R02,ai_score_viewed,2026-04-29 10:04
E0011223,A005726,R01,shortlisted,2026-04-29 12:08
E0011224,A005727,R09,profile_opened,2025-12-08 16:48
E0011225,A005727,R05,ai_score_viewed,2025-12-08 17:41
E0011226,A005727,R05,shortlisted,2025-12-09 01:18
E0011227,A005728,R06,profile_opened,2026-06-13 20:22
E0011228,A005728,R02,ai_score_viewed,2026-06-13 20:27
E0011229,A005729,R03,profile_opened,2026-06-05 20:50
E0011230,A005729,R03,shortlisted,2026-06-05 22:27
E0011231,A005730,R09,profile_opened,2026-04-08 01:34
E0011232,A005730,R01,ai_score_viewed,2026-04-08 02:06
E0011233,A005730,R04,shortlisted,2026-04-08 08:44
E0011234,A005731,R08,profile_opened,2026-04-27 04:42
E0011235,A005731,R05,ai_score_viewed,2026-04-27 04:48
E0011236,A005732,R05,profile_opened,2026-06-24 06:06
E0011237,A005732,R11,ai_score_viewed,2026-06-24 06:13
E0011238,A005732,R03,shortlisted,2026-06-24 10:50
E0011239,A005733,R05,profile_opened,2025-10-05 04:43
E0011240,A005733,R01,ai_score_viewed,2025-10-05 05:12
E0011241,A005734,R08,profile_opened,2026-04-13 01:09
E0011242,A005734,R04,shortlisted,2026-04-13 09:48
E0011243,A005735,R10,profile_opened,2026-02-08 02:53
E0011244,A005736,R02,profile_opened,2026-05-12 19:24
E0011245,A005736,R07,ai_score_viewed,2026-05-12 19:57
E0011246,A005736,R09,shortlisted,2026-05-13 02:05
E0011247,A005737,R10,profile_opened,2026-04-04 04:41
E0011248,A005737,R04,ai_score_viewed,2026-04-04 05:18
E0011249,A005737,R04,shortlisted,2026-04-04 06:57
E0011250,A005738,R08,profile_opened,2026-07-19 11:36
E0011251,A005738,R12,ai_score_viewed,2026-07-19 11:38
E0011252,A005739,R12,profile_opened,2026-04-10 22:21
E0011253,A005740,R01,profile_opened,2026-04-02 16:11
E0011254,A005740,R10,ai_score_viewed,2026-04-02 16:48
E0011255,A005740,R08,shortlisted,2026-04-02 23:58
E0011256,A005741,R09,profile_opened,2026-05-02 23:15
E0011257,A005741,R01,shortlisted,2026-05-03 00:17
E0011258,A005742,R10,profile_opened,2026-03-02 22:41
E0011259,A005742,R03,ai_score_viewed,2026-03-02 23:22
E0011260,A005743,R05,ai_score_viewed,2025-12-09 14:48
E0011261,A005744,R09,profile_opened,2026-05-07 14:38
E0011262,A005744,R11,ai_score_viewed,2026-05-07 15:18
E0011263,A005744,R12,shortlisted,2026-05-07 22:30
E0011264,A005745,R02,profile_opened,2025-12-14 00:09
E0011265,A005746,R05,profile_opened,2026-03-23 08:41
E0011266,A005746,R08,ai_score_viewed,2026-03-23 08:58
E0011267,A005747,R08,profile_opened,2025-09-08 02:54
E0011268,A005747,R03,ai_score_viewed,2025-09-08 03:20
E0011269,A005747,R08,shortlisted,2025-09-08 08:28
E0011270,A005748,R02,profile_opened,2026-01-13 15:52
E0011271,A005748,R02,ai_score_viewed,2026-01-13 16:09
E0011272,A005748,R01,shortlisted,2026-01-13 18:47
E0011273,A005749,R12,profile_opened,2026-05-09 14:50
E0011274,A005749,R07,ai_score_viewed,2026-05-09 15:18
E0011275,A005750,R05,profile_opened,2026-03-20 18:48
E0011276,A005751,R05,profile_opened,2026-06-11 23:08
E0011277,A005752,R09,ai_score_viewed,2026-07-04 13:44
E0011278,A005753,R09,profile_opened,2026-05-01 11:47
E0011279,A005753,R03,ai_score_viewed,2026-05-01 11:57
E0011280,A005753,R05,shortlisted,2026-05-01 17:07
E0011281,A005754,R02,profile_opened,2026-07-09 23:29
E0011282,A005754,R11,ai_score_viewed,2026-07-09 23:49
E0011283,A005755,R04,profile_opened,2025-11-03 15:34
E0011284,A005755,R06,ai_score_viewed,2025-11-03 16:32
E0011285,A005756,R05,profile_opened,2025-10-16 04:20
E0011286,A005756,R07,ai_score_viewed,2025-10-16 04:54
E0011287,A005756,R05,shortlisted,2025-10-16 10:27
E0011288,A005757,R05,profile_opened,2026-07-21 02:36
E0011289,A005757,R03,ai_score_viewed,2026-07-21 03:15
E0011290,A005757,R09,shortlisted,2026-07-21 07:30
E0011291,A005758,R04,profile_opened,2025-11-22 09:23
E0011292,A005758,R12,ai_score_viewed,2025-11-22 10:02
E0011293,A005759,R02,profile_opened,2025-10-22 08:32
E0011294,A005760,R08,shortlisted,2026-03-13 17:39
E0011295,A005761,R08,profile_opened,2026-04-03 18:54
E0011296,A005761,R04,ai_score_viewed,2026-04-03 19:48
E0011297,A005762,R01,profile_opened,2025-10-17 10:25
E0011298,A005762,R10,ai_score_viewed,2025-10-17 10:39
E0011299,A005763,R04,profile_opened,2025-09-04 23:35
E0011300,A005763,R11,shortlisted,2025-09-05 08:58
E0011301,A005764,R10,profile_opened,2026-06-13 11:38
E0011302,A005764,R02,ai_score_viewed,2026-06-13 11:39
E0011303,A005764,R10,shortlisted,2026-06-13 13:13
E0011304,A005765,R05,profile_opened,2026-07-16 20:07
E0011305,A005765,R09,ai_score_viewed,2026-07-16 21:04
E0011306,A005766,R12,profile_opened,2026-05-08 06:22
E0011307,A005766,R01,ai_score_viewed,2026-05-08 07:07
E0011308,A005766,R08,shortlisted,2026-05-08 15:10
E0011309,A005767,R02,profile_opened,2026-07-02 19:32
E0011310,A005767,R09,ai_score_viewed,2026-07-02 19:34
E0011311,A005767,R03,shortlisted,2026-07-02 21:28
E0011312,A005768,R08,profile_opened,2026-03-19 20:36
E0011313,A005769,R02,profile_opened,2026-05-25 05:47
E0011314,A005769,R11,shortlisted,2026-05-25 07:52
E0011315,A005770,R01,profile_opened,2025-10-11 21:25
E0011316,A005770,R03,ai_score_viewed,2025-10-11 21:26
E0011317,A005770,R05,shortlisted,2025-10-12 06:52
E0011318,A005771,R01,profile_opened,2026-06-09 19:41
E0011319,A005771,R01,shortlisted,2026-06-10 04:21
E0011320,A005772,R02,profile_opened,2025-10-04 11:39
E0011321,A005772,R10,ai_score_viewed,2025-10-04 12:34
E0011322,A005772,R07,shortlisted,2025-10-04 18:19
E0011323,A005773,R03,profile_opened,2025-11-07 11:00
E0011324,A005774,R05,profile_opened,2025-12-03 22:17
E0011325,A005774,R02,ai_score_viewed,2025-12-03 22:18
E0011326,A005774,R08,shortlisted,2025-12-04 06:24
E0011327,A005775,R03,profile_opened,2026-04-04 22:03
E0011328,A005776,R07,profile_opened,2026-04-25 20:02
E0011329,A005776,R11,ai_score_viewed,2026-04-25 20:37
E0011330,A005776,R10,shortlisted,2026-04-26 03:41
E0011331,A005777,R01,profile_opened,2026-04-14 01:46
E0011332,A005778,R10,profile_opened,2026-07-08 02:45
E0011333,A005778,R10,ai_score_viewed,2026-07-08 03:14
E0011334,A005779,R08,profile_opened,2026-05-24 03:15
E0011335,A005779,R08,shortlisted,2026-05-24 10:05
E0011336,A005780,R03,profile_opened,2025-12-25 04:09
E0011337,A005780,R03,ai_score_viewed,2025-12-25 05:06
E0011338,A005781,R02,profile_opened,2026-04-18 18:36
E0011339,A005781,R01,ai_score_viewed,2026-04-18 19:23
E0011340,A005781,R01,shortlisted,2026-04-18 22:16
E0011341,A005782,R05,profile_opened,2026-05-25 22:53
E0011342,A005782,R02,ai_score_viewed,2026-05-25 22:59
E0011343,A005783,R02,profile_opened,2026-05-08 07:37
E0011344,A005783,R12,ai_score_viewed,2026-05-08 08:30
E0011345,A005784,R10,profile_opened,2025-09-02 17:13
E0011346,A005784,R02,ai_score_viewed,2025-09-02 18:11
E0011347,A005784,R08,shortlisted,2025-09-03 00:36
E0011348,A005785,R12,profile_opened,2026-03-15 15:57
E0011349,A005785,R11,shortlisted,2026-03-15 21:46
E0011350,A005786,R08,profile_opened,2025-11-20 10:49
E0011351,A005787,R01,ai_score_viewed,2026-01-26 07:43
E0011352,A005787,R05,shortlisted,2026-01-26 10:53
E0011353,A005788,R09,profile_opened,2026-07-08 10:03
E0011354,A005789,R05,profile_opened,2025-11-04 01:48
E0011355,A005789,R03,ai_score_viewed,2025-11-04 02:38
E0011356,A005790,R04,profile_opened,2025-10-26 12:28
E0011357,A005790,R07,ai_score_viewed,2025-10-26 13:25
E0011358,A005791,R12,profile_opened,2025-11-29 21:49
E0011359,A005791,R06,ai_score_viewed,2025-11-29 22:13
E0011360,A005792,R02,profile_opened,2026-06-16 03:20
E0011361,A005792,R05,shortlisted,2026-06-16 10:42
E0011362,A005793,R09,profile_opened,2026-02-12 12:35
E0011363,A005793,R09,ai_score_viewed,2026-02-12 12:50
E0011364,A005794,R06,profile_opened,2026-04-16 14:39
E0011365,A005795,R07,profile_opened,2026-04-12 10:04
E0011366,A005795,R04,shortlisted,2026-04-12 19:17
E0011367,A005796,R06,profile_opened,2026-01-04 11:19
E0011368,A005796,R04,ai_score_viewed,2026-01-04 12:16
E0011369,A005797,R04,profile_opened,2026-04-01 10:34
E0011370,A005798,R12,profile_opened,2025-11-29 13:39
E0011371,A005799,R07,profile_opened,2026-04-08 06:08
E0011372,A005800,R10,profile_opened,2026-01-09 08:34
E0011373,A005800,R02,ai_score_viewed,2026-01-09 09:13
E0011374,A005800,R04,shortlisted,2026-01-09 12:42
E0011375,A005801,R10,profile_opened,2025-09-14 07:58
E0011376,A005801,R11,ai_score_viewed,2025-09-14 08:52
E0011377,A005802,R12,ai_score_viewed,2026-01-17 01:36
E0011378,A005803,R10,profile_opened,2026-02-15 05:40
E0011379,A005803,R09,ai_score_viewed,2026-02-15 06:18
E0011380,A005803,R09,shortlisted,2026-02-15 12:43
E0011381,A005804,R07,profile_opened,2026-04-09 22:57
E0011382,A005804,R06,shortlisted,2026-04-10 07:02
E0011383,A005805,R12,profile_opened,2026-04-18 01:32
E0011384,A005805,R04,ai_score_viewed,2026-04-18 01:33
E0011385,A005806,R05,profile_opened,2025-10-17 15:45
E0011386,A005806,R04,ai_score_viewed,2025-10-17 16:06
E0011387,A005806,R05,shortlisted,2025-10-18 01:38
E0011388,A005807,R06,profile_opened,2026-03-02 14:08
E0011389,A005807,R10,ai_score_viewed,2026-03-02 14:23
E0011390,A005807,R09,shortlisted,2026-03-02 16:38
E0011391,A005808,R03,profile_opened,2026-07-09 10:44
E0011392,A005808,R07,shortlisted,2026-07-09 18:23
E0011393,A005809,R06,profile_opened,2026-05-12 22:46
E0011394,A005809,R01,ai_score_viewed,2026-05-12 23:03
E0011395,A005810,R01,profile_opened,2026-06-03 19:31
E0011396,A005810,R10,ai_score_viewed,2026-06-03 20:23
E0011397,A005810,R03,shortlisted,2026-06-03 20:40
E0011398,A005811,R04,ai_score_viewed,2025-11-13 12:33
E0011399,A005812,R08,profile_opened,2026-01-21 19:28
E0011400,A005812,R09,shortlisted,2026-01-21 20:45
E0011401,A005813,R11,profile_opened,2026-01-01 07:32
E0011402,A005813,R06,ai_score_viewed,2026-01-01 08:13
E0011403,A005813,R08,shortlisted,2026-01-01 10:41
E0011404,A005814,R06,profile_opened,2025-10-23 23:56
E0011405,A005814,R06,ai_score_viewed,2025-10-24 00:25
E0011406,A005815,R06,profile_opened,2026-04-14 18:54
E0011407,A005816,R06,profile_opened,2026-03-14 10:42
E0011408,A005816,R08,shortlisted,2026-03-14 18:45
E0011409,A005817,R11,profile_opened,2026-03-02 16:08
E0011410,A005817,R02,shortlisted,2026-03-02 19:11
E0011411,A005818,R05,profile_opened,2025-11-18 05:16
E0011412,A005818,R05,ai_score_viewed,2025-11-18 05:58
E0011413,A005818,R11,shortlisted,2025-11-18 08:56
E0011414,A005819,R12,profile_opened,2025-10-22 23:57
E0011415,A005819,R05,ai_score_viewed,2025-10-23 00:57
E0011416,A005819,R02,shortlisted,2025-10-23 05:35
E0011417,A005820,R02,profile_opened,2026-04-20 22:36
E0011418,A005820,R04,shortlisted,2026-04-21 01:41
E0011419,A005821,R05,profile_opened,2026-01-09 18:48
E0011420,A005821,R06,shortlisted,2026-01-10 01:56
E0011421,A005823,R09,profile_opened,2025-12-09 08:04
E0011422,A005823,R02,ai_score_viewed,2025-12-09 08:44
E0011423,A005824,R02,profile_opened,2026-07-26 16:38
E0011424,A005824,R08,ai_score_viewed,2026-07-26 16:40
E0011425,A005825,R06,profile_opened,2026-03-09 20:37
E0011426,A005826,R11,profile_opened,2026-04-17 14:11
E0011427,A005826,R03,ai_score_viewed,2026-04-17 14:53
E0011428,A005827,R12,profile_opened,2026-04-24 04:19
E0011429,A005828,R02,profile_opened,2025-11-22 09:14
E0011430,A005828,R03,ai_score_viewed,2025-11-22 09:52
E0011431,A005829,R11,profile_opened,2026-03-18 04:48
E0011432,A005830,R12,profile_opened,2026-06-27 11:06
E0011433,A005830,R04,shortlisted,2026-06-27 19:20
E0011434,A005831,R10,profile_opened,2026-04-16 07:01
E0011435,A005831,R03,ai_score_viewed,2026-04-16 07:03
E0011436,A005832,R11,profile_opened,2025-10-23 18:14
E0011437,A005832,R05,ai_score_viewed,2025-10-23 18:52
E0011438,A005832,R03,shortlisted,2025-10-23 20:46
E0011439,A005833,R09,profile_opened,2026-07-26 10:24
E0011440,A005833,R07,shortlisted,2026-07-26 18:20
E0011441,A005834,R08,profile_opened,2026-07-24 15:57
E0011442,A005834,R07,ai_score_viewed,2026-07-24 16:05
E0011443,A005835,R08,profile_opened,2026-04-23 08:27
E0011444,A005835,R10,shortlisted,2026-04-23 11:59
E0011445,A005836,R05,profile_opened,2026-03-11 18:48
E0011446,A005836,R05,shortlisted,2026-03-12 01:15
E0011447,A005837,R07,profile_opened,2026-07-23 16:29
E0011448,A005837,R02,ai_score_viewed,2026-07-23 16:47
E0011449,A005837,R12,shortlisted,2026-07-23 23:40
E0011450,A005838,R10,profile_opened,2026-02-16 11:38
E0011451,A005838,R12,shortlisted,2026-02-16 21:11
E0011452,A005839,R01,profile_opened,2026-05-30 02:59
E0011453,A005840,R01,profile_opened,2025-09-03 19:35
E0011454,A005840,R05,shortlisted,2025-09-03 23:25
E0011455,A005841,R02,profile_opened,2026-06-15 17:08
E0011456,A005841,R01,shortlisted,2026-06-16 03:04
E0011457,A005842,R12,ai_score_viewed,2026-06-15 22:21
E0011458,A005843,R11,profile_opened,2025-10-04 01:40
E0011459,A005843,R06,shortlisted,2025-10-04 06:22
E0011460,A005844,R02,profile_opened,2025-10-15 01:34
E0011461,A005844,R07,ai_score_viewed,2025-10-15 01:54
E0011462,A005845,R01,profile_opened,2025-10-20 21:24
E0011463,A005845,R09,ai_score_viewed,2025-10-20 21:35
E0011464,A005846,R07,profile_opened,2025-10-20 04:27
E0011465,A005847,R04,profile_opened,2025-10-06 00:21
E0011466,A005847,R11,shortlisted,2025-10-06 04:39
E0011467,A005848,R09,profile_opened,2026-01-10 17:44
E0011468,A005848,R06,ai_score_viewed,2026-01-10 18:07
E0011469,A005849,R01,profile_opened,2025-09-14 17:02
E0011470,A005849,R07,ai_score_viewed,2025-09-14 17:26
E0011471,A005849,R05,shortlisted,2025-09-14 23:12
E0011472,A005850,R02,profile_opened,2026-07-25 08:52
E0011473,A005850,R11,shortlisted,2026-07-25 15:32
E0011474,A005851,R11,profile_opened,2025-10-30 06:57
E0011475,A005851,R08,ai_score_viewed,2025-10-30 07:47
E0011476,A005851,R10,shortlisted,2025-10-30 16:27
E0011477,A005852,R09,profile_opened,2025-09-21 16:27
E0011478,A005852,R03,ai_score_viewed,2025-09-21 17:21
E0011479,A005852,R08,shortlisted,2025-09-21 23:47
E0011480,A005853,R12,profile_opened,2025-12-25 02:25
E0011481,A005853,R04,ai_score_viewed,2025-12-25 03:05
E0011482,A005853,R06,shortlisted,2025-12-25 04:17
E0011483,A005854,R06,profile_opened,2025-09-12 00:35
E0011484,A005855,R07,profile_opened,2026-03-13 00:42
E0011485,A005855,R05,ai_score_viewed,2026-03-13 01:05
E0011486,A005856,R08,profile_opened,2025-12-12 05:35
E0011487,A005856,R02,ai_score_viewed,2025-12-12 06:09
E0011488,A005857,R10,profile_opened,2026-05-22 06:50
E0011489,A005858,R06,profile_opened,2026-06-27 07:13
E0011490,A005858,R11,ai_score_viewed,2026-06-27 07:24
E0011491,A005859,R04,profile_opened,2026-06-19 16:34
E0011492,A005859,R05,ai_score_viewed,2026-06-19 17:26
E0011493,A005860,R02,profile_opened,2026-02-23 21:39
E0011494,A005860,R11,shortlisted,2026-02-24 07:20
E0011495,A005861,R12,profile_opened,2025-12-06 03:11
E0011496,A005861,R04,ai_score_viewed,2025-12-06 03:23
E0011497,A005861,R04,shortlisted,2025-12-06 13:00
E0011498,A005862,R04,profile_opened,2026-01-26 06:13
E0011499,A005862,R07,ai_score_viewed,2026-01-26 06:35
E0011500,A005862,R12,shortlisted,2026-01-26 08:35
E0011501,A005863,R03,profile_opened,2026-03-28 08:02
E0011502,A005863,R07,ai_score_viewed,2026-03-28 08:14
E0011503,A005863,R08,shortlisted,2026-03-28 14:37
E0011504,A005864,R04,profile_opened,2026-01-12 11:37
E0011505,A005864,R03,shortlisted,2026-01-12 17:43
E0011506,A005865,R01,profile_opened,2026-03-17 20:18
E0011507,A005865,R02,ai_score_viewed,2026-03-17 20:28
E0011508,A005866,R02,shortlisted,2026-02-11 04:15
E0011509,A005867,R07,ai_score_viewed,2026-01-31 07:53
E0011510,A005867,R11,shortlisted,2026-01-31 11:03
E0011511,A005868,R12,profile_opened,2026-02-06 12:57
E0011512,A005868,R05,ai_score_viewed,2026-02-06 13:49
E0011513,A005869,R10,profile_opened,2025-12-07 06:58
E0011514,A005869,R08,ai_score_viewed,2025-12-07 07:51
E0011515,A005870,R09,profile_opened,2026-03-20 20:01
E0011516,A005870,R04,ai_score_viewed,2026-03-20 20:22
E0011517,A005871,R04,profile_opened,2025-12-30 03:11
E0011518,A005871,R02,shortlisted,2025-12-30 04:46
E0011519,A005872,R04,profile_opened,2026-07-24 05:46
E0011520,A005873,R08,profile_opened,2025-10-18 22:10
E0011521,A005873,R11,ai_score_viewed,2025-10-18 22:38
E0011522,A005874,R04,profile_opened,2026-02-21 21:59
E0011523,A005875,R11,profile_opened,2025-11-07 03:35
E0011524,A005877,R01,shortlisted,2026-01-02 02:47
E0011525,A005878,R01,profile_opened,2026-04-24 00:00
E0011526,A005878,R09,ai_score_viewed,2026-04-24 00:59
E0011527,A005878,R07,shortlisted,2026-04-24 04:24
E0011528,A005879,R07,profile_opened,2026-04-27 01:09
E0011529,A005879,R04,ai_score_viewed,2026-04-27 01:38
E0011530,A005879,R07,shortlisted,2026-04-27 10:01
E0011531,A005880,R04,profile_opened,2026-04-26 01:48
E0011532,A005880,R06,ai_score_viewed,2026-04-26 02:48
E0011533,A005881,R01,profile_opened,2026-01-24 11:09
E0011534,A005881,R06,ai_score_viewed,2026-01-24 11:31
E0011535,A005881,R09,shortlisted,2026-01-24 18:16
E0011536,A005882,R01,profile_opened,2026-05-17 01:56
E0011537,A005882,R11,ai_score_viewed,2026-05-17 02:32
E0011538,A005883,R06,profile_opened,2026-03-08 17:32
E0011539,A005884,R08,profile_opened,2026-01-23 06:32
E0011540,A005884,R12,ai_score_viewed,2026-01-23 06:39
E0011541,A005885,R11,ai_score_viewed,2026-06-25 09:04
E0011542,A005886,R08,profile_opened,2026-07-02 21:50
E0011543,A005887,R11,profile_opened,2026-05-05 18:48
E0011544,A005887,R02,shortlisted,2026-05-06 00:29
E0011545,A005888,R03,profile_opened,2025-09-13 14:31
E0011546,A005888,R04,ai_score_viewed,2025-09-13 14:55
E0011547,A005888,R10,shortlisted,2025-09-13 22:05
E0011548,A005889,R12,profile_opened,2026-02-27 15:26
E0011549,A005890,R09,profile_opened,2026-07-27 00:06
E0011550,A005890,R11,shortlisted,2026-07-27 04:51
E0011551,A005891,R06,profile_opened,2025-12-31 15:07
E0011552,A005891,R01,shortlisted,2025-12-31 22:02
E0011553,A005892,R09,ai_score_viewed,2026-07-28 03:04
E0011554,A005893,R10,profile_opened,2026-06-20 01:39
E0011555,A005894,R01,profile_opened,2025-11-12 00:05
E0011556,A005894,R10,ai_score_viewed,2025-11-12 00:17
E0011557,A005894,R09,shortlisted,2025-11-12 08:32
E0011558,A005895,R08,profile_opened,2026-06-14 01:08
E0011559,A005895,R06,ai_score_viewed,2026-06-14 01:23
E0011560,A005895,R09,shortlisted,2026-06-14 02:30
E0011561,A005896,R03,profile_opened,2026-06-27 10:52
E0011562,A005896,R02,ai_score_viewed,2026-06-27 11:37
E0011563,A005897,R02,profile_opened,2026-06-28 19:41
E0011564,A005897,R09,ai_score_viewed,2026-06-28 20:09
E0011565,A005898,R11,profile_opened,2025-10-11 14:42
E0011566,A005899,R12,profile_opened,2026-07-06 22:42
E0011567,A005899,R08,ai_score_viewed,2026-07-06 23:41
E0011568,A005900,R11,profile_opened,2026-07-24 11:18
E0011569,A005900,R05,ai_score_viewed,2026-07-24 11:55
E0011570,A005900,R07,shortlisted,2026-07-24 17:27
E0011571,A005901,R10,ai_score_viewed,2026-02-16 15:37
E0011572,A005901,R04,shortlisted,2026-02-17 00:02
E0011573,A005902,R11,profile_opened,2026-02-02 15:08
E0011574,A005902,R07,ai_score_viewed,2026-02-02 15:59
E0011575,A005902,R02,shortlisted,2026-02-02 20:27
E0011576,A005903,R06,profile_opened,2025-09-22 11:53
E0011577,A005903,R04,ai_score_viewed,2025-09-22 12:47
E0011578,A005903,R09,shortlisted,2025-09-22 20:57
E0011579,A005904,R02,profile_opened,2026-07-03 07:51
E0011580,A005904,R07,shortlisted,2026-07-03 14:40
E0011581,A005905,R05,profile_opened,2026-05-22 10:08
E0011582,A005905,R01,ai_score_viewed,2026-05-22 10:27
E0011583,A005906,R03,profile_opened,2026-02-03 01:02
E0011584,A005906,R12,ai_score_viewed,2026-02-03 01:27
E0011585,A005906,R06,shortlisted,2026-02-03 03:06
E0011586,A005907,R04,profile_opened,2025-09-25 18:03
E0011587,A005908,R02,profile_opened,2026-06-28 18:00
E0011588,A005908,R04,ai_score_viewed,2026-06-28 18:26
E0011589,A005909,R03,profile_opened,2025-09-24 07:16
E0011590,A005909,R02,ai_score_viewed,2025-09-24 08:02
E0011591,A005910,R06,profile_opened,2025-11-06 15:52
E0011592,A005911,R04,profile_opened,2026-07-16 08:02
E0011593,A005912,R06,profile_opened,2026-03-24 04:08
E0011594,A005913,R04,profile_opened,2025-11-08 10:36
E0011595,A005913,R02,ai_score_viewed,2025-11-08 10:56
E0011596,A005914,R06,profile_opened,2026-01-07 13:20
E0011597,A005914,R03,shortlisted,2026-01-07 22:00
E0011598,A005915,R04,profile_opened,2026-05-29 07:09
E0011599,A005915,R04,shortlisted,2026-05-29 13:57
E0011600,A005916,R08,profile_opened,2025-11-03 07:11
E0011601,A005916,R06,shortlisted,2025-11-03 15:45
E0011602,A005917,R10,profile_opened,2026-06-22 13:13
E0011603,A005917,R04,ai_score_viewed,2026-06-22 13:28
E0011604,A005918,R05,profile_opened,2026-03-31 17:55
E0011605,A005918,R02,ai_score_viewed,2026-03-31 18:15
E0011606,A005919,R05,profile_opened,2026-02-04 00:05
E0011607,A005919,R03,ai_score_viewed,2026-02-04 00:33
E0011608,A005919,R02,shortlisted,2026-02-04 03:34
E0011609,A005920,R05,profile_opened,2025-10-21 10:17
E0011610,A005920,R05,shortlisted,2025-10-21 18:46
E0011611,A005921,R10,profile_opened,2025-12-06 06:12
E0011612,A005921,R02,ai_score_viewed,2025-12-06 06:44
E0011613,A005922,R02,profile_opened,2026-04-08 22:17
E0011614,A005922,R08,ai_score_viewed,2026-04-08 22:57
E0011615,A005922,R11,shortlisted,2026-04-09 04:29
E0011616,A005923,R04,profile_opened,2025-12-28 06:51
E0011617,A005924,R05,profile_opened,2026-02-01 13:37
E0011618,A005925,R01,profile_opened,2025-10-30 13:25
E0011619,A005925,R07,ai_score_viewed,2025-10-30 13:28
E0011620,A005926,R12,profile_opened,2026-04-29 06:45
E0011621,A005926,R07,ai_score_viewed,2026-04-29 07:32
E0011622,A005927,R12,profile_opened,2026-06-24 14:13
E0011623,A005927,R07,ai_score_viewed,2026-06-24 14:24
E0011624,A005928,R02,profile_opened,2025-09-26 11:15
E0011625,A005928,R07,ai_score_viewed,2025-09-26 11:57
E0011626,A005929,R09,profile_opened,2026-07-02 09:04
E0011627,A005930,R12,profile_opened,2026-02-01 19:38
E0011628,A005930,R09,ai_score_viewed,2026-02-01 20:22
E0011629,A005931,R10,profile_opened,2026-06-06 09:20
E0011630,A005931,R05,ai_score_viewed,2026-06-06 09:39
E0011631,A005931,R02,shortlisted,2026-06-06 14:42
E0011632,A005932,R01,profile_opened,2025-09-30 10:42
E0011633,A005932,R11,ai_score_viewed,2025-09-30 11:28
E0011634,A005933,R08,profile_opened,2025-10-30 13:46
E0011635,A005933,R02,ai_score_viewed,2025-10-30 13:47
E0011636,A005934,R10,profile_opened,2026-04-29 01:59
E0011637,A005935,R03,profile_opened,2026-03-25 18:54
E0011638,A005936,R06,profile_opened,2025-12-19 05:45
E0011639,A005936,R02,ai_score_viewed,2025-12-19 05:55
E0011640,A005936,R10,shortlisted,2025-12-19 10:56
E0011641,A005937,R06,profile_opened,2026-07-17 19:41
E0011642,A005938,R12,profile_opened,2025-11-07 23:47
E0011643,A005938,R01,ai_score_viewed,2025-11-08 00:44
E0011644,A005938,R01,shortlisted,2025-11-08 05:17
E0011645,A005939,R06,profile_opened,2026-03-17 09:02
E0011646,A005939,R07,ai_score_viewed,2026-03-17 10:01
E0011647,A005939,R04,shortlisted,2026-03-17 14:28
E0011648,A005940,R03,profile_opened,2025-12-26 06:42
E0011649,A005940,R04,ai_score_viewed,2025-12-26 07:03
E0011650,A005941,R09,profile_opened,2026-06-22 01:36
E0011651,A005942,R10,profile_opened,2026-06-21 02:45
E0011652,A005943,R10,profile_opened,2025-10-01 16:38
E0011653,A005944,R08,profile_opened,2025-12-22 08:08
E0011654,A005944,R11,ai_score_viewed,2025-12-22 08:27
E0011655,A005944,R09,shortlisted,2025-12-22 10:25
E0011656,A005945,R10,profile_opened,2026-03-27 21:02
E0011657,A005945,R09,ai_score_viewed,2026-03-27 21:42
E0011658,A005945,R12,shortlisted,2026-03-27 23:46
E0011659,A005946,R04,profile_opened,2025-12-05 04:09
E0011660,A005946,R04,ai_score_viewed,2025-12-05 05:02
E0011661,A005947,R06,profile_opened,2026-04-08 12:47
E0011662,A005947,R01,ai_score_viewed,2026-04-08 13:04
E0011663,A005947,R10,shortlisted,2026-04-08 19:25
E0011664,A005948,R02,profile_opened,2025-11-03 16:05
E0011665,A005949,R04,ai_score_viewed,2025-09-26 10:02
E0011666,A005950,R01,profile_opened,2026-01-07 04:52
E0011667,A005950,R06,ai_score_viewed,2026-01-07 05:29
E0011668,A005951,R11,profile_opened,2026-03-08 02:40
E0011669,A005951,R10,ai_score_viewed,2026-03-08 02:52
E0011670,A005952,R09,profile_opened,2026-04-03 22:10
E0011671,A005952,R06,ai_score_viewed,2026-04-03 22:40
E0011672,A005953,R05,ai_score_viewed,2025-11-26 07:42
E0011673,A005954,R03,profile_opened,2025-11-25 03:05
E0011674,A005954,R05,ai_score_viewed,2025-11-25 03:36
E0011675,A005955,R10,ai_score_viewed,2025-11-05 07:12
E0011676,A005956,R05,profile_opened,2026-06-13 02:03
E0011677,A005956,R06,shortlisted,2026-06-13 10:20
E0011678,A005957,R12,profile_opened,2026-05-13 18:42
E0011679,A005957,R05,ai_score_viewed,2026-05-13 19:20
E0011680,A005958,R12,profile_opened,2026-05-26 05:29
E0011681,A005958,R02,ai_score_viewed,2026-05-26 06:11
E0011682,A005959,R07,profile_opened,2025-10-23 05:10
E0011683,A005959,R10,ai_score_viewed,2025-10-23 05:26
E0011684,A005959,R06,shortlisted,2025-10-23 15:00
E0011685,A005960,R06,profile_opened,2025-10-28 18:13
E0011686,A005961,R05,profile_opened,2026-01-30 02:11
E0011687,A005961,R11,ai_score_viewed,2026-01-30 02:30
E0011688,A005962,R09,profile_opened,2026-05-28 11:46
E0011689,A005962,R12,ai_score_viewed,2026-05-28 12:02
E0011690,A005963,R10,profile_opened,2026-02-19 17:58
E0011691,A005963,R12,shortlisted,2026-02-19 21:10
E0011692,A005964,R05,profile_opened,2026-04-17 17:54
E0011693,A005964,R08,ai_score_viewed,2026-04-17 18:10
E0011694,A005964,R09,shortlisted,2026-04-18 02:00
E0011695,A005965,R03,profile_opened,2025-10-18 12:42
E0011696,A005965,R05,ai_score_viewed,2025-10-18 13:10
E0011697,A005965,R04,shortlisted,2025-10-18 19:30
E0011698,A005966,R08,profile_opened,2025-12-25 15:52
E0011699,A005966,R01,ai_score_viewed,2025-12-25 16:45
E0011700,A005968,R12,profile_opened,2025-12-27 14:11
E0011701,A005968,R08,shortlisted,2025-12-27 19:49
E0011702,A005969,R05,profile_opened,2025-09-15 05:11
E0011703,A005969,R09,shortlisted,2025-09-15 13:18
E0011704,A005970,R01,profile_opened,2026-05-06 14:50
E0011705,A005970,R04,ai_score_viewed,2026-05-06 15:17
E0011706,A005970,R04,shortlisted,2026-05-06 22:25
E0011707,A005971,R08,ai_score_viewed,2026-02-05 17:25
E0011708,A005972,R02,profile_opened,2025-11-16 00:49
E0011709,A005972,R05,shortlisted,2025-11-16 06:58
E0011710,A005973,R07,profile_opened,2026-02-21 16:58
E0011711,A005974,R09,profile_opened,2026-04-14 02:51
E0011712,A005975,R08,shortlisted,2026-03-25 05:12
E0011713,A005976,R09,profile_opened,2026-06-07 15:51
E0011714,A005976,R09,shortlisted,2026-06-07 19:53
E0011715,A005977,R10,ai_score_viewed,2025-11-14 17:36
E0011716,A005977,R09,shortlisted,2025-11-14 22:58
E0011717,A005978,R05,profile_opened,2026-03-03 04:49
E0011718,A005978,R03,ai_score_viewed,2026-03-03 05:33
E0011719,A005979,R08,profile_opened,2026-06-09 16:02
E0011720,A005979,R12,ai_score_viewed,2026-06-09 16:42
E0011721,A005980,R01,profile_opened,2026-05-16 13:48
E0011722,A005980,R02,shortlisted,2026-05-16 23:46
E0011723,A005981,R07,profile_opened,2026-02-28 19:41
E0011724,A005981,R04,ai_score_viewed,2026-02-28 20:32
E0011725,A005981,R04,shortlisted,2026-03-01 03:31
E0011726,A005982,R11,profile_opened,2026-05-21 07:14
E0011727,A005982,R06,shortlisted,2026-05-21 15:48
E0011728,A005983,R12,ai_score_viewed,2026-06-11 02:52
E0011729,A005984,R05,profile_opened,2025-11-08 04:18
E0011730,A005984,R02,ai_score_viewed,2025-11-08 04:55
E0011731,A005985,R11,profile_opened,2025-11-03 11:06
E0011732,A005986,R05,profile_opened,2026-05-21 22:40
E0011733,A005987,R02,profile_opened,2026-05-23 04:24
E0011734,A005987,R10,shortlisted,2026-05-23 12:58
E0011735,A005988,R03,profile_opened,2026-03-29 18:23
E0011736,A005989,R06,profile_opened,2026-07-08 05:36
E0011737,A005990,R10,profile_opened,2026-01-18 08:36
E0011738,A005990,R04,ai_score_viewed,2026-01-18 08:46
E0011739,A005990,R10,shortlisted,2026-01-18 16:27
E0011740,A005991,R02,profile_opened,2026-02-16 20:10
E0011741,A005991,R09,ai_score_viewed,2026-02-16 20:54
E0011742,A005992,R12,profile_opened,2026-06-17 21:57
E0011743,A005992,R01,ai_score_viewed,2026-06-17 22:22
E0011744,A005992,R08,shortlisted,2026-06-18 04:39
E0011745,A005993,R06,profile_opened,2026-03-13 21:30
E0011746,A005993,R08,ai_score_viewed,2026-03-13 22:05
E0011747,A005994,R06,profile_opened,2025-12-26 09:37
E0011748,A005994,R08,ai_score_viewed,2025-12-26 10:23
E0011749,A005995,R04,shortlisted,2026-07-08 06:42
E0011750,A005996,R06,shortlisted,2025-11-09 05:19
E0011751,A005997,R12,profile_opened,2025-12-14 21:09
E0011752,A005998,R06,ai_score_viewed,2026-07-08 22:55
E0011753,A005998,R10,shortlisted,2026-07-09 05:16
E0011754,A005999,R01,profile_opened,2025-12-27 12:31
E0011755,A005999,R06,ai_score_viewed,2025-12-27 13:30
E0011756,A006000,R05,profile_opened,2026-07-05 22:18
E0011757,A006000,R06,ai_score_viewed,2026-07-05 23:11
E0011758,A006000,R06,shortlisted,2026-07-06 06:54
